"_id"	"crash_ref_number"	"crash_severity"	"crash_year"	"crash_month"	"crash_day_of_week"	"crash_hour"	"crash_nature"	"crash_type"	"crash_longitude"	"crash_latitude"	"crash_street"	"crash_street_intersecting"	"state_road_name"	"loc_suburb"	"loc_local_government_area"	"crash_controlling_authority"	"crash_roadway_feature"	"crash_traffic_control"	"crash_speed_limit"	"crash_road_surface_condition"	"crash_atmospheric_condition"	"crash_lighting_condition"	"crash_road_horiz_align"	"crash_road_vert_align"	"crash_dca_code"	"crash_dca_description"	"crash_dca_group_description"	"dca_key_approach_dir"	"count_casualty_fatality"	"count_casualty_hospitalised"	"count_casualty_medicallytreated"	"count_casualty_minorinjury"	"count_casualty_total"	"count_unit_car"	"count_unit_motorcycle_moped"	"count_unit_truck"	"count_unit_bus"	"count_unit_bicycle"	"count_unit_pedestrian"	"count_unit_other"
199425	199425	Medical treatment	2025	May	Tuesday	14	Angle	Multi-Vehicle	153.036433039853	-27.4154554456693	Airport Link	Kedron Park Rd	East-West Arterial Road	Lutwyche	Brisbane City	State-controlled	Intersection - 5+ way	Operating traffic lights	"60 km/h"	Sealed - Dry	Clear	Daylight	Straight	Grade	203	Vehs Opposite Approach: Right-Left	"03: Opposing Vehicles Turning"	N	0	0	1	1	2	2	0	0	0	0	0	0
199461	199461	Hospitalisation	2025	January	Friday	7	Rear-end	Multi-Vehicle	152.934374027013	-27.6043584369326	Tile St	""	""	Wacol	Brisbane City	Locally-controlled	No Roadway Feature	No traffic control	"60 km/h"	Sealed - Dry	Clear	Daylight	Straight	Level	301	Vehs Same Direction: Rear End	"04: Rear-end"	E	0	1	0	0	1	2	0	1	0	0	0	0
199462	199462	Medical treatment	2025	May	Friday	17	Angle	Multi-Vehicle	153.069721028554	-27.4766944494988	Agnew St	Walker Ave	""	Seven Hills	Brisbane City	Locally-controlled	Intersection - Cross	Give way sign	"0 - 50 km/h"	Sealed - Wet	Raining	Darkness - Lighted	Curved - view open	Level	101	Vehs Adjacent Approach: Thru-Thru	"01: Intersection: Adjacent Approach"	S	0	0	1	0	1	2	0	0	0	0	0	0
199465	199465	Minor injury	2025	April	Friday	19	Head-on	Multi-Vehicle	153.024820034053	-27.471299444945	Elizabeth St	""	""	Brisbane City	Brisbane City	Locally-controlled	Bikeway	No traffic control	"0 - 50 km/h"	Sealed - Dry	Clear	Darkness - Lighted	Straight	Level	400	Vehs Manoeuvring: Other	"21: Other"	S	0	0	0	1	1	0	0	0	0	1	0	1
199507	199507	Hospitalisation	2025	January	Sunday	10	Angle	Multi-Vehicle	153.010791053186	-27.3313344424296	Gympie Arterial Rd	Linkfield Rd	Linkfield Connection Road	Bald Hills	Brisbane City	State-controlled	Intersection - Interchange	No traffic control	"60 km/h"	Sealed - Dry	Clear	Daylight	Straight	Grade	202	Vehs Opposite Approach: Thru-Right	"03: Opposing Vehicles Turning"	N	0	1	0	1	2	2	0	0	0	0	0	0
199513	199513	Hospitalisation	2025	June	Thursday	18	Hit object	Single Vehicle	153.039573201293	-27.5043748106878	South East Arterial Rd	""	South-East Arterial Road (Pacific Motorway)	Greenslopes	Brisbane City	State-controlled	Intersection - Interchange	No traffic control	"60 km/h"	Sealed - Dry	Clear	Darkness - Lighted	Curved - view open	Level	804	Off Path-Curve: Off Cway Lt Bend Hit Obj	"19: Off Carriageway on Curve Hit Object"	S	0	1	0	0	1	0	1	0	0	0	0	0
199514	199514	Minor injury	2025	June	Friday	15	Hit pedestrian	Hit pedestrian	152.96716903176	-27.5386284396964	Fig Tree Pocket Rd	""	""	Fig Tree Pocket	Brisbane City	Locally-controlled	No Roadway Feature	No traffic control	"0 - 50 km/h"	Sealed - Dry	Clear	Daylight	Straight	Level	5	Pedn: Hit Walking With Traffic	"12: Pedestrian"	N	0	0	0	1	1	1	0	0	0	0	1	0
199518	199518	Hospitalisation	2025	April	Friday	21	Hit parked vehicle	Single Vehicle	153.035491033127	-27.4695654460027	Main St	""	""	Kangaroo Point	Brisbane City	Locally-controlled	No Roadway Feature	No traffic control	"0 - 50 km/h"	Sealed - Dry	Clear	Darkness - Lighted	Straight	Level	601	Vehs On Path: Parked	"10: Hit Parked Vehicle"	S	0	1	0	0	1	1	0	0	0	0	0	1
199544	199544	Hospitalisation	2025	May	Friday	7	Fall from vehicle	Single Vehicle	153.007491034868	-27.4795884432716	Hardgrave Rd	Scott St	""	West End	Brisbane City	Locally-controlled	Intersection - T-Junction	Pedestrian crossing sign	"0 - 50 km/h"	Sealed - Dry	Clear	Daylight	Straight	Level	705	Off Path-Straight: Out Of Control On Cway	"17: Out of Control on Straight"	N	0	1	0	0	1	0	1	0	0	0	0	0
199691	199691	Medical treatment	2025	April	Sunday	11	Rear-end	Multi-Vehicle	153.022594047732	-27.3646684438779	Robinson Rd W	Wilmah St	""	Aspley	Brisbane City	Locally-controlled	Intersection - T-Junction	No traffic control	"60 km/h"	Sealed - Dry	Clear	Daylight	Straight	Grade	303	Vehs Same Direction: Right Rear	"04: Rear-end"	W	0	0	1	0	1	1	1	0	0	0	0	0
199699	199699	Minor injury	2025	April	Monday	20	Rear-end	Multi-Vehicle	152.991583035687	-27.4866444417321	High St	""	""	Toowong	Brisbane City	Locally-controlled	No Roadway Feature	No traffic control	"0 - 50 km/h"	Sealed - Wet	Raining	Darkness - Lighted	Straight	Level	301	Vehs Same Direction: Rear End	"04: Rear-end"	S	0	0	0	1	1	3	0	0	0	0	0	0
199709	199709	Minor injury	2025	February	Saturday	11	Rear-end	Multi-Vehicle	153.016953042571	-27.410429443674	Stafford Rd	Webster Rd	East-West Arterial Road	Stafford	Brisbane City	State-controlled	Intersection - Cross	Operating traffic lights	"60 km/h"	Sealed - Dry	Clear	Daylight	Straight	Level	301	Vehs Same Direction: Rear End	"04: Rear-end"	S	0	0	0	1	1	2	0	0	0	0	0	0
199717	199717	Medical treatment	2025	February	Tuesday	7	Rear-end	Multi-Vehicle	153.019749036368	-27.4572654443251	Inner City Bypass	""	""	Kelvin Grove	Brisbane City	Locally-controlled	No Roadway Feature	No traffic control	"60 km/h"	Sealed - Dry	Clear	Daylight	Curved - view open	Level	305	Vehs Same Direction: Lane Side Swipe	"05: Lane Change"	W	0	0	1	0	1	1	1	0	0	0	0	0
199720	199720	Medical treatment	2025	March	Monday	15	Angle	Multi-Vehicle	153.06849102683	-27.4913734494912	Old Cleveland Rd	Pinecroft St	""	Camp Hill	Brisbane City	Locally-controlled	Intersection - T-Junction	Give way sign	"70 km/h"	Sealed - Wet	Clear	Daylight	Curved - view open	Level	104	Vehs Adjacent Approach: Thru-Right	"01: Intersection: Adjacent Approach"	E	0	0	1	0	1	2	0	0	0	0	0	0
199725	199725	Hospitalisation	2025	March	Sunday	10	Angle	Multi-Vehicle	153.090142014365	-27.5714534523018	Logan Rd	South East Arterial Rd	Logan Sub-Arterial Road	Eight Mile Plains	Brisbane City	State-controlled	Intersection - Cross	Operating traffic lights	"70 km/h"	Sealed - Dry	Clear	Daylight	Straight	Grade	408	Vehs Manoeuvring: Entering From Footway	"08: Vehicle Leaving Driveway"	S	0	1	0	0	1	1	0	0	0	1	0	0
199728	199728	Medical treatment	2025	March	Monday	12	Angle	Multi-Vehicle	153.00640603514	-27.478354443153	Jane St	Montague Rd	""	West End	Brisbane City	Locally-controlled	Intersection - Cross	Operating traffic lights	"0 - 50 km/h"	Sealed - Dry	Clear	Daylight	Straight	Level	104	Vehs Adjacent Approach: Thru-Right	"01: Intersection: Adjacent Approach"	S	0	0	1	0	1	1	1	0	0	0	0	0
199733	199733	Hospitalisation	2025	March	Friday	22	Angle	Multi-Vehicle	153.069407033497	-27.43784444916	Kingsford Smith Dr	""	""	Hamilton	Brisbane City	Locally-controlled	No Roadway Feature	No traffic control	"60 km/h"	Sealed - Wet	Raining	Darkness - Lighted	Straight	Level	400	Vehs Manoeuvring: Other	"21: Other"	""	0	1	0	0	1	1	0	0	0	0	0	1
199735	199735	Minor injury	2025	March	Monday	18	Rear-end	Multi-Vehicle	153.097201020441	-27.517490452586	Creek Rd	Pine Mountain Rd	""	Carina Heights	Brisbane City	Locally-controlled	Intersection - Cross	Operating traffic lights	"60 km/h"	Sealed - Wet	Raining	Dawn/Dusk	Straight	Grade	303	Vehs Same Direction: Right Rear	"04: Rear-end"	N	0	0	0	1	1	2	0	0	0	0	0	0
199741	199741	Medical treatment	2025	March	Friday	8	Angle	Multi-Vehicle	153.084931012555	-27.5901624519251	Underwood Rd	Warrigal Rd	""	Eight Mile Plains	Brisbane City	Locally-controlled	Intersection - T-Junction	Give way sign	"60 km/h"	Sealed - Dry	Clear	Daylight	Straight	Level	107	Vehs Adjacent Approach: Thru-Left	"01: Intersection: Adjacent Approach"	S	0	0	1	0	1	2	0	0	0	0	0	0
199747	199747	Medical treatment	2025	March	Saturday	9	Hit object	Single Vehicle	153.082491038072	-27.3905324501016	Nudgee Rd	Raubers Rd	""	Banyo	Brisbane City	Locally-controlled	Intersection - T-Junction	No traffic control	"60 km/h"	Sealed - Dry	Clear	Daylight	Curved - view open	Level	803	Off Path-Curve: Off Cway Rt Bend Hit Obj	"19: Off Carriageway on Curve Hit Object"	N	0	0	1	0	1	1	0	0	0	0	0	0
199750	199750	Hospitalisation	2025	March	Saturday	12	Hit parked vehicle	Single Vehicle	153.071574033885	-27.432930449339	Nudgee Rd	""	""	Hamilton	Brisbane City	Locally-controlled	No Roadway Feature	No traffic control	"60 km/h"	Sealed - Dry	Clear	Daylight	Straight	Level	400	Vehs Manoeuvring: Other	"21: Other"	""	0	1	0	0	1	1	0	0	0	1	0	0
199754	199754	Hospitalisation	2025	March	Saturday	17	Angle	Multi-Vehicle	152.979195022968	-27.5980444413702	Inala Ave	Swallow St	""	Inala	Brisbane City	Locally-controlled	Intersection - T-Junction	No traffic control	"60 km/h"	Sealed - Dry	Clear	Daylight	Straight	Grade	202	Vehs Opposite Approach: Thru-Right	"03: Opposing Vehicles Turning"	E	0	1	0	0	1	1	1	0	0	0	0	0
199755	199755	Minor injury	2025	March	Friday	6	Sideswipe	Multi-Vehicle	153.006157034105	-27.4867784431947	Dornoch Tce	Ganges St	""	West End	Brisbane City	Locally-controlled	Intersection - T-Junction	No traffic control	"0 - 50 km/h"	Sealed - Dry	Clear	Dawn/Dusk	Curved - view open	Level	305	Vehs Same Direction: Lane Side Swipe	"05: Lane Change"	W	0	0	0	1	1	1	0	0	0	1	0	0
199757	199757	Hospitalisation	2025	March	Sunday	9	Angle	Multi-Vehicle	153.047870040237	-27.4027084467173	Huet St	Shaw Rd	""	Wavell Heights	Brisbane City	Locally-controlled	Intersection - Cross	No traffic control	"0 - 50 km/h"	Sealed - Dry	Clear	Daylight	Straight	Level	202	Vehs Opposite Approach: Thru-Right	"03: Opposing Vehicles Turning"	N	0	1	0	0	1	1	0	0	0	1	0	0
199762	199762	Medical treatment	2025	March	Monday	11	Hit pedestrian	Hit pedestrian	153.022056035466	-27.4624574445977	Downing St	""	""	Spring Hill	Brisbane City	Locally-controlled	No Roadway Feature	No traffic control	"0 - 50 km/h"	Sealed - Dry	Clear	Daylight	Straight	Grade	4	Pedn: Play; Work; Stand; Lie On Cway	"12: Pedestrian"	N	0	0	1	0	1	2	0	0	0	0	1	0
199764	199764	Medical treatment	2025	March	Friday	12	Rear-end	Multi-Vehicle	153.039118028236	-27.5052194466488	South East Arterial Rd	""	South-East Arterial Road (Pacific Motorway)	Greenslopes	Brisbane City	State-controlled	No Roadway Feature	No traffic control	"100 - 110 km/h"	Sealed - Dry	Clear	Daylight	Straight	Level	301	Vehs Same Direction: Rear End	"04: Rear-end"	S	0	0	1	0	1	2	0	0	0	0	0	0
199765	199765	Minor injury	2025	March	Saturday	10	Rear-end	Multi-Vehicle	152.975945038304	-27.4792044401061	Western Arterial Rd	""	Centenary Motorway (Ellen Grove - Toowong)	Mount Coot-tha	Brisbane City	State-controlled	No Roadway Feature	No traffic control	"60 km/h"	Sealed - Wet	Raining	Daylight	Straight	Grade	301	Vehs Same Direction: Rear End	"04: Rear-end"	N	0	0	0	2	2	2	0	0	0	0	0	0
199938	199938	Hospitalisation	2025	March	Sunday	0	Angle	Multi-Vehicle	152.979385027172	-27.564572441125	Bannerman St	Oxley Rd	""	Oxley	Brisbane City	Locally-controlled	Intersection - T-Junction	No traffic control	"60 km/h"	Sealed - Dry	Clear	Darkness - Lighted	Straight	Level	308	Vehs Same Direction: Right Turn S/Swipe	"06: Parallel Lanes Turning"	N	0	1	0	0	1	1	0	0	0	0	0	1
199943	199943	Hospitalisation	2025	March	Wednesday	23	Hit object	Single Vehicle	153.144038016562	-27.5084014572334	Old Cleveland Rd	""	Cleveland Sub-Arterial Road	Chandler	Brisbane City	State-controlled	No Roadway Feature	No traffic control	"80 - 90 km/h"	Sealed - Wet	Raining	Darkness - Not lighted	Straight	Level	703	Off Path-Straight: Left Off Cway Hit Obj	"16: Off Carriageway on Straight Hit Object"	E	0	1	0	0	1	1	0	0	0	0	0	0
199951	199951	Medical treatment	2025	April	Monday	16	Hit pedestrian	Hit pedestrian	152.947680045713	-27.444432437001	Waterworks Rd	""	""	The Gap	Brisbane City	Locally-controlled	No Roadway Feature	No traffic control	"60 km/h"	Sealed - Dry	Clear	Daylight	Straight	Level	3	Pedn: Far Side Vehicle Hit From Left	"12: Pedestrian"	W	0	0	1	0	1	1	1	0	0	0	1	0
199968	199968	Hospitalisation	2025	May	Saturday	18	Rear-end	Multi-Vehicle	153.044745026354	-27.5153244472938	Pacific Hwy	""	South-East Arterial Road (Pacific Motorway)	Greenslopes	Brisbane City	State-controlled	No Roadway Feature	No traffic control	"100 - 110 km/h"	Sealed - Wet	Raining	Darkness - Lighted	Straight	Level	301	Vehs Same Direction: Rear End	"04: Rear-end"	N	0	1	0	1	2	4	0	0	0	0	0	0
199976	199976	Hospitalisation	2025	May	Sunday	21	Hit parked vehicle	Single Vehicle	153.031371051273	-27.3291024444773	Enbrook St	""	""	Bracken Ridge	Brisbane City	Locally-controlled	No Roadway Feature	No traffic control	"0 - 50 km/h"	Sealed - Wet	Raining	Darkness - Lighted	Straight	Level	601	Vehs On Path: Parked	"10: Hit Parked Vehicle"	E	0	1	0	0	1	3	0	0	0	0	0	0
199981	199981	Medical treatment	2025	May	Monday	9	Angle	Multi-Vehicle	152.946951026487	-27.5977584381389	Centenary Hwy	Progress Rd	Centenary Motorway (Ellen Grove - Toowong)	Richlands	Brisbane City	State-controlled	Intersection - T-Junction	Operating traffic lights	"60 km/h"	Sealed - Dry	Clear	Daylight	Straight	Level	202	Vehs Opposite Approach: Thru-Right	"03: Opposing Vehicles Turning"	W	0	0	1	0	1	1	1	0	0	0	0	0
199986	199986	Medical treatment	2025	May	Saturday	18	Angle	Multi-Vehicle	153.061360032618	-27.45162844846	Cambridge St	Oxford St	""	Bulimba	Brisbane City	Locally-controlled	No Roadway Feature	No traffic control	"0 - 50 km/h"	Sealed - Dry	Raining	Dawn/Dusk	Straight	Level	102	Vehs Adjacent Approach: Right-Thru	"01: Intersection: Adjacent Approach"	N	0	0	1	1	2	2	0	0	0	0	0	0
199988	199988	Hospitalisation	2025	May	Tuesday	16	Rear-end	Multi-Vehicle	153.08832602763	-27.4682164513033	Wynnum Rd	""	""	Cannon Hill	Brisbane City	Locally-controlled	No Roadway Feature	No traffic control	"70 km/h"	Sealed - Dry	Clear	Dawn/Dusk	Straight	Grade	301	Vehs Same Direction: Rear End	"04: Rear-end"	E	0	1	0	0	1	2	0	0	0	0	0	0
199989	199989	Medical treatment	2025	May	Tuesday	6	Rear-end	Multi-Vehicle	153.018485035122	-27.4682164442848	North Quay	South East Arterial Rd	South-East Arterial Road (Pacific Motorway)	Brisbane City	Brisbane City	State-controlled	Intersection - Interchange	Operating traffic lights	"60 km/h"	Sealed - Dry	Clear	Daylight	Straight	Level	301	Vehs Same Direction: Rear End	"04: Rear-end"	E	0	0	1	0	1	2	0	0	0	0	0	0
200001	200001	Minor injury	2025	January	Saturday	21	Sideswipe	Multi-Vehicle	153.029165033675	-27.4706024453757	Edward St	Mary St	""	Brisbane City	Brisbane City	Locally-controlled	Intersection - Cross	Operating traffic lights	"0 - 50 km/h"	Sealed - Dry	Clear	Darkness - Lighted	Straight	Level	101	Vehs Adjacent Approach: Thru-Thru	"01: Intersection: Adjacent Approach"	N	0	0	0	2	2	4	0	0	0	0	0	0
200002	200002	Minor injury	2025	January	Sunday	9	Rear-end	Multi-Vehicle	153.083192011526	-27.5997594518259	Warrigal Rd	""	""	Runcorn	Brisbane City	Locally-controlled	Railway Crossing	Railway - lights and boom gate	"60 km/h"	Sealed - Dry	Clear	Darkness - Lighted	Straight	Level	301	Vehs Same Direction: Rear End	"04: Rear-end"	S	0	0	0	3	3	2	0	0	0	0	0	0
200019	200019	Minor injury	2025	January	Tuesday	14	Angle	Multi-Vehicle	153.157906024	-27.4380134580756	Radius St	Wynnum North Rd	""	Wynnum	Brisbane City	Locally-controlled	Intersection - T-Junction	Give way sign	"60 km/h"	Sealed - Dry	Clear	Daylight	Straight	Dip	104	Vehs Adjacent Approach: Thru-Right	"01: Intersection: Adjacent Approach"	N	0	0	0	1	1	2	0	0	0	0	0	0
200026	200026	Minor injury	2025	January	Tuesday	15	Angle	Multi-Vehicle	152.979546039852	-27.4638454403455	Leworthy St	Sixth Ave	""	Bardon	Brisbane City	Locally-controlled	Intersection - Cross	Give way sign	"0 - 50 km/h"	Sealed - Dry	Clear	Daylight	Curved - view open	Dip	202	Vehs Opposite Approach: Thru-Right	"03: Opposing Vehicles Turning"	S	0	0	0	1	1	2	0	0	0	0	0	0
200027	200027	Minor injury	2025	June	Tuesday	10	Angle	Multi-Vehicle	153.134382022416	-27.4704004559593	Hemmant Tingalpa Rd	Wynnum Rd	""	Tingalpa	Brisbane City	Locally-controlled	Intersection - Cross	No traffic control	"60 km/h"	Sealed - Dry	Clear	Daylight	Straight	Level	202	Vehs Opposite Approach: Thru-Right	"03: Opposing Vehicles Turning"	S	0	0	0	1	1	2	0	0	0	0	0	0
200089	200089	Minor injury	2025	April	Tuesday	0	Angle	Multi-Vehicle	153.01875004013	-27.4282724439955	Hawdon St	Kedron Brook Rd	""	Wilston	Brisbane City	Locally-controlled	Intersection - T-Junction	Give way sign	"0 - 50 km/h"	Sealed - Dry	Clear	Darkness - Lighted	Straight	Level	100	Vehs Adjacent Approach: Other	"01: Intersection: Adjacent Approach"	""	0	0	0	1	1	2	0	0	0	0	0	0
200091	200091	Minor injury	2025	April	Wednesday	15	Angle	Multi-Vehicle	152.965755025783	-27.5872354399385	Eugenia St	Littleton Rd	""	Inala	Brisbane City	Locally-controlled	Intersection - Cross	Give way sign	"0 - 50 km/h"	Sealed - Dry	Clear	Daylight	Straight	Level	101	Vehs Adjacent Approach: Thru-Thru	"01: Intersection: Adjacent Approach"	N	0	0	0	2	2	2	0	0	0	0	0	0
200094	200094	Hospitalisation	2025	April	Thursday	1	Hit parked vehicle	Single Vehicle	153.11489201981	-27.5074674542883	Scrub Rd	""	""	Carindale	Brisbane City	Locally-controlled	No Roadway Feature	No traffic control	"60 km/h"	Sealed - Dry	Clear	Darkness - Lighted	Straight	Grade	601	Vehs On Path: Parked	"10: Hit Parked Vehicle"	N	0	1	0	0	1	2	0	0	0	0	0	0
200095	200095	Hospitalisation	2025	April	Thursday	5	Hit parked vehicle	Single Vehicle	152.885942040033	-27.5424394316041	Mount Crosby Rd	""	Mount Crosby Road	Anstead	Brisbane City	State-controlled	No Roadway Feature	No traffic control	"60 km/h"	Sealed - Dry	Clear	Dawn/Dusk	Curved - view open	Dip	601	Vehs On Path: Parked	"10: Hit Parked Vehicle"	N	0	1	0	0	1	2	0	0	0	0	0	0
200097	200097	Hospitalisation	2025	April	Thursday	6	Hit object	Single Vehicle	153.184134011091	-27.5175754613527	Caradoc St	Old Cleveland Rd	Cleveland Sub-Arterial Road	Chandler	Brisbane City	State-controlled	Intersection - T-Junction	No traffic control	"60 km/h"	Sealed - Dry	Clear	Daylight	Straight	Level	703	Off Path-Straight: Left Off Cway Hit Obj	"16: Off Carriageway on Straight Hit Object"	E	0	1	0	0	1	1	0	0	0	0	0	0
200112	200112	Hospitalisation	2025	March	Friday	7	Angle	Multi-Vehicle	153.058226026154	-27.5054404485704	Chatsworth Rd	Lade St	""	Coorparoo	Brisbane City	Locally-controlled	Intersection - T-Junction	No traffic control	"0 - 50 km/h"	Sealed - Wet	Raining	Daylight	Straight	Level	202	Vehs Opposite Approach: Thru-Right	"03: Opposing Vehicles Turning"	E	0	1	0	0	1	1	1	0	0	0	0	0
200120	200120	Medical treatment	2025	April	Wednesday	17	Rear-end	Multi-Vehicle	153.058417022285	-27.5358804488301	Pacific Hwy	""	South-East Arterial Road (Pacific Motorway)	Holland Park West	Brisbane City	State-controlled	No Roadway Feature	No traffic control	"100 - 110 km/h"	Sealed - Wet	Raining	Darkness - Not lighted	Straight	Level	301	Vehs Same Direction: Rear End	"04: Rear-end"	N	0	0	1	0	1	3	0	0	0	0	0	0
200121	200121	Hospitalisation	2025	April	Wednesday	17	Rear-end	Multi-Vehicle	152.95818186787	-27.5850998391633	Archerfield Rd	Brentford Rd	""	Richlands	Brisbane City	Locally-controlled	Intersection - T-Junction	No traffic control	"60 km/h"	Sealed - Wet	Raining	Dawn/Dusk	Straight	Grade	303	Vehs Same Direction: Right Rear	"04: Rear-end"	W	0	1	0	0	1	2	0	0	0	0	0	0
200122	200122	Hospitalisation	2025	April	Wednesday	18	Rear-end	Multi-Vehicle	153.058167022426	-27.5349734487978	Pacific Hwy	""	South-East Arterial Road (Pacific Motorway)	Holland Park West	Brisbane City	State-controlled	No Roadway Feature	No traffic control	"100 - 110 km/h"	Sealed - Wet	Raining	Darkness - Not lighted	Straight	Level	301	Vehs Same Direction: Rear End	"04: Rear-end"	W	0	1	0	0	1	2	0	0	0	0	0	0
200125	200125	Minor injury	2025	April	Wednesday	16	Rear-end	Multi-Vehicle	153.038212018312	-27.5844924471838	Bradman St	""	""	Acacia Ridge	Brisbane City	Locally-controlled	No Roadway Feature	No traffic control	"60 km/h"	Sealed - Wet	Raining	Daylight	Straight	Level	301	Vehs Same Direction: Rear End	"04: Rear-end"	N	0	0	0	1	1	2	0	0	0	0	0	0
200126	200126	Minor injury	2025	April	Wednesday	17	Angle	Multi-Vehicle	153.041269028105	-27.5044234468585	Juliette St	""	""	Greenslopes	Brisbane City	Locally-controlled	No Roadway Feature	No traffic control	"60 km/h"	Sealed - Wet	Raining	Daylight	Straight	Level	307	Vehs Same Direction: Lane Change Left	"05: Lane Change"	W	0	0	0	1	1	2	0	0	0	0	0	0
200130	200130	Hospitalisation	2025	April	Thursday	14	Angle	Multi-Vehicle	153.010791053186	-27.3313344424296	Gympie Arterial Rd	Linkfield Rd	Linkfield Connection Road	Bald Hills	Brisbane City	State-controlled	Intersection - Interchange	No traffic control	"60 km/h"	Sealed - Dry	Clear	Daylight	Straight	Grade	202	Vehs Opposite Approach: Thru-Right	"03: Opposing Vehicles Turning"	W	0	1	0	0	1	2	0	0	0	0	0	0
200132	200132	Hospitalisation	2025	April	Thursday	3	Angle	Multi-Vehicle	152.99576303593	-27.4811544421078	Land St	""	""	Toowong	Brisbane City	Locally-controlled	No Roadway Feature	No traffic control	"0 - 50 km/h"	Sealed - Dry	Clear	Daylight	Straight	Level	408	Vehs Manoeuvring: Entering From Footway	"08: Vehicle Leaving Driveway"	""	0	1	0	0	1	1	0	0	0	0	0	1
200137	200137	Medical treatment	2025	March	Friday	5	Rear-end	Multi-Vehicle	153.06258201635	-27.579229449591	Lister St	Mains Rd	""	Sunnybank	Brisbane City	Locally-controlled	Intersection - Cross	Operating traffic lights	"60 km/h"	Sealed - Wet	Clear	Dawn/Dusk	Straight	Level	301	Vehs Same Direction: Rear End	"04: Rear-end"	N	0	0	1	0	1	2	0	0	0	0	0	0
200138	200138	Minor injury	2025	March	Sunday	3	Rear-end	Multi-Vehicle	153.021501034464	-27.4708694446085	Pacific Hwy	""	South-East Arterial Road (Pacific Motorway)	Brisbane City	Brisbane City	State-controlled	No Roadway Feature	No traffic control	"60 km/h"	Sealed - Wet	Clear	Darkness - Lighted	Straight	Level	301	Vehs Same Direction: Rear End	"04: Rear-end"	S	0	0	0	1	1	2	0	0	0	0	0	0
200141	200141	Minor injury	2025	April	Tuesday	8	Rear-end	Multi-Vehicle	153.031710034511	-27.4618164455618	Ann St	Queen St	""	Fortitude Valley	Brisbane City	Locally-controlled	Intersection - Cross	Operating traffic lights	"60 km/h"	Sealed - Dry	Clear	Darkness - Lighted	Straight	Level	301	Vehs Same Direction: Rear End	"04: Rear-end"	S	0	0	0	1	1	2	0	0	0	0	0	0
200354	200354	Minor injury	2025	April	Sunday	7	Angle	Multi-Vehicle	152.993915040629	-27.4454384416402	Ashgrove Ave	Waterworks Rd	""	Ashgrove	Brisbane City	Locally-controlled	Intersection - T-Junction	Operating traffic lights	"60 km/h"	Sealed - Dry	Clear	Daylight	Curved - view open	Level	202	Vehs Opposite Approach: Thru-Right	"03: Opposing Vehicles Turning"	W	0	0	0	1	1	2	0	0	0	0	0	0
200425	200425	Medical treatment	2025	January	Tuesday	14	Sideswipe	Multi-Vehicle	153.015433035544	-27.4674694439726	Coronation Dr	""	South-East Arterial Road (Pacific Motorway)	Brisbane City	Brisbane City	State-controlled	No Roadway Feature	No traffic control	"60 km/h"	Sealed - Dry	Clear	Daylight	Straight	Level	306	Vehs Same Direction: Lane Change Right	"05: Lane Change"	W	0	0	1	0	1	2	0	0	0	0	0	0
200462	200462	Medical treatment	2025	January	Tuesday	21	Angle	Multi-Vehicle	153.036596039855	-27.4153034456845	Kedron Park Rd	Lutwyche Rd	East-West Arterial Road	Kedron	Brisbane City	State-controlled	Intersection - 5+ way	Operating traffic lights	"60 km/h"	Sealed - Dry	Clear	Darkness - Lighted	Curved - view open	Level	100	Vehs Adjacent Approach: Other	"01: Intersection: Adjacent Approach"	N	0	0	1	1	2	2	0	0	0	0	0	0
200468	200468	Medical treatment	2025	January	Thursday	18	Head-on	Multi-Vehicle	153.08129001678	-27.55991645132	Kessels Rd	Logan Rd	Redland Sub-Arterial Road	Upper Mount Gravatt	Brisbane City	State-controlled	Intersection - Cross	Operating traffic lights	"60 km/h"	Sealed - Dry	Clear	Daylight	Straight	Level	201	Vehs Opposite Approach: Head On	"02: Head-on"	N	0	0	1	0	1	3	0	0	0	0	0	0
200470	200470	Minor injury	2025	January	Saturday	23	Angle	Multi-Vehicle	152.979997026893	-27.5662604411997	Blunder Rd	Oxley Rd	Cunningham Arterial Road (Ipswich Motorway)	Oxley	Brisbane City	State-controlled	Intersection - Roundabout	Give way sign	"60 km/h"	Sealed - Dry	Clear	Darkness - Lighted	Curved - view open	Grade	101	Vehs Adjacent Approach: Thru-Thru	"01: Intersection: Adjacent Approach"	W	0	0	0	4	4	2	0	0	0	0	0	0
200507	200507	Minor injury	2025	May	Thursday	8	Fall from vehicle	Single Vehicle	153.079112037265	-27.3997884498349	Gateway Arterial Rd	Southern Cross Wy	Southern Cross Way	Northgate	Brisbane City	State-controlled	Intersection - Roundabout	No traffic control	"60 km/h"	Sealed - Dry	Clear	Daylight	Curved - view open	Level	305	Vehs Same Direction: Lane Side Swipe	"05: Lane Change"	E	0	0	0	1	1	1	1	0	0	0	0	0
200529	200529	Medical treatment	2025	March	Thursday	10	Angle	Multi-Vehicle	152.982285025352	-27.5765174415099	Blunder Rd	Freeman Rd	""	Durack	Brisbane City	Locally-controlled	Intersection - Cross	Operating traffic lights	"70 km/h"	Sealed - Wet	Raining	Daylight	Straight	Level	104	Vehs Adjacent Approach: Thru-Right	"01: Intersection: Adjacent Approach"	N	0	0	1	0	1	1	0	1	0	0	0	0
200533	200533	Hospitalisation	2025	February	Friday	12	Hit parked vehicle	Single Vehicle	152.945010031332	-27.5609804376545	Westcombe St	""	""	Darra	Brisbane City	Locally-controlled	No Roadway Feature	No traffic control	"60 km/h"	Sealed - Dry	Clear	Daylight	Straight	Grade	601	Vehs On Path: Parked	"10: Hit Parked Vehicle"	W	0	1	0	0	1	1	0	1	0	0	0	0
200540	200540	Minor injury	2025	February	Friday	16	Rear-end	Multi-Vehicle	152.990327046015	-27.4057074409662	Mcilwraith St	South Pine Rd	Everton Park - Albany Creek Road	Everton Park	Brisbane City	State-controlled	Intersection - T-Junction	No traffic control	"60 km/h"	Sealed - Dry	Clear	Daylight	Straight	Level	301	Vehs Same Direction: Rear End	"04: Rear-end"	S	0	0	0	1	1	2	0	0	0	0	0	0
200542	200542	Hospitalisation	2025	March	Monday	11	Hit pedestrian	Hit pedestrian	153.033471034851	-27.4576204457054	Wickham St	""	""	Fortitude Valley	Brisbane City	Locally-controlled	No Roadway Feature	No traffic control	"60 km/h"	Sealed - Dry	Clear	Daylight	Straight	Level	3	Pedn: Far Side Vehicle Hit From Left	"12: Pedestrian"	N	0	1	0	0	1	1	0	0	0	0	1	0
200551	200551	Hospitalisation	2025	March	Monday	19	Hit pedestrian	Hit pedestrian	153.080049016476	-27.5633684512224	Macgregor St	""	""	Macgregor	Brisbane City	Locally-controlled	No Roadway Feature	Pedestrian crossing sign	"0 - 50 km/h"	Sealed - Dry	Clear	Darkness - Lighted	Straight	Grade	1	Pedn: Near Side Vehicle Hit From Right	"12: Pedestrian"	E	0	1	0	0	1	1	0	0	0	0	2	0
200553	200553	Hospitalisation	2025	March	Tuesday	5	Hit object	Single Vehicle	152.968532026471	-27.5794094401549	Freeman Rd	""	""	Inala	Brisbane City	Locally-controlled	No Roadway Feature	No traffic control	"0 - 50 km/h"	Sealed - Dry	Clear	Dawn/Dusk	Straight	Grade	703	Off Path-Straight: Left Off Cway Hit Obj	"16: Off Carriageway on Straight Hit Object"	S	0	1	0	0	1	0	0	1	0	0	0	0
200591	200591	Hospitalisation	2025	April	Monday	12	Rear-end	Multi-Vehicle	153.010405052672	-27.3357514424258	Gympie Arterial Rd	""	Gympie Arterial Road	Carseldine	Brisbane City	State-controlled	No Roadway Feature	No traffic control	"100 - 110 km/h"	Sealed - Dry	Clear	Daylight	Straight	Level	301	Vehs Same Direction: Rear End	"04: Rear-end"	S	0	1	1	3	5	4	0	1	0	0	0	0
200593	200593	Hospitalisation	2025	February	Friday	19	Rear-end	Multi-Vehicle	152.999367036836	-27.4708964423881	Milton Rd	""	""	Auchenflower	Brisbane City	Locally-controlled	No Roadway Feature	No traffic control	"60 km/h"	Sealed - Dry	Clear	Darkness - Lighted	Straight	Grade	301	Vehs Same Direction: Rear End	"04: Rear-end"	N	0	1	0	0	1	1	1	0	0	0	0	0
200604	200604	Medical treatment	2025	January	Thursday	13	Rear-end	Multi-Vehicle	153.022708055296	-27.3044614434125	Gateway Arterial Rd	""	Gateway Arterial Road (Gateway Motorway - North)	Bald Hills	Brisbane City	State-controlled	No Roadway Feature	No traffic control	"80 - 90 km/h"	Sealed - Dry	Clear	Daylight	Straight	Level	301	Vehs Same Direction: Rear End	"04: Rear-end"	W	0	0	2	0	2	2	0	0	0	0	0	0
200613	200613	Medical treatment	2025	January	Monday	8	Angle	Multi-Vehicle	152.943656031495	-27.5608394375179	Gravel Pit Rd	Sumners Rd	""	Darra	Brisbane City	Locally-controlled	Intersection - T-Junction	Give way sign	"60 km/h"	Sealed - Dry	Clear	Daylight	Curved - view open	Grade	104	Vehs Adjacent Approach: Thru-Right	"01: Intersection: Adjacent Approach"	W	0	0	1	0	1	0	0	0	0	0	0	2
200614	200614	Hospitalisation	2025	January	Monday	8	Angle	Multi-Vehicle	153.073992038483	-27.3944724492779	Lang Tce	Toombul Rd	""	Northgate	Brisbane City	Locally-controlled	Intersection - T-Junction	Give way sign	"60 km/h"	Sealed - Dry	Clear	Daylight	Straight	Level	104	Vehs Adjacent Approach: Thru-Right	"01: Intersection: Adjacent Approach"	E	0	1	0	0	1	2	0	0	0	0	0	0
200618	200618	Hospitalisation	2025	January	Thursday	12	Hit object	Single Vehicle	153.029031031806	-27.4855274454802	Annerley Rd	Stanley St	""	South Brisbane	Brisbane City	Locally-controlled	Intersection - T-Junction	Operating traffic lights	"0 - 50 km/h"	Sealed - Dry	Clear	Daylight	Straight	Level	700	Off Path-Straight: Other	"21: Other"	N	0	1	0	0	1	1	0	0	0	0	0	0
200623	200623	Hospitalisation	2025	January	Thursday	14	Angle	Multi-Vehicle	153.03864803548	-27.4482394461511	Montpelier Rd	""	""	Bowen Hills	Brisbane City	Locally-controlled	No Roadway Feature	No traffic control	"60 km/h"	Sealed - Dry	Clear	Daylight	Straight	Grade	202	Vehs Opposite Approach: Thru-Right	"03: Opposing Vehicles Turning"	N	0	1	0	0	1	1	1	0	0	0	0	0
200628	200628	Hospitalisation	2025	January	Friday	5	Hit object	Single Vehicle	153.126654029451	-27.4213794547926	Tingira St	""	""	Pinkenba	Brisbane City	Locally-controlled	No Roadway Feature	No traffic control	"60 km/h"	Sealed - Dry	Clear	Daylight	Straight	Level	704	Off Path-Straight: Right Off Cway Hit Obj	"16: Off Carriageway on Straight Hit Object"	N	0	1	0	0	1	1	0	0	0	0	0	0
200632	200632	Medical treatment	2025	January	Friday	7	Rear-end	Multi-Vehicle	152.976782049439	-27.3900094394846	Queens Rd	Timms Rd	""	Everton Park	Brisbane City	Locally-controlled	Intersection - T-Junction	No traffic control	"60 km/h"	Sealed - Dry	Clear	Daylight	Curved - view open	Level	301	Vehs Same Direction: Rear End	"04: Rear-end"	N	0	0	1	0	1	2	0	0	0	0	0	0
200642	200642	Hospitalisation	2025	February	Friday	6	Hit parked vehicle	Single Vehicle	152.928348027779	-27.6034484363227	Formation St	""	""	Wacol	Brisbane City	Locally-controlled	No Roadway Feature	No traffic control	"60 km/h"	Sealed - Dry	Clear	Daylight	Straight	Level	601	Vehs On Path: Parked	"10: Hit Parked Vehicle"	E	0	1	0	0	1	1	0	0	0	0	0	1
200647	200647	Medical treatment	2025	February	Sunday	4	Hit object	Single Vehicle	153.083758011834	-27.5968504518599	Warrigal Rd	""	""	Runcorn	Brisbane City	Locally-controlled	No Roadway Feature	No traffic control	"60 km/h"	Sealed - Dry	Clear	Dawn/Dusk	Straight	Level	703	Off Path-Straight: Left Off Cway Hit Obj	"16: Off Carriageway on Straight Hit Object"	S	0	0	2	0	2	1	0	0	0	0	0	0
200650	200650	Medical treatment	2025	February	Sunday	11	Rear-end	Multi-Vehicle	152.985318049069	-27.3856964403058	Beckett Rd	Old Northern Rd	""	Mcdowall	Brisbane City	Locally-controlled	Intersection - Roundabout	Give way sign	"60 km/h"	Sealed - Dry	Clear	Daylight	Straight	Level	301	Vehs Same Direction: Rear End	"04: Rear-end"	S	0	0	1	0	1	2	0	0	0	0	0	0
200658	200658	Hospitalisation	2025	February	Tuesday	7	Angle	Multi-Vehicle	153.027304018983	-27.58848844612	Beaudesert Rd	Chardean St	Mount Lindesay Arterial Road	Acacia Ridge	Brisbane City	State-controlled	Intersection - T-Junction	Give way sign	"60 km/h"	Sealed - Dry	Clear	Daylight	Straight	Level	104	Vehs Adjacent Approach: Thru-Right	"01: Intersection: Adjacent Approach"	N	0	1	0	0	1	2	0	0	0	0	0	0
200659	200659	Minor injury	2025	February	Monday	8	Hit pedestrian	Hit pedestrian	153.026311878543	-27.4661534450541	Ann St	""	""	Brisbane City	Brisbane City	Locally-controlled	No Roadway Feature	Pedestrian operated lights	"0 - 50 km/h"	Sealed - Dry	Clear	Daylight	Straight	Level	8	Pedn: On Ftway Hit By Vehicle On Ftway	"12: Pedestrian"	N	0	0	0	1	1	0	0	0	0	0	1	1
200660	200660	Hospitalisation	2025	February	Tuesday	6	Rear-end	Multi-Vehicle	153.118157023656	-27.4743424543554	Wynnum Rd	""	""	Tingalpa	Brisbane City	Locally-controlled	No Roadway Feature	No traffic control	"60 km/h"	Sealed - Dry	Clear	Daylight	Curved - view open	Level	301	Vehs Same Direction: Rear End	"04: Rear-end"	W	0	1	1	0	2	1	1	0	0	0	0	0
200678	200678	Hospitalisation	2025	March	Monday	14	Angle	Multi-Vehicle	153.032076027234	-27.5191444460516	Cracknell Rd	Sarah St	""	Annerley	Brisbane City	Locally-controlled	Intersection - T-Junction	Give way sign	"60 km/h"	Sealed - Dry	Clear	Daylight	Straight	Grade	408	Vehs Manoeuvring: Entering From Footway	"08: Vehicle Leaving Driveway"	""	0	1	0	0	1	1	0	0	0	1	0	0
200679	200679	Medical treatment	2025	March	Monday	7	Angle	Multi-Vehicle	153.013068037218	-27.4562044436463	Kelvin Grove Rd	""	""	Kelvin Grove	Brisbane City	Locally-controlled	No Roadway Feature	No traffic control	"0 - 50 km/h"	Sealed - Dry	Clear	Daylight	Straight	Grade	307	Vehs Same Direction: Lane Change Left	"05: Lane Change"	S	0	0	1	0	1	2	0	0	0	0	0	0
200683	200683	Minor injury	2025	February	Friday	16	Rear-end	Multi-Vehicle	153.039929021362	-27.5589174471544	Riawena Rd	""	Griffith Arterial Road	Salisbury	Brisbane City	State-controlled	No Roadway Feature	No traffic control	"60 km/h"	Sealed - Dry	Clear	Daylight	Straight	Level	301	Vehs Same Direction: Rear End	"04: Rear-end"	N	0	0	0	1	1	2	0	0	0	0	0	0
200685	200685	Medical treatment	2025	January	Tuesday	5	Fall from vehicle	Single Vehicle	152.954421028703	-27.5737834386975	Ipswich Mwy	""	Cunningham Arterial Road (Ipswich Motorway)	Darra	Brisbane City	State-controlled	No Roadway Feature	No traffic control	"80 - 90 km/h"	Sealed - Dry	Clear	Daylight	Straight	Level	705	Off Path-Straight: Out Of Control On Cway	"17: Out of Control on Straight"	E	0	0	1	0	1	0	1	0	0	0	0	0
200695	200695	Medical treatment	2025	January	Saturday	16	Angle	Multi-Vehicle	152.988010042121	-27.4386174409943	Frasers Rd	Stewart Rd	Western Arterial Road (Toowong - Everton Park)	Ashgrove	Brisbane City	State-controlled	Intersection - T-Junction	Operating traffic lights	"60 km/h"	Sealed - Dry	Clear	Daylight	Curved - view open	Level	202	Vehs Opposite Approach: Thru-Right	"03: Opposing Vehicles Turning"	S	0	0	1	1	2	2	0	0	0	0	0	0
200703	200703	Medical treatment	2025	January	Thursday	15	Sideswipe	Multi-Vehicle	153.001631015211	-27.6402524439522	Logan Mwy	""	Logan Motorway (Gailes - Loganholme)	Larapinta	Brisbane City	State-controlled	No Roadway Feature	No traffic control	"100 - 110 km/h"	Sealed - Dry	Clear	Daylight	Straight	Level	306	Vehs Same Direction: Lane Change Right	"05: Lane Change"	E	0	0	2	0	2	2	0	0	0	0	0	0
200705	200705	Hospitalisation	2025	January	Thursday	21	Hit object	Single Vehicle	152.989024049611	-27.3782364406182	Beckett Rd	""	""	Mcdowall	Brisbane City	Locally-controlled	No Roadway Feature	No traffic control	"70 km/h"	Sealed - Wet	Clear	Darkness - Lighted	Straight	Grade	705	Off Path-Straight: Out Of Control On Cway	"17: Out of Control on Straight"	S	0	1	1	2	4	1	0	0	0	0	0	0
200707	200707	Minor injury	2025	January	Friday	20	Rear-end	Multi-Vehicle	153.036806045945	-27.3668084453217	Murphy Rd	Robinson Rd W	""	Geebung	Brisbane City	Locally-controlled	Intersection - Cross	Operating traffic lights	"60 km/h"	Sealed - Wet	Raining	Darkness - Lighted	Straight	Grade	301	Vehs Same Direction: Rear End	"04: Rear-end"	W	0	0	0	3	3	2	0	0	0	0	0	0
200709	200709	Hospitalisation	2025	January	Saturday	17	Sideswipe	Multi-Vehicle	153.171111020393	-27.4553094595452	Preston Rd	""	""	Manly West	Brisbane City	Locally-controlled	No Roadway Feature	No traffic control	"60 km/h"	Sealed - Wet	Raining	Dawn/Dusk	Straight	Level	308	Vehs Same Direction: Right Turn S/Swipe	"06: Parallel Lanes Turning"	""	0	1	0	0	1	2	0	0	0	0	0	0
200767	200767	Hospitalisation	2025	May	Wednesday	18	Fall from vehicle	Single Vehicle	152.916050051463	-27.4256594336891	Brockman Dr	Canvey Rd	""	Upper Kedron	Brisbane City	Locally-controlled	Intersection - Roundabout	Give way sign	"0 - 50 km/h"	Sealed - Dry	Clear	Dawn/Dusk	Straight	Level	700	Off Path-Straight: Other	"21: Other"	""	0	1	0	0	1	0	0	0	0	0	0	1
201033	201033	Hospitalisation	2025	March	Friday	19	Angle	Multi-Vehicle	153.028362031495	-27.488560445437	Annerley Rd	Heaslop St	""	Woolloongabba	Brisbane City	Locally-controlled	Intersection - Cross	No traffic control	"0 - 50 km/h"	Sealed - Dry	Clear	Darkness - Lighted	Straight	Level	408	Vehs Manoeuvring: Entering From Footway	"08: Vehicle Leaving Driveway"	""	0	1	0	0	1	1	0	0	0	1	0	0
201034	201034	Fatal	2025	March	Monday	15	Hit pedestrian	Hit pedestrian	153.066410028967	-27.4762354491622	Agnew St	Waminda St	""	Morningside	Brisbane City	Locally-controlled	Intersection - Roundabout	Give way sign	"60 km/h"	Sealed - Dry	Clear	Daylight	Straight	Grade	1	Pedn: Near Side Vehicle Hit From Right	"12: Pedestrian"	W	1	0	0	0	1	1	0	0	0	0	1	0
201043	201043	Hospitalisation	2025	February	Thursday	17	Hit parked vehicle	Single Vehicle	153.176981021336	-27.4429224600399	Wynnum Esp	""	""	Wynnum	Brisbane City	Locally-controlled	No Roadway Feature	No traffic control	"0 - 50 km/h"	Sealed - Wet	Clear	Daylight	Straight	Level	604	Vehs On Path: Car Door	"10: Hit Parked Vehicle"	W	0	1	0	0	1	1	0	0	0	1	0	0
201045	201045	Hospitalisation	2025	April	Tuesday	4	Angle	Multi-Vehicle	153.125914026533	-27.4450564549053	Aquarium Ave	""	Port Of Brisbane Road	Hemmant	Brisbane City	State-controlled	No Roadway Feature	No traffic control	"0 - 50 km/h"	Sealed - Dry	Clear	Dawn/Dusk	Straight	Level	207	Vehs Opposite Approach: U-Turn	"07: U-turn"	N	0	1	0	0	1	0	1	1	0	0	0	0
201047	201047	Medical treatment	2025	March	Thursday	12	Angle	Multi-Vehicle	152.954096029178	-27.5702964386374	Scotts Rd	Winslow St	""	Darra	Brisbane City	Locally-controlled	Intersection - Cross	Stop sign	"60 km/h"	Sealed - Wet	Raining	Daylight	Straight	Level	101	Vehs Adjacent Approach: Thru-Thru	"01: Intersection: Adjacent Approach"	S	0	0	1	0	1	2	0	0	0	0	0	0
201088	201088	Minor injury	2025	January	Monday	14	Angle	Multi-Vehicle	153.060288028472	-27.4853524486189	Halifax St	Milsom St	""	Norman Park	Brisbane City	Locally-controlled	Intersection - Cross	Stop sign	"0 - 50 km/h"	Sealed - Dry	Clear	Daylight	Curved - view open	Level	104	Vehs Adjacent Approach: Thru-Right	"01: Intersection: Adjacent Approach"	S	0	0	0	2	2	2	0	0	0	0	0	0
201091	201091	Hospitalisation	2025	January	Sunday	14	Hit object	Single Vehicle	153.049087045106	-27.3630554465256	Newman Rd	""	""	Geebung	Brisbane City	Locally-controlled	No Roadway Feature	No traffic control	"60 km/h"	Sealed - Dry	Clear	Daylight	Straight	Level	703	Off Path-Straight: Left Off Cway Hit Obj	"16: Off Carriageway on Straight Hit Object"	S	0	1	0	0	1	1	0	0	0	0	0	0
201095	201095	Hospitalisation	2025	January	Monday	7	Angle	Multi-Vehicle	153.036506035795	-27.4475624459306	Campbell St	Hazelmount St	Airport Link (Bowen Hills - Toombul)	Bowen Hills	Brisbane City	State-controlled	Intersection - Cross	No traffic control	"0 - 50 km/h"	Sealed - Dry	Clear	Daylight	Straight	Level	202	Vehs Opposite Approach: Thru-Right	"03: Opposing Vehicles Turning"	W	0	1	0	0	1	1	1	0	0	0	0	0
201096	201096	Medical treatment	2025	January	Monday	7	Angle	Multi-Vehicle	153.035080040856	-27.4086514454796	Seventh Ave	""	""	Kedron	Brisbane City	Locally-controlled	No Roadway Feature	No traffic control	"0 - 50 km/h"	Sealed - Dry	Clear	Daylight	Straight	Grade	202	Vehs Opposite Approach: Thru-Right	"03: Opposing Vehicles Turning"	E	0	0	2	0	2	2	0	0	0	0	0	0
201098	201098	Hospitalisation	2025	January	Tuesday	13	Angle	Multi-Vehicle	153.043600048424	-27.3413724458027	Lemke Rd	Roghan Rd	""	Taigum	Brisbane City	Locally-controlled	Intersection - T-Junction	Give way sign	"60 km/h"	Sealed - Dry	Clear	Daylight	Straight	Level	107	Vehs Adjacent Approach: Thru-Left	"01: Intersection: Adjacent Approach"	E	0	1	0	0	1	2	0	0	0	0	0	0
201099	201099	Hospitalisation	2025	January	Tuesday	15	Angle	Multi-Vehicle	153.110768026836	-27.4554804534619	Port Of Brisbane Mwy	""	Gateway Motorway (Eight Mile Plains - Nudgee)	Murarrie	Brisbane City	State-controlled	No Roadway Feature	No traffic control	"100 - 110 km/h"	Sealed - Dry	Clear	Daylight	Straight	Level	307	Vehs Same Direction: Lane Change Left	"05: Lane Change"	N	0	1	0	0	1	1	0	1	0	0	0	0
201101	201101	Hospitalisation	2025	January	Monday	14	Rear-end	Multi-Vehicle	153.087603014156	-27.5752604520763	Warrigal Rd	""	""	Eight Mile Plains	Brisbane City	Locally-controlled	No Roadway Feature	No traffic control	"60 km/h"	Sealed - Dry	Clear	Daylight	Straight	Level	301	Vehs Same Direction: Rear End	"04: Rear-end"	""	0	1	0	0	1	2	0	0	0	0	0	0
201102	201102	Hospitalisation	2025	January	Thursday	18	Angle	Multi-Vehicle	153.011515034577	-27.4784684436665	Wilson St	""	""	West End	Brisbane City	Locally-controlled	No Roadway Feature	No traffic control	"0 - 50 km/h"	Sealed - Dry	Clear	Daylight	Straight	Grade	400	Vehs Manoeuvring: Other	"21: Other"	""	0	1	0	0	1	1	0	0	0	1	0	0
201103	201103	Medical treatment	2025	January	Monday	11	Rear-end	Multi-Vehicle	153.081401014948	-27.5742864514446	Padstow Rd	""	""	Eight Mile Plains	Brisbane City	Locally-controlled	No Roadway Feature	No traffic control	"60 km/h"	Sealed - Dry	Clear	Daylight	Straight	Level	301	Vehs Same Direction: Rear End	"04: Rear-end"	E	0	0	1	0	1	2	0	0	0	0	0	0
201106	201106	Medical treatment	2025	January	Monday	8	Rear-end	Multi-Vehicle	153.066719018636	-27.5576494498366	Mains Rd	""	Nathan Connection Arterial Road	Macgregor	Brisbane City	State-controlled	No Roadway Feature	No traffic control	"60 km/h"	Sealed - Dry	Clear	Daylight	Straight	Grade	301	Vehs Same Direction: Rear End	"04: Rear-end"	S	0	0	1	0	1	2	0	0	0	0	0	0
201108	201108	Minor injury	2025	March	Monday	15	Angle	Multi-Vehicle	153.054703023932	-27.5260124483788	Kogarah St	Marshall Rd	""	Tarragindi	Brisbane City	Locally-controlled	No Roadway Feature	No traffic control	"60 km/h"	Sealed - Dry	Clear	Daylight	Curved - view open	Grade	308	Vehs Same Direction: Right Turn S/Swipe	"06: Parallel Lanes Turning"	W	0	0	0	2	2	2	0	0	0	0	0	0
201112	201112	Hospitalisation	2025	February	Wednesday	21	Head-on	Multi-Vehicle	153.082590021981	-27.5177374511176	Wyncroft St	""	""	Holland Park	Brisbane City	Locally-controlled	No Roadway Feature	Police	"0 - 50 km/h"	Sealed - Wet	Raining	Darkness - Lighted	Straight	Grade	704	Off Path-Straight: Right Off Cway Hit Obj	"16: Off Carriageway on Straight Hit Object"	S	0	1	0	1	2	1	0	0	0	0	0	0
201116	201116	Medical treatment	2025	February	Wednesday	15	Rear-end	Multi-Vehicle	153.103563021751	-27.5017534531022	Banchory Ct	Carindale St	""	Carindale	Brisbane City	Locally-controlled	Intersection - Roundabout	Give way sign	"0 - 50 km/h"	Sealed - Dry	Raining	Daylight	Straight	Level	303	Vehs Same Direction: Right Rear	"04: Rear-end"	S	0	0	1	0	1	2	0	0	0	0	0	0
201118	201118	Minor injury	2025	February	Wednesday	19	Hit pedestrian	Hit pedestrian	152.963783037235	-27.4980644390369	Western Fwy Bikeway	""	Centenary Motorway Cycleway	Indooroopilly	Brisbane City	State-controlled	Bikeway	No traffic control	"0 - 50 km/h"	Sealed - Dry	Clear	Darkness - Lighted	Straight	Grade	8	Pedn: On Ftway Hit By Vehicle On Ftway	"12: Pedestrian"	S	0	0	0	1	1	0	0	0	0	1	1	0
201125	201125	Medical treatment	2025	February	Tuesday	7	Rear-end	Multi-Vehicle	153.017106025775	-27.5434494447409	John Bright St	Muriel Ave	""	Moorooka	Brisbane City	Locally-controlled	Intersection - T-Junction	No traffic control	"60 km/h"	Sealed - Dry	Clear	Daylight	Straight	Level	301	Vehs Same Direction: Rear End	"04: Rear-end"	W	0	0	1	0	1	2	0	0	0	0	0	0
201128	201128	Hospitalisation	2025	February	Wednesday	15	Rear-end	Multi-Vehicle	152.939577029669	-27.5788264372517	Ipswich Mwy	""	Cunningham Arterial Road (Ipswich Motorway)	Wacol	Brisbane City	State-controlled	No Roadway Feature	No traffic control	"100 - 110 km/h"	Sealed - Dry	Clear	Daylight	Straight	Level	301	Vehs Same Direction: Rear End	"04: Rear-end"	W	0	1	1	0	2	2	0	0	0	0	0	0
201130	201130	Minor injury	2025	February	Wednesday	16	Rear-end	Multi-Vehicle	152.98599504783	-27.394965440447	Old Northern Rd	""	Everton Park - Albany Creek Road	Everton Park	Brisbane City	State-controlled	No Roadway Feature	No traffic control	"60 km/h"	Sealed - Wet	Clear	Daylight	Straight	Level	301	Vehs Same Direction: Rear End	"04: Rear-end"	S	0	0	0	1	1	2	0	0	0	0	0	0
201172	201172	Hospitalisation	2025	March	Monday	17	Angle	Multi-Vehicle	153.043086035722	-27.4425574465519	Ross St	Wickham Gr	""	Newstead	Brisbane City	Locally-controlled	Intersection - T-Junction	No traffic control	"0 - 50 km/h"	Sealed - Dry	Clear	Daylight	Straight	Level	202	Vehs Opposite Approach: Thru-Right	"03: Opposing Vehicles Turning"	S	0	1	0	0	1	1	1	0	0	0	0	0
201174	201174	Minor injury	2025	March	Monday	11	Rear-end	Multi-Vehicle	153.029629014056	-27.6254494466451	Algester Rd	""	""	Algester	Brisbane City	Locally-controlled	No Roadway Feature	No traffic control	"60 km/h"	Sealed - Dry	Clear	Daylight	Straight	Level	406	Vehs Manoeuvring: Leaving Driveway	"08: Vehicle Leaving Driveway"	E	0	0	0	1	1	2	0	0	0	0	0	0
201178	201178	Medical treatment	2025	February	Friday	15	Rear-end	Multi-Vehicle	153.086215015282	-27.5675544518758	Pacific Hwy	""	South-East Arterial Road (Pacific Motorway)	Macgregor	Brisbane City	State-controlled	No Roadway Feature	No traffic control	"100 - 110 km/h"	Sealed - Dry	Clear	Daylight	Straight	Level	301	Vehs Same Direction: Rear End	"04: Rear-end"	S	0	0	1	0	1	3	0	0	0	0	0	0
201186	201186	Medical treatment	2025	March	Sunday	9	Rear-end	Multi-Vehicle	153.035920030683	-27.488564446196	Hawthorne St	Ipswich Rd	""	Woolloongabba	Brisbane City	Locally-controlled	No Roadway Feature	Operating traffic lights	"0 - 50 km/h"	Sealed - Dry	Clear	Daylight	Straight	Grade	404	Vehs Manoeuvring: Reversing	"10: Hit Parked Vehicle"	E	0	0	1	0	1	2	0	0	0	0	0	0
201199	201199	Minor injury	2025	March	Thursday	19	Rear-end	Multi-Vehicle	153.030993028014	-27.5138894459013	Ipswich Rd	Waterton St	""	Annerley	Brisbane City	Locally-controlled	Intersection - Cross	Operating traffic lights	"0 - 50 km/h"	Sealed - Dry	Clear	Darkness - Lighted	Straight	Level	301	Vehs Same Direction: Rear End	"04: Rear-end"	N	0	0	0	1	1	2	0	0	0	0	0	0
201200	201200	Minor injury	2025	March	Tuesday	8	Sideswipe	Multi-Vehicle	153.120794009126	-27.5867104555089	Priestdale Rd	""	""	Rochedale	Brisbane City	Locally-controlled	No Roadway Feature	No traffic control	"0 - 50 km/h"	Sealed - Dry	Clear	Daylight	Straight	Level	400	Vehs Manoeuvring: Other	"21: Other"	""	0	0	0	1	1	1	0	0	0	1	0	0
201202	201202	Medical treatment	2025	March	Sunday	13	Rear-end	Multi-Vehicle	153.072533017482	-27.5618244504542	Grout St	Kessels Rd	Griffith Arterial Road	Macgregor	Brisbane City	State-controlled	Intersection - Cross	Operating traffic lights	"60 km/h"	Sealed - Dry	Clear	Daylight	Straight	Level	303	Vehs Same Direction: Right Rear	"04: Rear-end"	E	0	0	1	0	1	2	0	0	0	0	0	0
201205	201205	Minor injury	2025	March	Monday	20	Rear-end	Multi-Vehicle	153.01625303479	-27.4727504440967	Hope St	Peel St	""	South Brisbane	Brisbane City	Locally-controlled	Intersection - T-Junction	Stop sign	"0 - 50 km/h"	Sealed - Dry	Clear	Darkness - Lighted	Straight	Level	302	Vehs Same Direction: Left Rear	"04: Rear-end"	E	0	0	0	1	1	2	0	0	0	0	0	0
201206	201206	Medical treatment	2025	March	Friday	22	Rear-end	Multi-Vehicle	153.036008031284	-27.4837254461666	Linton St	Main St	""	Kangaroo Point	Brisbane City	Locally-controlled	Intersection - T-Junction	Give way sign	"0 - 50 km/h"	Sealed - Dry	Clear	Darkness - Lighted	Straight	Level	404	Vehs Manoeuvring: Reversing	"10: Hit Parked Vehicle"	W	0	0	1	0	1	2	0	0	0	0	0	0
201228	201228	Minor injury	2025	February	Monday	7	Angle	Multi-Vehicle	153.035789031705	-27.4805754461197	Llewellyn St	Main St	""	Kangaroo Point	Brisbane City	Locally-controlled	Intersection - T-Junction	Give way sign	"60 km/h"	Sealed - Dry	Clear	Daylight	Straight	Level	408	Vehs Manoeuvring: Entering From Footway	"08: Vehicle Leaving Driveway"	""	0	0	0	1	1	1	0	0	0	1	0	0
201229	201229	Hospitalisation	2025	February	Wednesday	16	Head-on	Multi-Vehicle	153.028471049141	-27.3484964443398	Beams Rd	""	""	Carseldine	Brisbane City	Locally-controlled	Railway Crossing	No traffic control	"60 km/h"	Sealed - Dry	Clear	Daylight	Straight	Level	201	Vehs Opposite Approach: Head On	"02: Head-on"	E	0	1	0	0	1	2	0	0	0	0	0	0
201231	201231	Medical treatment	2025	February	Thursday	10	Angle	Multi-Vehicle	153.043338036443	-27.4366274465303	Sandgate Rd	""	""	Albion	Brisbane City	Locally-controlled	No Roadway Feature	No traffic control	"60 km/h"	Sealed - Dry	Clear	Daylight	Straight	Level	406	Vehs Manoeuvring: Leaving Driveway	"08: Vehicle Leaving Driveway"	S	0	0	2	0	2	2	0	0	0	0	0	0
201239	201239	Hospitalisation	2025	February	Thursday	19	Angle	Multi-Vehicle	153.030996044047	-27.3867954448966	Gympie Rd	Latham St	Gympie Arterial Road	Chermside	Brisbane City	State-controlled	Intersection - T-Junction	No traffic control	"60 km/h"	Sealed - Dry	Clear	Darkness - Lighted	Curved - view open	Level	408	Vehs Manoeuvring: Entering From Footway	"08: Vehicle Leaving Driveway"	N	0	1	0	0	1	1	0	0	0	0	0	1
201242	201242	Hospitalisation	2025	February	Friday	8	Angle	Multi-Vehicle	153.028736014137	-27.6255734465564	Kulcha St	Ridgewood Rd	""	Algester	Brisbane City	Locally-controlled	Intersection - T-Junction	Give way sign	"60 km/h"	Sealed - Dry	Clear	Daylight	Curved - view open	Grade	104	Vehs Adjacent Approach: Thru-Right	"01: Intersection: Adjacent Approach"	W	0	2	0	0	2	1	0	0	1	0	0	0
201250	201250	Fatal	2025	May	Friday	6	Hit pedestrian	Hit pedestrian	152.997438036255	-27.4771454422441	Wesley Hospital Accs	""	""	Auchenflower	Brisbane City	Locally-controlled	No Roadway Feature	Pedestrian crossing sign	"0 - 50 km/h"	Sealed - Dry	Clear	Darkness - Lighted	Curved - view open	Grade	0	Pedn: Hit Other	"21: Other"	""	1	0	0	0	1	0	0	1	0	0	1	0
201256	201256	Minor injury	2025	January	Thursday	19	Rear-end	Multi-Vehicle	153.032768038526	-27.4290924454092	Lutwyche Rd	""	""	Windsor	Brisbane City	Locally-controlled	Intersection - T-Junction	Give way sign	"60 km/h"	Sealed - Dry	Clear	Daylight	Straight	Level	302	Vehs Same Direction: Left Rear	"04: Rear-end"	S	0	0	0	1	1	2	0	0	0	0	0	0
201258	201258	Hospitalisation	2025	February	Wednesday	17	Hit object	Single Vehicle	153.174970012796	-27.5119034603824	Old Cleveland Rd	""	Cleveland Sub-Arterial Road	Chandler	Brisbane City	State-controlled	No Roadway Feature	No traffic control	"80 - 90 km/h"	Sealed - Wet	Raining	Daylight	Straight	Level	703	Off Path-Straight: Left Off Cway Hit Obj	"16: Off Carriageway on Straight Hit Object"	W	0	1	0	0	1	1	0	0	0	0	0	0
201268	201268	Minor injury	2025	April	Friday	7	Sideswipe	Multi-Vehicle	152.919596042135	-27.4968874346065	Brookfield Rd	Jacaranda Ave	""	Kenmore Hills	Brisbane City	Locally-controlled	Intersection - T-Junction	No traffic control	"60 km/h"	Sealed - Dry	Clear	Daylight	Curved - view open	Grade	305	Vehs Same Direction: Lane Side Swipe	"05: Lane Change"	""	0	0	0	1	1	0	0	0	0	1	0	0
201282	201282	Hospitalisation	2025	May	Wednesday	17	Angle	Multi-Vehicle	153.052407596221	-27.391061974081	Bilsen Rd	Hamilton Rd	""	Wavell Heights	Brisbane City	Locally-controlled	Intersection - Cross	Operating traffic lights	"60 km/h"	Sealed - Wet	Raining	Darkness - Lighted	Straight	Level	408	Vehs Manoeuvring: Entering From Footway	"08: Vehicle Leaving Driveway"	""	0	1	0	0	1	1	0	0	0	1	0	0
201289	201289	Medical treatment	2025	May	Thursday	17	Rear-end	Multi-Vehicle	153.051114049714	-27.324767446426	Gateway Arterial Rd	""	Gateway Arterial Road (Gateway Motorway - North)	Deagon	Brisbane City	State-controlled	No Roadway Feature	No traffic control	"80 - 90 km/h"	Sealed - Dry	Clear	Darkness - Lighted	Straight	Level	301	Vehs Same Direction: Rear End	"04: Rear-end"	N	0	0	2	1	3	2	0	0	0	0	0	0
201290	201290	Hospitalisation	2025	May	Wednesday	8	Angle	Multi-Vehicle	153.040707037792	-27.4281644461991	Mawarra St	""	""	Albion	Brisbane City	Locally-controlled	No Roadway Feature	No traffic control	"0 - 50 km/h"	Sealed - Dry	Clear	Daylight	Straight	Level	408	Vehs Manoeuvring: Entering From Footway	"08: Vehicle Leaving Driveway"	""	0	1	0	0	1	1	0	0	0	1	0	0
201308	201308	Hospitalisation	2025	February	Saturday	19	Angle	Multi-Vehicle	153.010401014096	-27.6415634448423	Logan Mwy	""	Logan Motorway (Gailes - Loganholme)	Larapinta	Brisbane City	State-controlled	No Roadway Feature	No traffic control	"100 - 110 km/h"	Sealed - Wet	Raining	Darkness - Lighted	Straight	Level	306	Vehs Same Direction: Lane Change Right	"05: Lane Change"	E	0	2	0	0	2	2	0	0	0	0	0	0
201316	201316	Hospitalisation	2025	March	Wednesday	23	Hit object	Single Vehicle	153.061931030056	-27.4714194486739	Balmoral St	Dover St	""	Hawthorne	Brisbane City	Locally-controlled	Intersection - T-Junction	No traffic control	"60 km/h"	Sealed - Dry	Clear	Darkness - Not lighted	Curved - view obscured	Dip	804	Off Path-Curve: Off Cway Lt Bend Hit Obj	"19: Off Carriageway on Curve Hit Object"	E	0	1	0	0	1	1	0	0	0	0	0	0
201322	201322	Hospitalisation	2025	March	Friday	12	Hit object	Single Vehicle	153.142527021974	-27.4669974567536	Bognor St	""	""	Tingalpa	Brisbane City	Locally-controlled	No Roadway Feature	No traffic control	"60 km/h"	Sealed - Wet	Raining	Daylight	Straight	Level	704	Off Path-Straight: Right Off Cway Hit Obj	"16: Off Carriageway on Straight Hit Object"	E	0	1	0	0	1	2	0	0	0	0	0	0
201327	201327	Medical treatment	2025	March	Friday	16	Rear-end	Multi-Vehicle	152.909253043568	-27.4943284335525	Brookfield Rd	""	""	Brookfield	Brisbane City	Locally-controlled	No Roadway Feature	No traffic control	"60 km/h"	Sealed - Dry	Clear	Daylight	Straight	Level	303	Vehs Same Direction: Right Rear	"04: Rear-end"	N	0	0	1	0	1	2	0	0	0	0	0	0
201329	201329	Minor injury	2025	March	Friday	11	Rear-end	Multi-Vehicle	153.042772037004	-27.4326584464421	Crosby Rd	Sandgate Rd	""	Albion	Brisbane City	Locally-controlled	Intersection - T-Junction	Operating traffic lights	"0 - 50 km/h"	Sealed - Wet	Raining	Daylight	Straight	Level	301	Vehs Same Direction: Rear End	"04: Rear-end"	S	0	0	0	1	1	2	0	0	0	0	0	0
201336	201336	Medical treatment	2025	April	Saturday	20	Angle	Multi-Vehicle	153.00522303593	-27.4730984429928	Coronation Dr	Graham St	""	Milton	Brisbane City	Locally-controlled	Intersection - T-Junction	Operating traffic lights	"70 km/h"	Sealed - Dry	Clear	Darkness - Lighted	Straight	Level	408	Vehs Manoeuvring: Entering From Footway	"08: Vehicle Leaving Driveway"	""	0	0	1	0	1	1	0	0	0	1	0	0
201337	201337	Minor injury	2025	January	Saturday	6	Rear-end	Multi-Vehicle	153.033805034557	-27.4596664457551	Ann St	Gipps St	""	Fortitude Valley	Brisbane City	Locally-controlled	Intersection - Cross	Operating traffic lights	"0 - 50 km/h"	Sealed - Dry	Clear	Daylight	Straight	Level	301	Vehs Same Direction: Rear End	"04: Rear-end"	S	0	0	0	1	1	2	0	0	0	0	0	0
201357	201357	Fatal	2025	April	Wednesday	22	Hit object	Single Vehicle	153.039594029092	-27.4980344466398	South East Arterial Rd	""	South-East Arterial Road (Pacific Motorway)	Woolloongabba	Brisbane City	State-controlled	No Roadway Feature	No traffic control	"80 - 90 km/h"	Sealed - Dry	Clear	Darkness - Lighted	Curved - view open	Grade	803	Off Path-Curve: Off Cway Rt Bend Hit Obj	"19: Off Carriageway on Curve Hit Object"	E	1	0	0	0	1	0	1	0	0	0	0	0
201369	201369	Medical treatment	2025	March	Friday	23	Rear-end	Multi-Vehicle	153.060875044663	-27.3565904476591	Garozzo St	Sandgate Rd	Sandgate Sub-Arterial Road	Boondall	Brisbane City	State-controlled	Intersection - Cross	Operating traffic lights	"70 km/h"	Sealed - Wet	Fog	Darkness - Lighted	Straight	Level	301	Vehs Same Direction: Rear End	"04: Rear-end"	N	0	0	1	0	1	2	0	0	0	0	0	0
201389	201389	Medical treatment	2025	January	Thursday	8	Hit object	Single Vehicle	152.888414042171	-27.5233014316998	Pullenvale Rd	""	""	Pullenvale	Brisbane City	Locally-controlled	No Roadway Feature	No traffic control	"60 km/h"	Sealed - Dry	Clear	Daylight	Curved - view open	Crest	803	Off Path-Curve: Off Cway Rt Bend Hit Obj	"19: Off Carriageway on Curve Hit Object"	S	0	0	1	0	1	1	0	0	0	0	0	0
201645	201645	Medical treatment	2025	February	Thursday	17	Sideswipe	Multi-Vehicle	153.124611009085	-27.5837974558705	Rochedale Rd	""	""	Rochedale	Brisbane City	Locally-controlled	No Roadway Feature	No traffic control	"60 km/h"	Sealed - Dry	Clear	Daylight	Straight	Level	305	Vehs Same Direction: Lane Side Swipe	"05: Lane Change"	S	0	0	1	0	1	1	1	0	0	0	0	0
201658	201658	Minor injury	2025	February	Thursday	17	Rear-end	Multi-Vehicle	153.017694035293	-27.4675314442	Makerston St	North Quay	""	Brisbane City	Brisbane City	Locally-controlled	Intersection - T-Junction	Operating traffic lights	"60 km/h"	Sealed - Dry	Clear	Daylight	Curved - view open	Level	301	Vehs Same Direction: Rear End	"04: Rear-end"	E	0	0	0	1	1	3	0	0	0	0	0	0
201661	201661	Hospitalisation	2025	January	Friday	21	Hit object	Single Vehicle	152.893943033147	-27.590339432781	Priors Pkt Rd	""	""	Moggill	Brisbane City	Locally-controlled	No Roadway Feature	No traffic control	"60 km/h"	Sealed - Dry	Clear	Darkness - Not lighted	Curved - view obscured	Crest	804	Off Path-Curve: Off Cway Lt Bend Hit Obj	"19: Off Carriageway on Curve Hit Object"	E	0	1	0	0	1	0	1	0	0	0	0	0
201663	201663	Medical treatment	2025	January	Saturday	8	Sideswipe	Multi-Vehicle	153.108087025105	-27.471423453318	Wynnum Rd	""	""	Tingalpa	Brisbane City	Locally-controlled	Bridge/Causeway	No traffic control	"60 km/h"	Sealed - Dry	Clear	Daylight	Straight	Level	400	Vehs Manoeuvring: Other	"21: Other"	""	0	0	2	0	2	0	0	0	0	2	0	0
201664	201664	Hospitalisation	2025	April	Tuesday	9	Rear-end	Multi-Vehicle	152.939893032006	-27.5600064371348	Centenary Hwy	""	Centenary Motorway (Ellen Grove - Toowong)	Sumner	Brisbane City	State-controlled	No Roadway Feature	No traffic control	"80 - 90 km/h"	Sealed - Dry	Clear	Daylight	Straight	Grade	301	Vehs Same Direction: Rear End	"04: Rear-end"	N	0	1	0	0	1	2	0	0	0	0	0	0
201668	201668	Minor injury	2025	April	Saturday	20	Rear-end	Multi-Vehicle	152.949390026269	-27.5973944383802	Garden Rd	Progress Rd	""	Richlands	Brisbane City	Locally-controlled	Intersection - Cross	Operating traffic lights	"60 km/h"	Sealed - Dry	Clear	Darkness - Lighted	Straight	Level	301	Vehs Same Direction: Rear End	"04: Rear-end"	S	0	0	0	1	1	2	0	0	0	0	0	0
201679	201679	Hospitalisation	2025	May	Friday	4	Sideswipe	Multi-Vehicle	153.101972011526	-27.58379245359	South East Art Rd Ramp Xt	""	South-East Arterial Road (Pacific Motorway)	Eight Mile Plains	Brisbane City	State-controlled	Intersection - Interchange	No traffic control	"60 km/h"	Sealed - Wet	Raining	Darkness - Lighted	Curved - view open	Level	305	Vehs Same Direction: Lane Side Swipe	"05: Lane Change"	W	0	1	0	0	1	1	0	0	0	0	0	1
201683	201683	Hospitalisation	2025	May	Saturday	22	Hit object	Single Vehicle	153.114034024865	-27.4682894538921	Murarrie Rd	""	""	Tingalpa	Brisbane City	Locally-controlled	No Roadway Feature	No traffic control	"60 km/h"	Sealed - Wet	Clear	Darkness - Lighted	Curved - view obscured	Level	804	Off Path-Curve: Off Cway Lt Bend Hit Obj	"19: Off Carriageway on Curve Hit Object"	N	0	3	0	0	3	1	0	0	0	0	0	0
201686	201686	Hospitalisation	2025	May	Monday	5	Hit object	Single Vehicle	153.114964025062	-27.4659404539673	Gateway Arterial Rd	""	Gateway Motorway (Eight Mile Plains - Nudgee)	Tingalpa	Brisbane City	State-controlled	No Roadway Feature	No traffic control	"100 - 110 km/h"	Sealed - Dry	Clear	Dawn/Dusk	Straight	Level	704	Off Path-Straight: Right Off Cway Hit Obj	"16: Off Carriageway on Straight Hit Object"	S	0	1	0	0	1	1	0	0	0	0	0	0
201690	201690	Medical treatment	2025	May	Sunday	21	Angle	Multi-Vehicle	153.030366037066	-27.4427064452757	Lutwyche Rd	Northey St	Airport Link (Bowen Hills - Toombul)	Windsor	Brisbane City	State-controlled	Intersection - Cross	Operating traffic lights	"60 km/h"	Sealed - Dry	Clear	Darkness - Lighted	Curved - view obscured	Grade	104	Vehs Adjacent Approach: Thru-Right	"01: Intersection: Adjacent Approach"	S	0	0	1	1	2	3	0	0	0	0	0	0
201693	201693	Medical treatment	2025	April	Monday	16	Rear-end	Multi-Vehicle	153.023187046546	-27.373581444008	Gympie Rd	Webster Rd	Gympie Arterial Road	Aspley	Brisbane City	State-controlled	Intersection - Cross	Operating traffic lights	"70 km/h"	Sealed - Dry	Clear	Dawn/Dusk	Straight	Grade	301	Vehs Same Direction: Rear End	"04: Rear-end"	W	0	0	1	0	1	2	0	0	0	0	0	0
201696	201696	Minor injury	2025	May	Tuesday	17	Sideswipe	Multi-Vehicle	153.011603026622	-27.5414324441728	Fairfield Rd	Sherwood Rd	""	Rocklea	Brisbane City	Locally-controlled	Intersection - Cross	Flashing amber lights	"60 km/h"	Sealed - Dry	Clear	Dawn/Dusk	Straight	Level	308	Vehs Same Direction: Right Turn S/Swipe	"06: Parallel Lanes Turning"	E	0	0	0	1	1	2	0	0	0	0	0	0
201697	201697	Medical treatment	2025	May	Saturday	9	Rear-end	Multi-Vehicle	153.077129025624	-27.4935814503773	Boundary Rd	""	""	Camp Hill	Brisbane City	Locally-controlled	Intersection - Cross	Operating traffic lights	"60 km/h"	Sealed - Dry	Clear	Daylight	Straight	Grade	301	Vehs Same Direction: Rear End	"04: Rear-end"	N	0	0	1	0	1	3	0	0	0	0	0	0
201698	201698	Medical treatment	2025	May	Tuesday	5	Rear-end	Multi-Vehicle	153.107603012528	-27.5711064540569	Gateway Arterial Rd	""	Gateway Motorway (Eight Mile Plains - Nudgee)	Rochedale	Brisbane City	State-controlled	Intersection - Interchange	No traffic control	"100 - 110 km/h"	Sealed - Dry	Clear	Dawn/Dusk	Straight	Level	301	Vehs Same Direction: Rear End	"04: Rear-end"	N	0	0	1	0	1	3	0	0	0	0	0	0
201702	201702	Hospitalisation	2025	January	Wednesday	8	Angle	Multi-Vehicle	153.055038030302	-27.475333448012	Norman Ave	""	""	Norman Park	Brisbane City	Locally-controlled	No Roadway Feature	No traffic control	"60 km/h"	Sealed - Dry	Clear	Daylight	Straight	Dip	406	Vehs Manoeuvring: Leaving Driveway	"08: Vehicle Leaving Driveway"	S	0	1	0	0	1	0	1	0	0	1	0	0
201706	201706	Medical treatment	2025	January	Monday	8	Rear-end	Multi-Vehicle	153.055012023945	-27.525645448407	Bapaume Rd	Marshall Rd	""	Tarragindi	Brisbane City	Locally-controlled	Intersection - T-Junction	Give way sign	"60 km/h"	Sealed - Dry	Clear	Daylight	Straight	Grade	302	Vehs Same Direction: Left Rear	"04: Rear-end"	N	0	0	1	0	1	2	0	0	0	0	0	0
201708	201708	Hospitalisation	2025	January	Thursday	15	Angle	Multi-Vehicle	153.027155034535	-27.4655004451336	Ann St	Creek St	""	Brisbane City	Brisbane City	Locally-controlled	Intersection - Cross	Operating traffic lights	"60 km/h"	Sealed - Dry	Clear	Daylight	Straight	Grade	408	Vehs Manoeuvring: Entering From Footway	"08: Vehicle Leaving Driveway"	""	0	1	0	0	1	1	0	0	0	0	0	1
201710	201710	Minor injury	2025	January	Thursday	14	Hit object	Single Vehicle	153.028195025821	-27.5336334457764	Corsica St	""	""	Moorooka	Brisbane City	Locally-controlled	No Roadway Feature	No traffic control	"0 - 50 km/h"	Sealed - Dry	Clear	Daylight	Straight	Dip	703	Off Path-Straight: Left Off Cway Hit Obj	"16: Off Carriageway on Straight Hit Object"	N	0	0	0	1	1	1	0	0	0	0	0	0
201714	201714	Hospitalisation	2025	January	Thursday	18	Hit pedestrian	Hit pedestrian	152.988036021829	-27.5995074422678	Blunder Rd	""	""	Durack	Brisbane City	Locally-controlled	No Roadway Feature	Pedestrian operated lights	"70 km/h"	Sealed - Dry	Clear	Daylight	Straight	Crest	3	Pedn: Far Side Vehicle Hit From Left	"12: Pedestrian"	S	0	1	0	0	1	1	0	0	0	0	1	0
201724	201724	Medical treatment	2025	January	Monday	15	Rear-end	Multi-Vehicle	153.095699019447	-27.526617452507	Creek Rd	Tick St	""	Mansfield	Brisbane City	Locally-controlled	Intersection - Cross	Operating traffic lights	"0 - 50 km/h"	Sealed - Dry	Clear	Daylight	Straight	Level	302	Vehs Same Direction: Left Rear	"04: Rear-end"	W	0	0	1	0	1	2	0	0	0	0	0	0
201725	201725	Medical treatment	2025	January	Monday	9	Rear-end	Multi-Vehicle	153.01164403774	-27.4532754434802	Blamey St	Kelvin Grove Rd	""	Kelvin Grove	Brisbane City	Locally-controlled	Intersection - T-Junction	Operating traffic lights	"60 km/h"	Sealed - Dry	Clear	Daylight	Straight	Level	302	Vehs Same Direction: Left Rear	"04: Rear-end"	S	0	0	1	0	1	1	0	1	0	0	0	0
201739	201739	Hospitalisation	2025	February	Friday	16	Angle	Multi-Vehicle	153.062583041979	-27.3764254479878	Sandgate Rd	""	Sandgate Sub-Arterial Road	Virginia	Brisbane City	State-controlled	No Roadway Feature	No traffic control	"0 - 50 km/h"	Sealed - Dry	Clear	Daylight	Straight	Level	400	Vehs Manoeuvring: Other	"21: Other"	N	0	1	0	0	1	1	0	0	0	1	0	0
201740	201740	Medical treatment	2025	February	Monday	8	Sideswipe	Multi-Vehicle	153.047909026114	-27.5145304476054	Nicholson St	""	""	Greenslopes	Brisbane City	Locally-controlled	No Roadway Feature	No traffic control	"0 - 50 km/h"	Sealed - Dry	Clear	Daylight	Straight	Level	401	Vehs Manoeuvring: Leaving Parking	"08: Vehicle Leaving Driveway"	W	0	0	1	0	1	1	0	0	0	1	0	0
201742	201742	Medical treatment	2025	February	Thursday	8	Fall from vehicle	Single Vehicle	152.977426040632	-27.4594524400983	Simpsons Rd	""	""	Bardon	Brisbane City	Locally-controlled	No Roadway Feature	No traffic control	"0 - 50 km/h"	Sealed - Wet	Clear	Daylight	Straight	Dip	900	Pass & Misc: Other	"21: Other"	""	0	0	1	0	1	0	0	0	1	1	0	0
201744	201744	Hospitalisation	2025	March	Friday	16	Sideswipe	Multi-Vehicle	152.998971045649	-27.4012664417977	Niven St	Redwood St	""	Stafford Heights	Brisbane City	Locally-controlled	Intersection - T-Junction	Give way sign	"0 - 50 km/h"	Sealed - Wet	Raining	Dawn/Dusk	Straight	Dip	104	Vehs Adjacent Approach: Thru-Right	"01: Intersection: Adjacent Approach"	E	0	1	0	0	1	2	0	0	0	0	0	0
201757	201757	Hospitalisation	2025	March	Sunday	5	Hit object	Single Vehicle	153.035189030248	-27.4926264461547	South East Arterial Rd	""	South-East Arterial Road (Pacific Motorway)	Woolloongabba	Brisbane City	State-controlled	No Roadway Feature	No traffic control	"100 - 110 km/h"	Sealed - Wet	Fog	Dawn/Dusk	Straight	Grade	703	Off Path-Straight: Left Off Cway Hit Obj	"16: Off Carriageway on Straight Hit Object"	E	0	1	0	0	1	1	0	0	0	0	0	0
201760	201760	Minor injury	2025	March	Saturday	10	Rear-end	Multi-Vehicle	153.010936036472	-27.4639334434935	Hale St	""	""	Milton	Brisbane City	Locally-controlled	No Roadway Feature	No traffic control	"0 - 50 km/h"	Sealed - Wet	Fog	Daylight	Straight	Level	301	Vehs Same Direction: Rear End	"04: Rear-end"	N	0	0	0	1	1	3	0	0	0	0	0	0
201761	201761	Minor injury	2025	March	Friday	21	Rear-end	Multi-Vehicle	153.012608051154	-27.3459524427277	Beams Rd	Gympie Rd	Gympie Arterial Road	Carseldine	Brisbane City	State-controlled	Intersection - T-Junction	Give way sign	"60 km/h"	Sealed - Wet	Raining	Darkness - Lighted	Straight	Level	302	Vehs Same Direction: Left Rear	"04: Rear-end"	E	0	0	0	1	1	2	0	0	0	0	0	0
201763	201763	Medical treatment	2025	March	Sunday	6	Angle	Multi-Vehicle	153.030400031633	-27.4857314456193	Allen St	Stanley St	South-East Arterial Road (Pacific Motorway)	Woolloongabba	Brisbane City	State-controlled	Intersection - T-Junction	Operating traffic lights	"60 km/h"	Sealed - Dry	Clear	Daylight	Straight	Level	202	Vehs Opposite Approach: Thru-Right	"03: Opposing Vehicles Turning"	W	0	0	1	0	1	2	0	0	0	0	0	0
201764	201764	Medical treatment	2025	March	Saturday	8	Angle	Multi-Vehicle	153.055319028821	-27.486814448131	Birubi St	Stanley St East	""	Coorparoo	Brisbane City	Locally-controlled	Intersection - T-Junction	Give way sign	"60 km/h"	Sealed - Wet	Raining	Daylight	Straight	Level	104	Vehs Adjacent Approach: Thru-Right	"01: Intersection: Adjacent Approach"	E	0	0	1	0	1	1	1	0	0	0	0	0
201802	201802	Hospitalisation	2025	February	Saturday	16	Angle	Multi-Vehicle	153.036365035226	-27.4521944459531	Brookes St	""	""	Bowen Hills	Brisbane City	Locally-controlled	No Roadway Feature	No traffic control	"60 km/h"	Sealed - Dry	Clear	Daylight	Straight	Grade	305	Vehs Same Direction: Lane Side Swipe	"05: Lane Change"	E	0	1	0	0	1	2	0	0	0	0	0	0
201804	201804	Medical treatment	2025	February	Sunday	21	Angle	Multi-Vehicle	152.9942360256	-27.5643444426118	Banting St	Boundary Rd	""	Rocklea	Brisbane City	Locally-controlled	Intersection - T-Junction	Give way sign	"60 km/h"	Sealed - Dry	Clear	Darkness - Lighted	Straight	Level	104	Vehs Adjacent Approach: Thru-Right	"01: Intersection: Adjacent Approach"	E	0	0	1	0	1	2	0	0	0	0	0	0
201808	201808	Hospitalisation	2025	February	Monday	17	Rear-end	Multi-Vehicle	153.023652012426	-27.6434364461869	Logan Mwy	""	Logan Motorway (Gailes - Loganholme)	Parkinson	Brisbane City	State-controlled	No Roadway Feature	No traffic control	"100 - 110 km/h"	Sealed - Dry	Clear	Daylight	Straight	Level	301	Vehs Same Direction: Rear End	"04: Rear-end"	E	0	1	0	1	2	2	0	0	0	0	0	0
201821	201821	Hospitalisation	2025	February	Tuesday	21	Overturned	Single Vehicle	153.098613008946	-27.6069834534349	Beenleigh Rd	Stiller Dr	""	Kuraby	Brisbane City	Locally-controlled	Intersection - Cross	Operating traffic lights	"60 km/h"	Sealed - Wet	Clear	Darkness - Lighted	Straight	Level	101	Vehs Adjacent Approach: Thru-Thru	"01: Intersection: Adjacent Approach"	E	0	1	1	0	2	3	0	0	0	0	0	0
201882	201882	Hospitalisation	2025	January	Wednesday	8	Hit parked vehicle	Single Vehicle	153.033926029163	-27.5022954461042	Carville St	""	""	Annerley	Brisbane City	Locally-controlled	No Roadway Feature	No traffic control	"0 - 50 km/h"	Sealed - Dry	Clear	Daylight	Straight	Grade	601	Vehs On Path: Parked	"10: Hit Parked Vehicle"	W	0	2	0	0	2	1	1	0	0	0	0	0
201891	201891	Hospitalisation	2025	January	Thursday	17	Angle	Multi-Vehicle	153.024482035408	-27.4608494448285	Boundary St	Little Edward St	""	Spring Hill	Brisbane City	Locally-controlled	Intersection - Cross	Operating traffic lights	"60 km/h"	Sealed - Dry	Clear	Dawn/Dusk	Straight	Grade	408	Vehs Manoeuvring: Entering From Footway	"08: Vehicle Leaving Driveway"	""	0	1	0	0	1	1	0	0	0	0	0	1
201896	201896	Hospitalisation	2025	January	Friday	16	Sideswipe	Multi-Vehicle	153.013308054127	-27.3217194426059	Gympie Arterial Rd	""	Gympie Arterial Road	Bald Hills	Brisbane City	State-controlled	No Roadway Feature	No traffic control	"100 - 110 km/h"	Sealed - Dry	Clear	Daylight	Straight	Level	305	Vehs Same Direction: Lane Side Swipe	"05: Lane Change"	N	0	1	0	0	1	1	1	0	0	0	0	0
201897	201897	Minor injury	2025	January	Friday	16	Angle	Multi-Vehicle	153.117346023794	-27.4739384542705	Gateway Art Rd Ramp U	Wynnum Rd	Gateway Motorway (Eight Mile Plains - Nudgee)	Tingalpa	Brisbane City	State-controlled	Intersection - Interchange	Operating traffic lights	"60 km/h"	Unsealed - Dry	Clear	Daylight	Straight	Grade	104	Vehs Adjacent Approach: Thru-Right	"01: Intersection: Adjacent Approach"	E	0	0	0	1	1	2	0	0	0	0	0	0
201904	201904	Hospitalisation	2025	March	Wednesday	22	Hit parked vehicle	Single Vehicle	153.046100011119	-27.6345834483714	Beaudesert Rd	""	Mount Lindesay Arterial Road	Calamvale	Brisbane City	State-controlled	No Roadway Feature	No traffic control	"70 km/h"	Sealed - Wet	Raining	Darkness - Lighted	Straight	Level	601	Vehs On Path: Parked	"10: Hit Parked Vehicle"	S	0	1	0	0	1	1	0	1	0	0	0	0
201907	201907	Medical treatment	2025	March	Thursday	8	Rear-end	Multi-Vehicle	153.039173021422	-27.5590834470797	Riawena Rd	""	Griffith Arterial Road	Salisbury	Brisbane City	State-controlled	No Roadway Feature	No traffic control	"60 km/h"	Sealed - Wet	Clear	Daylight	Straight	Level	301	Vehs Same Direction: Rear End	"04: Rear-end"	E	0	0	1	0	1	3	0	0	0	0	0	0
201908	201908	Hospitalisation	2025	March	Thursday	10	Hit object	Single Vehicle	153.04449343094	-27.4792356789833	Lytton Rd	""	""	East Brisbane	Brisbane City	Locally-controlled	No Roadway Feature	No traffic control	"60 km/h"	Sealed - Dry	Clear	Daylight	Straight	Level	803	Off Path-Curve: Off Cway Rt Bend Hit Obj	"19: Off Carriageway on Curve Hit Object"	N	0	1	0	0	1	1	0	0	0	0	0	0
201909	201909	Medical treatment	2025	March	Wednesday	17	Rear-end	Multi-Vehicle	153.09704103909	-27.3701704514045	Gateway Arterial Rd	""	Gateway Arterial Road (Gateway Motorway - North)	Nudgee	Brisbane City	State-controlled	No Roadway Feature	No traffic control	"100 - 110 km/h"	Sealed - Wet	Clear	Daylight	Curved - view open	Level	408	Vehs Manoeuvring: Entering From Footway	"08: Vehicle Leaving Driveway"	S	0	0	1	0	1	2	0	0	0	0	0	0
201911	201911	Hospitalisation	2025	March	Thursday	17	Hit pedestrian	Hit pedestrian	153.028851015156	-27.6174244465036	Ridgewood Rd	""	""	Algester	Brisbane City	Locally-controlled	No Roadway Feature	No traffic control	"0 - 50 km/h"	Sealed - Wet	Raining	Dawn/Dusk	Straight	Level	1	Pedn: Near Side Vehicle Hit From Right	"12: Pedestrian"	N	0	1	0	0	1	1	0	0	0	0	1	0
201912	201912	Hospitalisation	2025	March	Thursday	15	Hit object	Single Vehicle	152.94346784942	-27.6092023988806	Centenary Hwy	""	Centenary Motorway (Ellen Grove - Toowong)	Forest Lake	Brisbane City	State-controlled	No Roadway Feature	No traffic control	"100 - 110 km/h"	Sealed - Wet	Raining	Daylight	Straight	Level	704	Off Path-Straight: Right Off Cway Hit Obj	"16: Off Carriageway on Straight Hit Object"	N	0	1	0	0	1	1	0	0	0	0	0	0
201915	201915	Medical treatment	2025	March	Tuesday	9	Rear-end	Multi-Vehicle	153.102008023188	-27.4917184528663	Creek Rd	Meadowlands Rd	""	Carindale	Brisbane City	Locally-controlled	Intersection - T-Junction	Give way sign	"60 km/h"	Sealed - Dry	Clear	Daylight	Straight	Level	302	Vehs Same Direction: Left Rear	"04: Rear-end"	S	0	0	1	0	1	2	0	0	0	0	0	0
201918	201918	Minor injury	2025	May	Monday	16	Rear-end	Multi-Vehicle	153.015810827451	-27.5629462917648	Beatty Rd	""	""	Archerfield	Brisbane City	Locally-controlled	Merge Lane	Road/Rail worker	"0 - 50 km/h"	Sealed - Dry	Clear	Daylight	Straight	Level	301	Vehs Same Direction: Rear End	"04: Rear-end"	N	0	0	0	1	1	2	0	0	0	0	0	0
201920	201920	Medical treatment	2025	June	Wednesday	18	Angle	Multi-Vehicle	153.061821036352	-27.4216624482693	Best St	Chermside St	""	Hendra	Brisbane City	Locally-controlled	Intersection - T-Junction	No traffic control	"0 - 50 km/h"	Sealed - Dry	Clear	Darkness - Lighted	Curved - view open	Level	202	Vehs Opposite Approach: Thru-Right	"03: Opposing Vehicles Turning"	E	0	0	1	0	1	1	0	0	0	1	0	0
201925	201925	Hospitalisation	2025	May	Friday	22	Angle	Multi-Vehicle	153.117818035343	-27.3822664535926	Dryandra Rd	Moreton Dr	""	Brisbane Airport	Brisbane City	Locally-controlled	Intersection - Cross	Operating traffic lights	"60 km/h"	Sealed - Dry	Clear	Darkness - Lighted	Straight	Level	101	Vehs Adjacent Approach: Thru-Thru	"01: Intersection: Adjacent Approach"	N	0	1	1	0	2	2	0	0	0	0	0	0
201933	201933	Hospitalisation	2025	May	Monday	8	Angle	Multi-Vehicle	153.071886017559	-27.5617654503887	Kessels Rd	""	Griffith Arterial Road	Macgregor	Brisbane City	State-controlled	No Roadway Feature	No traffic control	"60 km/h"	Sealed - Dry	Clear	Daylight	Straight	Dip	306	Vehs Same Direction: Lane Change Right	"05: Lane Change"	E	0	1	0	0	1	1	0	1	0	0	0	0
201934	201934	Hospitalisation	2025	May	Monday	12	Rear-end	Multi-Vehicle	153.125360022862	-27.4745144550825	Tenbar St	Wynnum Rd	""	Tingalpa	Brisbane City	Locally-controlled	Intersection - Cross	Operating traffic lights	"60 km/h"	Sealed - Dry	Clear	Daylight	Straight	Grade	301	Vehs Same Direction: Rear End	"04: Rear-end"	W	0	1	0	0	1	2	0	0	0	0	0	0
201936	201936	Hospitalisation	2025	May	Tuesday	6	Sideswipe	Multi-Vehicle	153.136066026238	-27.4388024558791	Lindum Rd	Lytton Rd	Port Of Brisbane Road	Hemmant	Brisbane City	State-controlled	Intersection - Cross	Operating traffic lights	"60 km/h"	Sealed - Dry	Clear	Daylight	Straight	Level	308	Vehs Same Direction: Right Turn S/Swipe	"06: Parallel Lanes Turning"	W	0	1	0	0	1	0	1	1	0	0	0	0
201944	201944	Minor injury	2025	May	Tuesday	17	Hit object	Single Vehicle	152.934114028503	-27.5927604368151	Boundary Rd	Progress Rd	""	Wacol	Brisbane City	Locally-controlled	Intersection - Cross	Operating traffic lights	"60 km/h"	Sealed - Dry	Clear	Darkness - Lighted	Straight	Grade	707	Off Path-Straight: Right Turn	"15: Off Carriageway on Straight"	S	0	0	0	1	1	1	0	0	0	0	0	0
201949	201949	Minor injury	2025	May	Tuesday	8	Angle	Multi-Vehicle	153.012563021594	-27.5804184445769	Beatty Rd	Melia St	""	Acacia Ridge	Brisbane City	Locally-controlled	Intersection - T-Junction	No traffic control	"60 km/h"	Sealed - Dry	Clear	Daylight	Straight	Level	105	Vehs Adjacent Approach: Right-Right	"01: Intersection: Adjacent Approach"	E	0	0	0	1	1	2	0	0	0	0	0	0
201952	201952	Medical treatment	2025	May	Tuesday	5	Angle	Multi-Vehicle	153.047707030512	-27.4798944473114	Burlington St	Hanworth St	""	East Brisbane	Brisbane City	Locally-controlled	Intersection - Cross	Give way sign	"0 - 50 km/h"	Sealed - Dry	Clear	Darkness - Not lighted	Straight	Level	101	Vehs Adjacent Approach: Thru-Thru	"01: Intersection: Adjacent Approach"	N	0	0	1	0	1	1	0	0	0	1	0	0
201953	201953	Minor injury	2025	May	Monday	14	Rear-end	Multi-Vehicle	152.98074502421	-27.5868854414374	Akama Rd	Tinaroo St	""	Durack	Brisbane City	Locally-controlled	Intersection - T-Junction	No traffic control	"0 - 50 km/h"	Sealed - Dry	Clear	Daylight	Straight	Level	301	Vehs Same Direction: Rear End	"04: Rear-end"	N	0	0	0	1	1	2	0	0	0	0	0	0
201954	201954	Hospitalisation	2025	June	Tuesday	18	Rear-end	Multi-Vehicle	152.955456927637	-27.5734195137983	Ipswich Mwy	""	Cunningham Arterial Road (Ipswich Motorway)	Darra	Brisbane City	State-controlled	No Roadway Feature	No traffic control	"80 - 90 km/h"	Sealed - Dry	Clear	Darkness - Lighted	Straight	Level	301	Vehs Same Direction: Rear End	"04: Rear-end"	N	0	1	0	0	1	2	0	0	0	0	0	0
201956	201956	Minor injury	2025	March	Thursday	19	Angle	Multi-Vehicle	153.009249052763	-27.3360054423119	Gympie Rd	Roghan Rd	Gympie Arterial Road	Bridgeman Downs	Brisbane City	State-controlled	Intersection - T-Junction	Give way sign	"60 km/h"	Sealed - Dry	Clear	Darkness - Lighted	Straight	Level	107	Vehs Adjacent Approach: Thru-Left	"01: Intersection: Adjacent Approach"	N	0	0	0	1	1	2	0	0	0	0	0	0
201957	201957	Medical treatment	2025	March	Wednesday	10	Hit pedestrian	Hit pedestrian	153.027249033857	-27.4707884451848	Charlotte St	""	""	Brisbane City	Brisbane City	Locally-controlled	No Roadway Feature	No traffic control	"0 - 50 km/h"	Sealed - Wet	Clear	Daylight	Straight	Level	0	Pedn: Hit Other	"21: Other"	S	0	0	1	0	1	1	0	0	0	0	1	0
201958	201958	Hospitalisation	2025	June	Friday	18	Rear-end	Multi-Vehicle	153.024094045023	-27.3849044441887	Hamilton Rd	""	""	Chermside	Brisbane City	Locally-controlled	No Roadway Feature	No traffic control	"60 km/h"	Sealed - Dry	Clear	Darkness - Lighted	Straight	Grade	301	Vehs Same Direction: Rear End	"04: Rear-end"	W	0	1	0	0	1	1	1	0	0	0	0	0
201960	201960	Medical treatment	2025	March	Thursday	14	Rear-end	Multi-Vehicle	153.051066012744	-27.6175174487357	Beaudesert Rd	""	Mount Lindesay Arterial Road	Calamvale	Brisbane City	State-controlled	No Roadway Feature	No traffic control	"70 km/h"	Sealed - Dry	Clear	Daylight	Straight	Level	301	Vehs Same Direction: Rear End	"04: Rear-end"	N	0	0	1	0	1	2	0	0	0	0	0	0
201962	201962	Medical treatment	2025	June	Friday	17	Angle	Multi-Vehicle	153.08215602514	-27.4931374508795	Arrol St	Old Cleveland Rd	""	Camp Hill	Brisbane City	Locally-controlled	Intersection - T-Junction	Give way sign	"60 km/h"	Sealed - Dry	Clear	Darkness - Lighted	Straight	Level	102	Vehs Adjacent Approach: Right-Thru	"01: Intersection: Adjacent Approach"	S	0	0	1	0	1	2	0	0	0	0	0	0
201963	201963	Minor injury	2025	June	Friday	18	Angle	Multi-Vehicle	153.058429039051	-27.4031564477819	Bage St	Buckland Rd	""	Nundah	Brisbane City	Locally-controlled	Intersection - Cross	Operating traffic lights	"60 km/h"	Sealed - Dry	Clear	Darkness - Lighted	Straight	Grade	202	Vehs Opposite Approach: Thru-Right	"03: Opposing Vehicles Turning"	W	0	0	0	2	2	2	0	0	0	0	0	0
201964	201964	Medical treatment	2025	June	Friday	19	Fall from vehicle	Single Vehicle	153.094936018997	-27.5308174524633	Creek Rd	""	""	Mount Gravatt East	Brisbane City	Locally-controlled	No Roadway Feature	No traffic control	"60 km/h"	Sealed - Dry	Clear	Darkness - Lighted	Curved - view open	Grade	901	Pass & Misc: Fell In/From Vehicle	"21: Other"	E	0	0	1	0	1	0	1	0	0	0	0	0
201965	201965	Hospitalisation	2025	June	Friday	19	Fall from vehicle	Single Vehicle	153.028540036623	-27.4477724451324	Central Dr	Lilly Pilly Pl	""	Herston	Brisbane City	Locally-controlled	Intersection - T-Junction	No traffic control	"0 - 50 km/h"	Sealed - Dry	Clear	Darkness - Lighted	Straight	Grade	901	Pass & Misc: Fell In/From Vehicle	"21: Other"	N	0	1	0	0	1	0	1	0	0	0	0	0
201968	201968	Hospitalisation	2025	June	Friday	22	Angle	Multi-Vehicle	153.061983012334	-27.6114474497851	Compton Rd	Gowan Rd	""	Calamvale	Brisbane City	Locally-controlled	Intersection - Cross	Operating traffic lights	"70 km/h"	Sealed - Dry	Clear	Darkness - Lighted	Straight	Level	202	Vehs Opposite Approach: Thru-Right	"03: Opposing Vehicles Turning"	E	0	2	0	0	2	2	0	0	0	0	0	0
201970	201970	Hospitalisation	2025	June	Monday	7	Hit object	Single Vehicle	153.046556052046	-27.3101094458519	Gateway Arterial Rd	""	Gateway Arterial Road (Gateway Motorway - North)	Brighton	Brisbane City	State-controlled	No Roadway Feature	No traffic control	"60 km/h"	Sealed - Wet	Raining	Daylight	Curved - view open	Level	804	Off Path-Curve: Off Cway Lt Bend Hit Obj	"19: Off Carriageway on Curve Hit Object"	E	0	1	0	0	1	1	0	0	0	0	0	0
201973	201973	Medical treatment	2025	June	Wednesday	16	Rear-end	Multi-Vehicle	153.012482051217	-27.3455524427118	Gympie Rd	""	Gympie Arterial Road	Carseldine	Brisbane City	State-controlled	No Roadway Feature	No traffic control	"60 km/h"	Sealed - Dry	Clear	Daylight	Straight	Level	301	Vehs Same Direction: Rear End	"04: Rear-end"	S	0	0	1	0	1	2	0	0	0	0	0	0
201977	201977	Medical treatment	2025	June	Tuesday	9	Rear-end	Multi-Vehicle	153.020876023458	-27.5585754452387	Beaudesert Rd	Granard Rd	Mount Lindesay Arterial Road	Coopers Plains	Brisbane City	State-controlled	Intersection - T-Junction	Give way sign	"0 - 50 km/h"	Sealed - Dry	Clear	Daylight	Straight	Level	302	Vehs Same Direction: Left Rear	"04: Rear-end"	N	0	0	1	0	1	3	0	0	0	0	0	0
201979	201979	Medical treatment	2025	May	Saturday	10	Rear-end	Multi-Vehicle	153.087200015555	-27.5645654519513	Logan Rd	""	Logan Sub-Arterial Road	Upper Mount Gravatt	Brisbane City	State-controlled	No Roadway Feature	No traffic control	"60 km/h"	Sealed - Dry	Clear	Daylight	Straight	Level	301	Vehs Same Direction: Rear End	"04: Rear-end"	E	0	0	1	0	1	2	0	0	0	0	0	0
201983	201983	Minor injury	2025	April	Monday	0	Hit object	Single Vehicle	152.924449049431	-27.4346734346	Mount Nebo Rd	""	""	Enoggera Reservoir	Brisbane City	Locally-controlled	No Roadway Feature	No traffic control	"60 km/h"	Sealed - Dry	Clear	Darkness - Not lighted	Curved - view obscured	Grade	300	Vehs Same Direction: Other	"21: Other"	E	0	0	0	5	5	2	0	0	0	0	0	0
201984	201984	Hospitalisation	2025	April	Tuesday	7	Angle	Multi-Vehicle	153.187012019596	-27.4481784610946	Lower Esp	Upper Esplanade	""	Manly	Brisbane City	Locally-controlled	Intersection - T-Junction	Give way sign	"0 - 50 km/h"	Sealed - Dry	Clear	Daylight	Straight	Level	104	Vehs Adjacent Approach: Thru-Right	"01: Intersection: Adjacent Approach"	N	0	1	0	0	1	1	0	0	0	1	0	0
201986	201986	Medical treatment	2025	April	Tuesday	13	Angle	Multi-Vehicle	152.982432025341	-27.5764824415244	Blunder Rd	Oakmont Ave	""	Durack	Brisbane City	Locally-controlled	Intersection - Cross	Operating traffic lights	"60 km/h"	Sealed - Dry	Clear	Daylight	Straight	Level	202	Vehs Opposite Approach: Thru-Right	"03: Opposing Vehicles Turning"	N	0	0	1	0	1	2	0	0	0	0	0	0
201987	201987	Medical treatment	2025	April	Tuesday	14	Angle	Multi-Vehicle	153.065182049858	-27.3117304477366	Brighton Tce	Wakefield St	""	Sandgate	Brisbane City	Locally-controlled	Intersection - Cross	Stop sign	"60 km/h"	Sealed - Dry	Clear	Daylight	Straight	Level	101	Vehs Adjacent Approach: Thru-Thru	"01: Intersection: Adjacent Approach"	E	0	0	1	0	1	2	0	0	0	0	0	0
201988	201988	Minor injury	2025	April	Thursday	16	Rear-end	Multi-Vehicle	153.066598018534	-27.5585584498316	Mains Rd	Omeo St	Nathan Connection Arterial Road	Macgregor	Brisbane City	State-controlled	Intersection - T-Junction	Operating traffic lights	"60 km/h"	Sealed - Dry	Clear	Daylight	Straight	Level	301	Vehs Same Direction: Rear End	"04: Rear-end"	S	0	0	0	1	1	1	0	1	0	0	0	0
202007	202007	Hospitalisation	2025	May	Tuesday	5	Sideswipe	Multi-Vehicle	153.120078027194	-27.444768454315	Lytton Rd	""	Port Of Brisbane Road	Hemmant	Brisbane City	State-controlled	No Roadway Feature	No traffic control	"60 km/h"	Sealed - Wet	Clear	Dawn/Dusk	Straight	Level	604	Vehs On Path: Car Door	"10: Hit Parked Vehicle"	W	0	1	0	0	1	1	0	0	0	1	0	0
202008	202008	Minor injury	2025	May	Tuesday	12	Angle	Multi-Vehicle	153.065870018355	-27.5605934497745	Griffith Arterial Rd	Mains Rd	Griffith Arterial Road	Nathan	Brisbane City	State-controlled	Intersection - Cross	Operating traffic lights	"60 km/h"	Sealed - Dry	Clear	Daylight	Straight	Level	202	Vehs Opposite Approach: Thru-Right	"03: Opposing Vehicles Turning"	W	0	0	0	1	1	2	0	0	0	0	0	0
202011	202011	Medical treatment	2025	May	Tuesday	5	Angle	Multi-Vehicle	153.041066037452	-27.4305604462541	Albion Overpass	Hudson Rd	""	Albion	Brisbane City	Locally-controlled	Intersection - Cross	Operating traffic lights	"60 km/h"	Sealed - Dry	Clear	Dawn/Dusk	Straight	Level	202	Vehs Opposite Approach: Thru-Right	"03: Opposing Vehicles Turning"	S	0	0	1	0	1	2	0	0	0	0	0	0
202012	202012	Hospitalisation	2025	May	Monday	6	Rear-end	Multi-Vehicle	153.104894011826	-27.578943453846	Gateway Arterial Rd	""	Gateway Motorway (Eight Mile Plains - Nudgee)	Rochedale	Brisbane City	State-controlled	No Roadway Feature	No traffic control	"100 - 110 km/h"	Sealed - Dry	Clear	Daylight	Straight	Level	301	Vehs Same Direction: Rear End	"04: Rear-end"	N	0	1	0	0	1	1	0	1	0	0	0	0
202013	202013	Medical treatment	2025	May	Saturday	18	Angle	Multi-Vehicle	153.0070570348	-27.4804984432353	Vulture St	""	""	West End	Brisbane City	Locally-controlled	No Roadway Feature	No traffic control	"0 - 50 km/h"	Sealed - Dry	Clear	Darkness - Lighted	Straight	Level	400	Vehs Manoeuvring: Other	"21: Other"	""	0	0	1	0	1	1	0	0	0	0	0	1
202014	202014	Medical treatment	2025	May	Friday	19	Fall from vehicle	Single Vehicle	153.001508034816	-27.4850944427151	Tondara La	""	""	West End	Brisbane City	Locally-controlled	No Roadway Feature	No traffic control	"0 - 50 km/h"	Sealed - Dry	Clear	Darkness - Lighted	Straight	Level	901	Pass & Misc: Fell In/From Vehicle	"21: Other"	""	0	0	1	0	1	1	0	0	0	0	0	0
202031	202031	Medical treatment	2025	January	Saturday	19	Hit object	Single Vehicle	152.83646204521	-27.5436974266789	Caringal Dr	""	""	Karana Downs	Brisbane City	Locally-controlled	No Roadway Feature	No traffic control	"60 km/h"	Sealed - Wet	Clear	Darkness - Lighted	Curved - view open	Level	804	Off Path-Curve: Off Cway Lt Bend Hit Obj	"19: Off Carriageway on Curve Hit Object"	W	0	0	2	0	2	1	0	0	0	0	0	0
202040	202040	Hospitalisation	2025	January	Monday	14	Head-on	Multi-Vehicle	153.010201021125	-27.5861454443851	Bowhill Rd	""	""	Willawong	Brisbane City	Locally-controlled	No Roadway Feature	No traffic control	"70 km/h"	Sealed - Wet	Clear	Daylight	Curved - view open	Level	201	Vehs Opposite Approach: Head On	"02: Head-on"	N	0	2	0	2	4	4	0	0	0	0	0	0
202042	202042	Hospitalisation	2025	January	Tuesday	7	Angle	Multi-Vehicle	153.036902027453	-27.51329844649	Ekibin Rd	Gustavson St	""	Annerley	Brisbane City	Locally-controlled	Intersection - Cross	Give way sign	"60 km/h"	Sealed - Dry	Clear	Daylight	Straight	Grade	101	Vehs Adjacent Approach: Thru-Thru	"01: Intersection: Adjacent Approach"	N	0	1	0	0	1	1	0	0	0	1	0	0
202046	202046	Medical treatment	2025	January	Tuesday	6	Angle	Multi-Vehicle	153.06469402919	-27.4759274489873	Agnew St	Railway Pde	""	Norman Park	Brisbane City	Locally-controlled	Intersection - T-Junction	No traffic control	"0 - 50 km/h"	Sealed - Dry	Clear	Daylight	Straight	Level	202	Vehs Opposite Approach: Thru-Right	"03: Opposing Vehicles Turning"	E	0	0	1	0	1	1	0	0	0	1	0	0
202051	202051	Minor injury	2025	January	Tuesday	12	Rear-end	Multi-Vehicle	153.027687034025	-27.4690884452154	Edward St	Elizabeth St	""	Brisbane City	Brisbane City	Locally-controlled	Intersection - Cross	Operating traffic lights	"0 - 50 km/h"	Sealed - Dry	Clear	Daylight	Straight	Level	301	Vehs Same Direction: Rear End	"04: Rear-end"	""	0	0	0	1	1	2	0	0	0	0	0	0
202052	202052	Medical treatment	2025	April	Tuesday	5	Rear-end	Multi-Vehicle	153.02729703289	-27.4784144452499	South East Arterial Rd	""	South-East Arterial Road (Pacific Motorway)	Brisbane City	Brisbane City	State-controlled	No Roadway Feature	No traffic control	"80 - 90 km/h"	Sealed - Dry	Clear	Daylight	Straight	Level	301	Vehs Same Direction: Rear End	"04: Rear-end"	N	0	0	1	0	1	2	0	0	0	0	0	0
202055	202055	Medical treatment	2025	April	Saturday	22	Angle	Multi-Vehicle	152.945960034837	-27.5323374375234	Sinnamon Rd	Western Arterial Rd	Centenary Motorway (Ellen Grove - Toowong)	Jindalee	Brisbane City	State-controlled	Intersection - Interchange	No traffic control	"60 km/h"	Sealed - Dry	Clear	Darkness - Not lighted	Curved - view open	Level	101	Vehs Adjacent Approach: Thru-Thru	"01: Intersection: Adjacent Approach"	N	0	0	1	0	1	2	0	0	0	0	0	0
202132	202132	Hospitalisation	2025	January	Tuesday	5	Fall from vehicle	Single Vehicle	153.029431045197	-27.3789974446777	Gympie Rd	Murphy Rd	Gympie Arterial Road	Chermside	Brisbane City	State-controlled	Intersection - T-Junction	Operating traffic lights	"60 km/h"	Sealed - Dry	Clear	Daylight	Straight	Level	202	Vehs Opposite Approach: Thru-Right	"03: Opposing Vehicles Turning"	E	0	1	0	0	1	1	1	0	0	0	0	0
202135	202135	Hospitalisation	2025	January	Thursday	19	Rear-end	Multi-Vehicle	153.06320301302	-27.6049924498568	Firelight St	Gowan Rd	""	Sunnybank Hills	Brisbane City	Locally-controlled	Intersection - T-Junction	Give way sign	"60 km/h"	Sealed - Dry	Clear	Darkness - Lighted	Straight	Grade	301	Vehs Same Direction: Rear End	"04: Rear-end"	S	0	1	0	0	1	2	0	0	0	0	0	0
202137	202137	Hospitalisation	2025	January	Sunday	6	Sideswipe	Multi-Vehicle	153.040382030768	-27.4840944466088	Cairns St	Wellington Rd	""	East Brisbane	Brisbane City	Locally-controlled	Intersection - T-Junction	No traffic control	"60 km/h"	Sealed - Wet	Raining	Daylight	Straight	Level	308	Vehs Same Direction: Right Turn S/Swipe	"06: Parallel Lanes Turning"	N	0	1	0	0	1	2	0	0	0	0	0	0
202210	202210	Hospitalisation	2025	April	Monday	16	Hit pedestrian	Hit pedestrian	153.017651049312	-27.3563104433157	Zillmere Rd	""	Gympie Arterial Road	Aspley	Brisbane City	State-controlled	No Roadway Feature	No traffic control	"60 km/h"	Sealed - Dry	Clear	Daylight	Straight	Level	3	Pedn: Far Side Vehicle Hit From Left	"12: Pedestrian"	W	0	1	0	0	1	1	0	0	0	0	1	0
202285	202285	Medical treatment	2025	April	Wednesday	15	Rear-end	Multi-Vehicle	153.063653016909	-27.5739034496567	Elva St	Mains Rd	""	Sunnybank	Brisbane City	Locally-controlled	Intersection - T-Junction	No traffic control	"60 km/h"	Sealed - Wet	Raining	Daylight	Straight	Level	301	Vehs Same Direction: Rear End	"04: Rear-end"	S	0	0	1	0	1	3	0	0	0	0	0	0
202288	202288	Hospitalisation	2025	April	Saturday	13	Angle	Multi-Vehicle	153.037363014574	-27.6147554473373	Algester Rd	Eungella St	""	Calamvale	Brisbane City	Locally-controlled	Intersection - T-Junction	Stop sign	"60 km/h"	Sealed - Dry	Clear	Daylight	Straight	Level	104	Vehs Adjacent Approach: Thru-Right	"01: Intersection: Adjacent Approach"	E	0	1	0	0	1	2	0	0	0	0	0	0
202299	202300	Hospitalisation	2025	April	Tuesday	19	Angle	Multi-Vehicle	152.924005032607	-27.5688434356155	Wolston Rd	""	""	Sumner	Brisbane City	Locally-controlled	Intersection - T-Junction	Give way sign	"60 km/h"	Sealed - Dry	Clear	Darkness - Not lighted	Straight	Level	104	Vehs Adjacent Approach: Thru-Right	"01: Intersection: Adjacent Approach"	N	0	1	0	0	1	2	0	0	0	0	0	0
202301	202302	Medical treatment	2025	April	Wednesday	6	Angle	Multi-Vehicle	153.07479802552	-27.496376450165	Lockyer St	Princess St	""	Camp Hill	Brisbane City	Locally-controlled	Intersection - Cross	No traffic control	"0 - 50 km/h"	Sealed - Dry	Clear	Daylight	Straight	Level	101	Vehs Adjacent Approach: Thru-Thru	"01: Intersection: Adjacent Approach"	E	0	0	1	0	1	2	0	0	0	0	0	0
202303	202304	Hospitalisation	2025	April	Wednesday	7	Hit parked vehicle	Single Vehicle	153.055727022646	-27.5353104485552	Monash Rd	""	""	Tarragindi	Brisbane City	Locally-controlled	No Roadway Feature	No traffic control	"0 - 50 km/h"	Sealed - Dry	Clear	Daylight	Curved - view open	Dip	601	Vehs On Path: Parked	"10: Hit Parked Vehicle"	E	0	1	0	1	2	2	0	0	0	0	0	0
202305	202306	Medical treatment	2025	April	Wednesday	16	Angle	Multi-Vehicle	153.058616027617	-27.4935424485156	Cavendish Rd	Kitchener St	""	Coorparoo	Brisbane City	Locally-controlled	Intersection - T-Junction	No traffic control	"0 - 50 km/h"	Sealed - Dry	Clear	Daylight	Straight	Level	202	Vehs Opposite Approach: Thru-Right	"03: Opposing Vehicles Turning"	W	0	0	1	0	1	2	0	0	0	0	0	0
202313	202314	Hospitalisation	2025	April	Sunday	17	Angle	Multi-Vehicle	153.12820801875	-27.504549455607	Mt Petrie Rd	Old Cleveland Rd	Cleveland Sub-Arterial Road	Belmont	Brisbane City	State-controlled	Intersection - T-Junction	Give way sign	"60 km/h"	Sealed - Dry	Clear	Daylight	Straight	Grade	202	Vehs Opposite Approach: Thru-Right	"03: Opposing Vehicles Turning"	S	0	1	0	0	1	2	0	0	0	0	0	0
204253	204254	Medical treatment	2025	April	Thursday	18	Hit pedestrian	Hit pedestrian	152.998126040063	-27.4463424420696	Boon St	""	""	Ashgrove	Brisbane City	Locally-controlled	No Roadway Feature	No traffic control	"60 km/h"	Sealed - Wet	Raining	Darkness - Not lighted	Straight	Grade	1	Pedn: Near Side Vehicle Hit From Right	"12: Pedestrian"	N	0	0	1	1	2	0	1	0	0	0	1	0
204261	204262	Minor injury	2025	April	Monday	6	Rear-end	Multi-Vehicle	153.131317013019	-27.5471084562566	Mt Gravatt - Capalaba Rd	""	Redland Sub-Arterial Road	Mackenzie	Brisbane City	State-controlled	No Roadway Feature	No traffic control	"80 - 90 km/h"	Sealed - Dry	Clear	Daylight	Straight	Level	301	Vehs Same Direction: Rear End	"04: Rear-end"	W	0	0	0	2	2	3	0	0	0	0	0	0
204594	204595	Medical treatment	2025	April	Sunday	17	Angle	Multi-Vehicle	152.984705037461	-27.4784314409778	Miskin St	Western Arterial Rd	Western Arterial Road (Toowong - Everton Park)	Toowong	Brisbane City	State-controlled	Intersection - Roundabout	Give way sign	"0 - 50 km/h"	Sealed - Dry	Clear	Darkness - Lighted	Straight	Level	101	Vehs Adjacent Approach: Thru-Thru	"01: Intersection: Adjacent Approach"	W	0	0	1	0	1	2	0	0	0	0	0	0
207394	207395	Hospitalisation	2025	February	Wednesday	8	Rear-end	Multi-Vehicle	152.978416023031	-27.5982154412934	Inala Ave	Sycamore St	""	Inala	Brisbane City	Locally-controlled	Intersection - T-Junction	No traffic control	"60 km/h"	Sealed - Dry	Clear	Daylight	Straight	Dip	301	Vehs Same Direction: Rear End	"04: Rear-end"	S	0	1	0	0	1	2	0	0	0	0	0	0
207397	207398	Hospitalisation	2025	February	Wednesday	6	Sideswipe	Multi-Vehicle	153.027863018788	-27.5895564461846	Beaudesert Rd	Elizabeth St	Mount Lindesay Arterial Road	Acacia Ridge	Brisbane City	State-controlled	Intersection - T-Junction	Operating traffic lights	"60 km/h"	Sealed - Dry	Clear	Daylight	Curved - view open	Level	306	Vehs Same Direction: Lane Change Right	"05: Lane Change"	N	0	1	0	0	1	4	1	2	0	0	0	0
207398	207399	Medical treatment	2025	February	Wednesday	9	Sideswipe	Multi-Vehicle	153.038766028019	-27.5072354466293	Pacific Hwy	South East Arterial Rd	South-East Arterial Road (Pacific Motorway)	Greenslopes	Brisbane City	State-controlled	Intersection - Interchange	No traffic control	"80 - 90 km/h"	Sealed - Dry	Clear	Daylight	Curved - view open	Level	307	Vehs Same Direction: Lane Change Left	"05: Lane Change"	S	0	0	1	0	1	2	0	1	0	0	0	0
207400	207401	Medical treatment	2025	February	Wednesday	9	Angle	Multi-Vehicle	153.027517030956	-27.4935494453916	Annerley Rd	Nelson St	""	Dutton Park	Brisbane City	Locally-controlled	Intersection - T-Junction	No traffic control	"60 km/h"	Sealed - Dry	Clear	Daylight	Curved - view open	Level	408	Vehs Manoeuvring: Entering From Footway	"08: Vehicle Leaving Driveway"	N	0	0	1	0	1	1	0	0	0	1	0	0
207401	207402	Hospitalisation	2025	February	Thursday	2	Hit pedestrian	Hit pedestrian	152.98846604254	-27.4349034410106	Stark St	Wardell St	Western Arterial Road (Toowong - Everton Park)	Ashgrove	Brisbane City	State-controlled	Intersection - T-Junction	Give way sign	"60 km/h"	Sealed - Dry	Clear	Darkness - Lighted	Straight	Grade	1	Pedn: Near Side Vehicle Hit From Right	"12: Pedestrian"	S	0	1	0	0	1	1	0	0	0	0	1	0
207402	207403	Minor injury	2025	February	Thursday	6	Fall from vehicle	Single Vehicle	152.972376042604	-27.4480974395027	Firhill St	Waterworks Rd	""	Ashgrove	Brisbane City	Locally-controlled	Intersection - T-Junction	No traffic control	"60 km/h"	Sealed - Dry	Clear	Daylight	Curved - view open	Level	202	Vehs Opposite Approach: Thru-Right	"03: Opposing Vehicles Turning"	N	0	0	0	1	1	1	0	0	0	1	0	0
207403	207404	Medical treatment	2025	February	Thursday	6	Hit parked vehicle	Single Vehicle	153.057618052121	-27.3001584468846	Queens Pde	""	""	Brighton	Brisbane City	Locally-controlled	No Roadway Feature	No traffic control	"0 - 50 km/h"	Sealed - Dry	Clear	Daylight	Straight	Level	601	Vehs On Path: Parked	"10: Hit Parked Vehicle"	W	0	0	1	0	1	2	0	0	0	0	0	0
207575	207576	Hospitalisation	2025	February	Saturday	12	Rear-end	Multi-Vehicle	153.013556050608	-27.3494864428508	Gympie Rd	Hawbridge St	Gympie Arterial Road	Carseldine	Brisbane City	State-controlled	Intersection - T-Junction	No traffic control	"80 - 90 km/h"	Sealed - Dry	Clear	Daylight	Straight	Level	301	Vehs Same Direction: Rear End	"04: Rear-end"	N	0	1	0	3	4	3	0	0	0	0	0	0
207577	207578	Hospitalisation	2025	February	Sunday	12	Fall from vehicle	Single Vehicle	153.040839033812	-27.459592446461	Harcourt St	""	""	New Farm	Brisbane City	Locally-controlled	No Roadway Feature	No traffic control	"0 - 50 km/h"	Sealed - Dry	Clear	Daylight	Straight	Level	506	Vehs Overtaking: Overtake-Right Turn	"09: Overtaking Same Direction"	N	0	1	0	0	1	2	1	0	0	0	0	0
207579	207580	Hospitalisation	2025	February	Wednesday	8	Angle	Multi-Vehicle	153.038736052108	-27.3162314451149	Bracken St	Gawain Rd	""	Bracken Ridge	Brisbane City	Locally-controlled	Intersection - T-Junction	Give way sign	"60 km/h"	Sealed - Dry	Clear	Daylight	Straight	Grade	104	Vehs Adjacent Approach: Thru-Right	"01: Intersection: Adjacent Approach"	N	0	2	0	0	2	2	0	0	0	0	0	0
207584	207585	Hospitalisation	2025	February	Thursday	7	Hit pedestrian	Hit pedestrian	152.982394018638	-27.6295994419396	Wadeville St	""	""	Heathwood	Brisbane City	Locally-controlled	No Roadway Feature	No traffic control	"60 km/h"	Sealed - Dry	Clear	Daylight	Straight	Crest	2	Pedn: Hit Emerging Behind Vehicle	"12: Pedestrian"	E	0	1	0	0	1	1	0	0	0	0	1	0
207588	207589	Minor injury	2025	February	Thursday	4	Rear-end	Multi-Vehicle	153.029748044314	-27.3857344447629	Hamilton Rd	""	Gympie Arterial Road	Chermside	Brisbane City	State-controlled	No Roadway Feature	No traffic control	"60 km/h"	Sealed - Dry	Clear	Daylight	Straight	Level	301	Vehs Same Direction: Rear End	"04: Rear-end"	E	0	0	0	1	1	2	0	0	0	0	0	0
207591	207592	Medical treatment	2025	February	Friday	6	Rear-end	Multi-Vehicle	153.075579015675	-27.5735004508528	Mccullough St	""	""	Macgregor	Brisbane City	Locally-controlled	No Roadway Feature	Pedestrian operated lights	"60 km/h"	Sealed - Wet	Clear	Daylight	Straight	Level	301	Vehs Same Direction: Rear End	"04: Rear-end"	E	0	0	1	1	2	2	0	0	0	0	0	0
207593	207594	Minor injury	2025	February	Monday	8	Rear-end	Multi-Vehicle	152.926517029727	-27.5895624360301	Cunningham Arterial Rd	""	Cunningham Arterial Road (Ipswich Motorway)	Wacol	Brisbane City	State-controlled	Intersection - T-Junction	Give way sign	"70 km/h"	Sealed - Dry	Clear	Daylight	Curved - view open	Level	302	Vehs Same Direction: Left Rear	"04: Rear-end"	S	0	0	0	1	1	2	0	0	0	0	0	0
207594	207595	Medical treatment	2025	February	Wednesday	14	Angle	Multi-Vehicle	153.043113036932	-27.4329414464786	Collingwood St	Sandgate Rd	""	Albion	Brisbane City	Locally-controlled	Intersection - T-Junction	Give way sign	"60 km/h"	Sealed - Dry	Clear	Daylight	Curved - view open	Level	101	Vehs Adjacent Approach: Thru-Thru	"01: Intersection: Adjacent Approach"	S	0	0	1	0	1	1	0	0	1	0	0	0
207639	207640	Medical treatment	2025	June	Monday	13	Angle	Multi-Vehicle	153.008259032956	-27.4940934434633	Sir Fred Schonell Dr	Walcott St	""	St Lucia	Brisbane City	Locally-controlled	Intersection - T-Junction	No traffic control	"0 - 50 km/h"	Sealed - Dry	Clear	Daylight	Straight	Level	202	Vehs Opposite Approach: Thru-Right	"03: Opposing Vehicles Turning"	E	0	0	1	0	1	1	1	0	0	0	0	0
207643	207644	Medical treatment	2025	April	Friday	21	Rear-end	Multi-Vehicle	153.088678024125	-27.4956284515555	Jones Rd	Old Cleveland Rd	""	Carina	Brisbane City	Locally-controlled	Intersection - T-Junction	Operating traffic lights	"60 km/h"	Sealed - Dry	Clear	Darkness - Lighted	Curved - view open	Level	301	Vehs Same Direction: Rear End	"04: Rear-end"	E	0	0	2	0	2	3	0	0	0	0	0	0
207647	207648	Hospitalisation	2025	June	Tuesday	16	Angle	Multi-Vehicle	152.979318045904	-27.415959439944	Heliopolis Pde	Samford Rd	Samford Sub-Arterial Road	Mitchelton	Brisbane City	State-controlled	Intersection - T-Junction	No traffic control	"60 km/h"	Sealed - Dry	Clear	Dawn/Dusk	Straight	Grade	202	Vehs Opposite Approach: Thru-Right	"03: Opposing Vehicles Turning"	E	0	1	0	0	1	1	1	0	0	0	0	0
207652	207653	Medical treatment	2025	June	Saturday	8	Angle	Multi-Vehicle	153.185364019003	-27.4542424609761	Cambridge Pde	Stratton Tce	""	Manly	Brisbane City	Locally-controlled	Intersection - Cross	Give way sign	"0 - 50 km/h"	Sealed - Dry	Clear	Daylight	Straight	Level	101	Vehs Adjacent Approach: Thru-Thru	"01: Intersection: Adjacent Approach"	E	0	0	1	0	1	1	0	0	0	1	0	0
207653	207654	Minor injury	2025	June	Saturday	8	Angle	Multi-Vehicle	152.9834450452	-27.418037440374	Pickering St	Samford Rd	Samford Sub-Arterial Road	Gaythorne	Brisbane City	State-controlled	Intersection - T-Junction	Operating traffic lights	"60 km/h"	Sealed - Dry	Clear	Daylight	Curved - view open	Level	408	Vehs Manoeuvring: Entering From Footway	"08: Vehicle Leaving Driveway"	W	0	0	0	1	1	1	0	0	0	1	0	0
207666	207667	Hospitalisation	2025	June	Sunday	17	Hit pedestrian	Hit pedestrian	152.968484024403	-27.5958394402797	Frangipani St	""	""	Inala	Brisbane City	Locally-controlled	No Roadway Feature	No traffic control	"60 km/h"	Sealed - Dry	Clear	Darkness - Lighted	Straight	Level	4	Pedn: Play; Work; Stand; Lie On Cway	"12: Pedestrian"	W	0	1	0	0	1	1	0	0	0	0	1	0
207669	207670	Minor injury	2025	June	Monday	7	Hit pedestrian	Hit pedestrian	152.975019029827	-27.5472594405509	Rathlyn Ave	""	""	Corinda	Brisbane City	Locally-controlled	No Roadway Feature	No traffic control	"60 km/h"	Sealed - Dry	Clear	Daylight	Straight	Level	1	Pedn: Near Side Vehicle Hit From Right	"12: Pedestrian"	E	0	0	0	1	1	1	0	0	0	0	1	0
207670	207671	Medical treatment	2025	June	Monday	9	Hit parked vehicle	Single Vehicle	152.939628037812	-27.514118436746	Gilruth Rd	""	""	Kenmore	Brisbane City	Locally-controlled	No Roadway Feature	No traffic control	"0 - 50 km/h"	Sealed - Dry	Clear	Daylight	Straight	Grade	601	Vehs On Path: Parked	"10: Hit Parked Vehicle"	S	0	0	1	0	1	2	0	0	0	0	0	0
207771	207772	Minor injury	2025	June	Monday	20	Hit object	Single Vehicle	153.005933055334	-27.3183724418396	Gympie Rd	""	""	Bald Hills	Brisbane City	Locally-controlled	No Roadway Feature	No traffic control	"60 km/h"	Sealed - Dry	Clear	Darkness - Lighted	Straight	Level	703	Off Path-Straight: Left Off Cway Hit Obj	"16: Off Carriageway on Straight Hit Object"	W	0	0	0	1	1	1	0	0	0	0	0	0
207773	207774	Hospitalisation	2025	June	Tuesday	1	Hit object	Single Vehicle	153.024541016293	-27.612112446029	Paradise Rd	""	""	Pallara	Brisbane City	Locally-controlled	No Roadway Feature	No traffic control	"70 km/h"	Sealed - Dry	Clear	Darkness - Not lighted	Straight	Level	704	Off Path-Straight: Right Off Cway Hit Obj	"16: Off Carriageway on Straight Hit Object"	N	0	1	0	0	1	1	0	0	0	0	0	0
208656	208657	Medical treatment	2025	May	Monday	17	Rear-end	Multi-Vehicle	152.978383023053	-27.598072441289	Inala Ave	Sycamore St	""	Inala	Brisbane City	Locally-controlled	No Roadway Feature	No traffic control	"0 - 50 km/h"	Sealed - Dry	Clear	Daylight	Straight	Level	301	Vehs Same Direction: Rear End	"04: Rear-end"	W	0	0	1	0	1	2	0	0	0	0	0	0
208661	208662	Minor injury	2025	May	Wednesday	7	Hit parked vehicle	Single Vehicle	153.026874020322	-27.5782644459962	Postle St	""	""	Acacia Ridge	Brisbane City	Locally-controlled	No Roadway Feature	No traffic control	"60 km/h"	Sealed - Dry	Clear	Daylight	Straight	Level	201	Vehs Opposite Approach: Head On	"02: Head-on"	S	0	0	0	1	1	2	0	0	0	0	0	0
210133	210134	Hospitalisation	2025	April	Tuesday	15	Angle	Multi-Vehicle	153.102106017509	-27.5364754532299	Casmaria St	Luprena St	""	Mansfield	Brisbane City	Locally-controlled	Intersection - T-Junction	No traffic control	"60 km/h"	Sealed - Dry	Clear	Daylight	Straight	Grade	202	Vehs Opposite Approach: Thru-Right	"03: Opposing Vehicles Turning"	S	0	1	2	0	3	1	0	0	0	0	0	1
210139	210140	Hospitalisation	2025	April	Tuesday	18	Hit parked vehicle	Single Vehicle	153.056378017126	-27.5783804489607	Lister St	""	""	Sunnybank	Brisbane City	Locally-controlled	No Roadway Feature	No traffic control	"0 - 50 km/h"	Sealed - Dry	Clear	Darkness - Lighted	Straight	Level	601	Vehs On Path: Parked	"10: Hit Parked Vehicle"	W	0	1	0	0	1	2	0	0	0	0	0	0
210141	210142	Medical treatment	2025	April	Tuesday	15	Sideswipe	Multi-Vehicle	152.973943018767	-27.6358114411418	Logan Mwy	""	Logan Motorway (Gailes - Loganholme)	Forest Lake	Brisbane City	State-controlled	No Roadway Feature	No traffic control	"80 - 90 km/h"	Sealed - Dry	Clear	Daylight	Curved - view open	Level	307	Vehs Same Direction: Lane Change Left	"05: Lane Change"	W	0	0	1	0	1	1	0	0	0	0	0	1
210158	210159	Minor injury	2025	April	Wednesday	16	Sideswipe	Multi-Vehicle	153.041858028865	-27.4979054468662	Junction St	O'Keefe St	""	Woolloongabba	Brisbane City	Locally-controlled	Intersection - T-Junction	No traffic control	"0 - 50 km/h"	Sealed - Dry	Clear	Daylight	Straight	Level	305	Vehs Same Direction: Lane Side Swipe	"05: Lane Change"	E	0	0	0	1	1	1	0	0	0	1	0	0
218748	218749	Medical treatment	2025	April	Wednesday	14	Angle	Multi-Vehicle	153.034693044343	-27.3813104452244	Kittyhawk Dr	""	""	Chermside	Brisbane City	Locally-controlled	No Roadway Feature	Operating traffic lights	"60 km/h"	Sealed - Dry	Clear	Daylight	Straight	Level	202	Vehs Opposite Approach: Thru-Right	"03: Opposing Vehicles Turning"	S	0	0	1	1	2	2	0	0	0	0	0	0
219730	219731	Medical treatment	2025	April	Monday	8	Rear-end	Multi-Vehicle	153.050197029347	-27.4870034476178	Caswell St	Vulture St East	""	East Brisbane	Brisbane City	Locally-controlled	Intersection - T-Junction	Give way sign	"0 - 50 km/h"	Sealed - Dry	Clear	Daylight	Curved - view open	Grade	302	Vehs Same Direction: Left Rear	"04: Rear-end"	S	0	0	1	0	1	2	0	0	0	0	0	0
228471	228472	Medical treatment	2025	June	Friday	18	Rear-end	Multi-Vehicle	153.090186023972	-27.4955574517066	Old Cleveland Rd	""	""	Carina	Brisbane City	Locally-controlled	No Roadway Feature	Pedestrian operated lights	"60 km/h"	Sealed - Dry	Clear	Dawn/Dusk	Straight	Level	301	Vehs Same Direction: Rear End	"04: Rear-end"	S	0	0	1	0	1	2	0	0	0	0	0	0
228502	228503	Minor injury	2025	March	Wednesday	13	Rear-end	Multi-Vehicle	153.023289029337	-27.509968445097	Fairfield Rd	""	""	Fairfield	Brisbane City	Locally-controlled	No Roadway Feature	No traffic control	"60 km/h"	Sealed - Dry	Clear	Daylight	Straight	Level	307	Vehs Same Direction: Lane Change Left	"05: Lane Change"	S	0	0	0	1	1	1	1	0	0	0	0	0
228505	228506	Hospitalisation	2025	April	Wednesday	11	Angle	Multi-Vehicle	152.95094702658	-27.5935994385061	Pine Rd	""	""	Richlands	Brisbane City	Locally-controlled	No Roadway Feature	No traffic control	"60 km/h"	Sealed - Dry	Clear	Daylight	Straight	Level	406	Vehs Manoeuvring: Leaving Driveway	"08: Vehicle Leaving Driveway"	W	0	2	0	1	3	2	0	0	0	0	0	0
228507	228508	Medical treatment	2025	April	Friday	16	Rear-end	Multi-Vehicle	152.959469025872	-27.5919114393459	Archerfield Rd	Azalea St	""	Inala	Brisbane City	Locally-controlled	Intersection - Cross	Stop sign	"0 - 50 km/h"	Sealed - Dry	Clear	Daylight	Straight	Level	302	Vehs Same Direction: Left Rear	"04: Rear-end"	N	0	0	1	0	1	1	1	0	0	0	0	0
228515	228516	Hospitalisation	2025	May	Saturday	22	Hit object	Single Vehicle	153.042392014894	-27.6079374477887	Algester Rd	""	""	Calamvale	Brisbane City	Locally-controlled	No Roadway Feature	No traffic control	"60 km/h"	Sealed - Wet	Raining	Darkness - Lighted	Curved - view obscured	Grade	808	Off Path-Curve: Mounts Traffic Island	"19: Off Carriageway on Curve Hit Object"	N	0	1	0	0	1	1	0	0	0	0	0	0
228516	228517	Medical treatment	2025	May	Sunday	15	Angle	Multi-Vehicle	153.007146040122	-27.4382044429098	Ashgrove Ave	Enoggera Rd	""	Newmarket	Brisbane City	Locally-controlled	Intersection - Cross	Operating traffic lights	"60 km/h"	Sealed - Dry	Clear	Daylight	Curved - view open	Level	101	Vehs Adjacent Approach: Thru-Thru	"01: Intersection: Adjacent Approach"	N	0	0	1	0	1	1	0	0	0	1	0	0
228519	228520	Medical treatment	2025	May	Tuesday	3	Hit object	Single Vehicle	153.017994024081	-27.5561024449299	Marshall Rd	""	""	Rocklea	Brisbane City	Locally-controlled	No Roadway Feature	No traffic control	"60 km/h"	Sealed - Dry	Clear	Darkness - Lighted	Curved - view open	Level	808	Off Path-Curve: Mounts Traffic Island	"19: Off Carriageway on Curve Hit Object"	E	0	0	1	0	1	1	0	0	0	0	0	0
228535	228536	Hospitalisation	2025	May	Wednesday	17	Angle	Multi-Vehicle	152.979436030076	-27.5415084409481	Dunlop Tce	Watt St	""	Corinda	Brisbane City	Locally-controlled	Intersection - T-Junction	No traffic control	"0 - 50 km/h"	Sealed - Wet	Raining	Dawn/Dusk	Straight	Level	202	Vehs Opposite Approach: Thru-Right	"03: Opposing Vehicles Turning"	N	0	1	0	0	1	1	0	0	0	1	0	0
228536	228537	Medical treatment	2025	May	Wednesday	18	Hit pedestrian	Hit pedestrian	153.035206052551	-27.3156994447562	Ettarre St	Gawain Rd	""	Bracken Ridge	Brisbane City	Locally-controlled	Intersection - T-Junction	Give way sign	"0 - 50 km/h"	Sealed - Wet	Raining	Darkness - Lighted	Straight	Grade	1	Pedn: Near Side Vehicle Hit From Right	"12: Pedestrian"	W	0	0	1	0	1	1	0	0	0	0	1	0
228537	228538	Hospitalisation	2025	May	Friday	11	Fall from vehicle	Single Vehicle	152.949026028124	-27.5829914382301	Kelliher Rd	""	""	Richlands	Brisbane City	Locally-controlled	No Roadway Feature	No traffic control	"60 km/h"	Sealed - Dry	Clear	Daylight	Straight	Level	705	Off Path-Straight: Out Of Control On Cway	"17: Out of Control on Straight"	E	0	1	0	0	1	0	1	0	0	0	0	0
228550	228551	Hospitalisation	2025	February	Friday	5	Angle	Multi-Vehicle	153.021776029179	-27.5125094449652	Fairfield Rd	Venner Rd	""	Fairfield	Brisbane City	Locally-controlled	Intersection - Roundabout	Give way sign	"0 - 50 km/h"	Sealed - Dry	Clear	Daylight	Straight	Level	107	Vehs Adjacent Approach: Thru-Left	"01: Intersection: Adjacent Approach"	S	0	1	0	0	1	1	0	0	0	1	0	0
228551	228552	Minor injury	2025	February	Thursday	13	Rear-end	Multi-Vehicle	153.051285013525	-27.6111634487076	Beaudesert Rd	Compton Rd	Mount Lindesay Arterial Road	Calamvale	Brisbane City	State-controlled	Intersection - T-Junction	Operating traffic lights	"70 km/h"	Sealed - Dry	Clear	Daylight	Curved - view open	Level	301	Vehs Same Direction: Rear End	"04: Rear-end"	S	0	0	0	2	2	2	0	0	0	0	0	0
230043	230044	Medical treatment	2025	April	Monday	10	Hit object	Single Vehicle	153.094247036906	-27.3898164512789	Gateway Arterial Rd	""	Gateway Motorway (Eight Mile Plains - Nudgee)	Banyo	Brisbane City	State-controlled	No Roadway Feature	No traffic control	"100 - 110 km/h"	Sealed - Dry	Clear	Daylight	Straight	Level	703	Off Path-Straight: Left Off Cway Hit Obj	"16: Off Carriageway on Straight Hit Object"	S	0	0	1	0	1	1	0	0	0	0	0	0
230051	230052	Medical treatment	2025	April	Tuesday	15	Rear-end	Multi-Vehicle	152.990318050281	-27.371810440697	Beckett Rd	""	""	Bridgeman Downs	Brisbane City	Locally-controlled	No Roadway Feature	No traffic control	"70 km/h"	Sealed - Dry	Clear	Daylight	Straight	Level	301	Vehs Same Direction: Rear End	"04: Rear-end"	S	0	0	1	0	1	3	0	0	0	0	0	0
236459	236460	Medical treatment	2025	March	Wednesday	7	Angle	Multi-Vehicle	152.890537039497	-27.5427584320654	Moggill Rd	Mount Crosby Rd	Mount Crosby Road	Pinjarra Hills	Brisbane City	State-controlled	Intersection - T-Junction	No traffic control	"70 km/h"	Sealed - Dry	Clear	Daylight	Curved - view open	Level	202	Vehs Opposite Approach: Thru-Right	"03: Opposing Vehicles Turning"	S	0	0	1	1	2	2	0	0	0	0	0	0
239073	239074	Hospitalisation	2025	May	Friday	17	Angle	Multi-Vehicle	152.964286022655	-27.6132854399969	Banksia Cct	Forest Lake Blvd	""	Forest Lake	Brisbane City	Locally-controlled	Intersection - T-Junction	No traffic control	"60 km/h"	Sealed - Dry	Clear	Darkness - Lighted	Straight	Dip	408	Vehs Manoeuvring: Entering From Footway	"08: Vehicle Leaving Driveway"	""	0	1	0	0	1	1	0	0	0	0	0	1
239075	239076	Hospitalisation	2025	May	Sunday	14	Hit object	Single Vehicle	153.086706025309	-27.4879424512963	Coke St	Kennington Rd	""	Camp Hill	Brisbane City	Locally-controlled	Intersection - Cross	No traffic control	"60 km/h"	Sealed - Dry	Clear	Daylight	Straight	Dip	703	Off Path-Straight: Left Off Cway Hit Obj	"16: Off Carriageway on Straight Hit Object"	W	0	1	0	0	1	1	0	0	0	0	0	0
239078	239079	Hospitalisation	2025	May	Thursday	7	Sideswipe	Multi-Vehicle	153.077630043944	-27.3481164492767	Gateway Arterial Rd	""	Gateway Arterial Road (Gateway Motorway - North)	Boondall	Brisbane City	State-controlled	Intersection - Interchange	No traffic control	"100 - 110 km/h"	Sealed - Dry	Clear	Daylight	Straight	Level	305	Vehs Same Direction: Lane Side Swipe	"05: Lane Change"	S	0	1	0	0	1	1	1	0	0	0	0	0
239091	239092	Medical treatment	2025	May	Sunday	10	Angle	Multi-Vehicle	153.069531035819	-27.4193514490262	Goodwood St	""	""	Hendra	Brisbane City	Locally-controlled	No Roadway Feature	No traffic control	"0 - 50 km/h"	Sealed - Dry	Clear	Daylight	Straight	Level	408	Vehs Manoeuvring: Entering From Footway	"08: Vehicle Leaving Driveway"	""	0	0	1	0	1	1	0	0	0	1	0	0
239092	239093	Hospitalisation	2025	May	Sunday	22	Hit object	Single Vehicle	153.0364310304	-27.4903674462615	Jurgens St	""	""	Woolloongabba	Brisbane City	Locally-controlled	No Roadway Feature	Give way sign	"60 km/h"	Sealed - Wet	Clear	Darkness - Lighted	Straight	Grade	700	Off Path-Straight: Other	"21: Other"	S	0	1	0	0	1	1	0	0	0	0	0	0
239096	239097	Hospitalisation	2025	May	Monday	3	Rear-end	Multi-Vehicle	153.051066012744	-27.6175174487357	Beaudesert Rd	""	Mount Lindesay Arterial Road	Calamvale	Brisbane City	State-controlled	No Roadway Feature	No traffic control	"70 km/h"	Sealed - Dry	Clear	Daylight	Straight	Level	301	Vehs Same Direction: Rear End	"04: Rear-end"	N	0	1	0	0	1	1	0	1	0	0	0	0
239100	239101	Medical treatment	2025	May	Sunday	16	Rear-end	Multi-Vehicle	153.064719017435	-27.5688394497239	Leadenhall St	Mains Rd	""	Macgregor	Brisbane City	Locally-controlled	Intersection - Cross	Operating traffic lights	"70 km/h"	Sealed - Dry	Clear	Daylight	Straight	Level	301	Vehs Same Direction: Rear End	"04: Rear-end"	S	0	0	1	1	2	2	0	0	0	0	0	0
239101	239102	Minor injury	2025	May	Sunday	9	Angle	Multi-Vehicle	152.97739603537	-27.5012584404258	Clarence Rd	""	""	Indooroopilly	Brisbane City	Locally-controlled	No Roadway Feature	No traffic control	"0 - 50 km/h"	Sealed - Dry	Clear	Daylight	Straight	Level	406	Vehs Manoeuvring: Leaving Driveway	"08: Vehicle Leaving Driveway"	N	0	0	0	1	1	2	0	0	0	0	0	0
239756	239757	Medical treatment	2025	February	Thursday	13	Angle	Multi-Vehicle	153.024292035258	-27.4622024448201	Little Edward St	""	""	Spring Hill	Brisbane City	Locally-controlled	No Roadway Feature	No traffic control	"60 km/h"	Sealed - Dry	Clear	Daylight	Curved - view open	Level	309	Vehs Same Direction: Left Turn S/Swipe	"06: Parallel Lanes Turning"	S	0	0	1	0	1	1	0	0	0	1	0	0
239760	239761	Hospitalisation	2025	March	Friday	21	Hit parked vehicle	Single Vehicle	153.01114704177	-27.4217234431808	Raymont Rd	""	""	Grange	Brisbane City	Locally-controlled	No Roadway Feature	No traffic control	"60 km/h"	Sealed - Wet	Raining	Darkness - Lighted	Straight	Grade	601	Vehs On Path: Parked	"10: Hit Parked Vehicle"	E	0	1	0	0	1	2	0	0	0	0	0	0
239770	239771	Medical treatment	2025	April	Tuesday	6	Angle	Multi-Vehicle	153.086101024426	-27.4954304512946	East St	Old Cleveland Rd	""	Carina	Brisbane City	Locally-controlled	Intersection - T-Junction	Give way sign	"70 km/h"	Sealed - Dry	Clear	Daylight	Curved - view open	Level	101	Vehs Adjacent Approach: Thru-Thru	"01: Intersection: Adjacent Approach"	W	0	0	1	0	1	1	1	0	0	0	0	0
243101	243102	Medical treatment	2025	February	Tuesday	17	Fall from vehicle	Single Vehicle	153.083065011507	-27.6000214518152	Beenleigh Rd	Warrigal Rd	""	Runcorn	Brisbane City	Locally-controlled	Intersection - T-Junction	Operating traffic lights	"60 km/h"	Sealed - Dry	Clear	Daylight	Straight	Level	706	Off Path-Straight: Left Turn	"15: Off Carriageway on Straight"	E	0	0	1	0	1	0	1	0	0	0	0	0
243369	243370	Medical treatment	2025	January	Friday	17	Angle	Multi-Vehicle	153.043274030007	-27.4876654469275	Fisher St	Stanley St East	""	East Brisbane	Brisbane City	Locally-controlled	Intersection - T-Junction	Give way sign	"60 km/h"	Sealed - Dry	Clear	Daylight	Straight	Level	107	Vehs Adjacent Approach: Thru-Left	"01: Intersection: Adjacent Approach"	W	0	0	1	0	1	2	0	0	0	0	0	0
243382	243383	Medical treatment	2025	June	Wednesday	7	Angle	Multi-Vehicle	152.94965602904	-27.5751874382316	Cunningham Arterial Rd	""	Cunningham Arterial Road (Ipswich Motorway)	Darra	Brisbane City	State-controlled	Intersection - Interchange	No traffic control	"80 - 90 km/h"	Sealed - Dry	Clear	Daylight	Straight	Level	700	Off Path-Straight: Other	"21: Other"	E	0	0	1	0	1	0	2	0	0	0	0	0
251177	251178	Medical treatment	2025	February	Saturday	13	Fall from vehicle	Single Vehicle	152.898548052513	-27.4322454319924	Mount Nebo Rd	""	""	Enoggera Reservoir	Brisbane City	Locally-controlled	No Roadway Feature	No traffic control	"70 km/h"	Sealed - Dry	Clear	Daylight	Curved - view obscured	Level	805	Off Path-Curve: Out Of Control On Cway	"20: Out of Control on Curve"	""	0	0	1	0	1	0	1	0	0	0	0	0
264874	264875	Medical treatment	2025	March	Wednesday	16	Rear-end	Multi-Vehicle	153.060630030044	-27.4726244485526	Wynnum Rd	""	""	Norman Park	Brisbane City	Locally-controlled	No Roadway Feature	No traffic control	"60 km/h"	Sealed - Dry	Clear	Daylight	Straight	Level	301	Vehs Same Direction: Rear End	"04: Rear-end"	W	0	0	1	0	1	3	0	0	0	0	0	0
264855	264856	Hospitalisation	2025	March	Sunday	11	Hit parked vehicle	Single Vehicle	152.993356036159	-27.4813914418684	Sylvan Rd	""	""	Toowong	Brisbane City	Locally-controlled	Bikeway	No traffic control	"0 - 50 km/h"	Sealed - Dry	Clear	Daylight	Straight	Grade	604	Vehs On Path: Car Door	"10: Hit Parked Vehicle"	W	0	1	0	0	1	1	0	0	0	1	0	0
264857	264858	Minor injury	2025	March	Saturday	20	Angle	Multi-Vehicle	152.995487035756	-27.4827684420929	Landsborough Tce	""	""	Toowong	Brisbane City	Locally-controlled	No Roadway Feature	No traffic control	"0 - 50 km/h"	Sealed - Dry	Clear	Darkness - Lighted	Straight	Level	207	Vehs Opposite Approach: U-Turn	"07: U-turn"	E	0	0	0	1	1	1	1	0	0	0	0	0
264863	264864	Hospitalisation	2025	February	Wednesday	5	Hit parked vehicle	Single Vehicle	153.026948047512	-27.3627254442996	Kirby Rd	""	""	Aspley	Brisbane City	Locally-controlled	No Roadway Feature	No traffic control	"0 - 50 km/h"	Sealed - Dry	Clear	Dawn/Dusk	Straight	Level	0	Pedn: Hit Other	"21: Other"	S	0	2	0	0	2	3	0	0	0	0	1	0
264868	264869	Minor injury	2025	March	Monday	13	Angle	Multi-Vehicle	153.070834031199	-27.4548234494378	Fifth Ave	Walkers Dr	""	Balmoral	Brisbane City	Locally-controlled	Intersection - Cross	Give way sign	"0 - 50 km/h"	Sealed - Dry	Clear	Daylight	Straight	Grade	101	Vehs Adjacent Approach: Thru-Thru	"01: Intersection: Adjacent Approach"	""	0	0	0	1	1	2	0	0	0	0	0	0
264915	264916	Hospitalisation	2025	January	Wednesday	14	Hit object	Single Vehicle	153.029283034415	-27.4646394453404	Wharf St	""	""	Brisbane City	Brisbane City	Locally-controlled	No Roadway Feature	No traffic control	"0 - 50 km/h"	Sealed - Dry	Clear	Daylight	Straight	Grade	8	Pedn: On Ftway Hit By Vehicle On Ftway	"12: Pedestrian"	W	0	1	0	0	1	1	0	0	0	0	1	0
265035	265036	Medical treatment	2025	June	Monday	22	Hit parked vehicle	Single Vehicle	153.094628013351	-27.5756414527863	Mersey St	""	""	Eight Mile Plains	Brisbane City	Locally-controlled	No Roadway Feature	No traffic control	"0 - 50 km/h"	Sealed - Dry	Clear	Darkness - Not lighted	Straight	Level	601	Vehs On Path: Parked	"10: Hit Parked Vehicle"	S	0	0	1	0	1	2	0	0	0	0	0	0
265045	265046	Minor injury	2025	April	Wednesday	8	Head-on	Multi-Vehicle	153.044166052034	-27.3122284456286	Bracken Ridge Rd	""	Gateway Arterial Road (Gateway Motorway - North)	Bracken Ridge	Brisbane City	State-controlled	No Roadway Feature	No traffic control	"0 - 50 km/h"	Sealed - Dry	Clear	Daylight	Straight	Grade	400	Vehs Manoeuvring: Other	"21: Other"	W	0	0	0	1	1	0	0	0	0	1	0	1
265080	265081	Medical treatment	2025	April	Friday	23	Rear-end	Multi-Vehicle	153.024903021264	-27.5725004457528	Beaudesert Rd	""	Mount Lindesay Arterial Road	Acacia Ridge	Brisbane City	State-controlled	No Roadway Feature	No traffic control	"70 km/h"	Sealed - Wet	Raining	Darkness - Lighted	Straight	Grade	301	Vehs Same Direction: Rear End	"04: Rear-end"	S	0	0	2	0	2	2	0	0	0	0	0	0
265084	265085	Medical treatment	2025	April	Saturday	13	Angle	Multi-Vehicle	152.987002030332	-27.5330194416393	Egmont St	Sherwood Rd	""	Sherwood	Brisbane City	Locally-controlled	Intersection - T-Junction	No traffic control	"0 - 50 km/h"	Sealed - Dry	Clear	Daylight	Straight	Level	202	Vehs Opposite Approach: Thru-Right	"03: Opposing Vehicles Turning"	W	0	0	1	0	1	2	0	0	0	0	0	0
265086	265087	Medical treatment	2025	April	Thursday	21	Rear-end	Multi-Vehicle	153.058149024692	-27.5170694486545	Logan Rd	""	""	Holland Park West	Brisbane City	Locally-controlled	No Roadway Feature	No traffic control	"60 km/h"	Sealed - Dry	Clear	Darkness - Lighted	Straight	Level	301	Vehs Same Direction: Rear End	"04: Rear-end"	E	0	0	2	0	2	2	0	0	0	0	0	0
265102	265103	Minor injury	2025	January	Saturday	0	Angle	Multi-Vehicle	153.061426025827	-27.505309448891	Cavendish Rd	Chatsworth Rd	""	Coorparoo	Brisbane City	Locally-controlled	Intersection - Cross	Operating traffic lights	"60 km/h"	Sealed - Dry	Clear	Darkness - Lighted	Curved - view open	Grade	202	Vehs Opposite Approach: Thru-Right	"03: Opposing Vehicles Turning"	N	0	0	0	1	1	2	0	0	0	0	0	0
265109	265110	Medical treatment	2025	January	Sunday	20	Angle	Multi-Vehicle	153.009310052746	-27.3360934423187	Gympie Rd	Roghan Rd	Gympie Arterial Road	Bridgeman Downs	Brisbane City	State-controlled	Intersection - T-Junction	Give way sign	"60 km/h"	Sealed - Dry	Clear	Darkness - Lighted	Straight	Level	102	Vehs Adjacent Approach: Right-Thru	"01: Intersection: Adjacent Approach"	S	0	0	4	0	4	2	0	0	0	0	0	0
265143	265144	Hospitalisation	2025	April	Wednesday	12	Angle	Multi-Vehicle	153.040896021639	-27.5558964472276	Lillian Ave	Orange Grove Rd	""	Salisbury	Brisbane City	Locally-controlled	Intersection - T-Junction	Give way sign	"60 km/h"	Sealed - Dry	Clear	Daylight	Straight	Level	100	Vehs Adjacent Approach: Other	"01: Intersection: Adjacent Approach"	N	0	1	0	1	2	1	1	0	0	0	0	0
265257	265258	Medical treatment	2025	May	Friday	5	Fall from vehicle	Single Vehicle	152.988730038766	-27.4646434412722	Boundary St	""	Western Arterial Road (Toowong - Everton Park)	Bardon	Brisbane City	State-controlled	No Roadway Feature	No traffic control	"60 km/h"	Sealed - Wet	Raining	Darkness - Lighted	Curved - view open	Grade	901	Pass & Misc: Fell In/From Vehicle	"21: Other"	N	0	0	1	0	1	0	1	0	0	0	0	0
265258	265259	Hospitalisation	2025	May	Saturday	10	Angle	Multi-Vehicle	152.989345040686	-27.4488734412092	Jubilee Tce	The Esplanade	Western Arterial Road (Toowong - Everton Park)	Ashgrove	Brisbane City	State-controlled	Intersection - T-Junction	Give way sign	"60 km/h"	Sealed - Wet	Raining	Daylight	Straight	Grade	104	Vehs Adjacent Approach: Thru-Right	"01: Intersection: Adjacent Approach"	S	0	1	0	0	1	2	0	0	0	0	0	0
265259	265260	Hospitalisation	2025	May	Thursday	10	Angle	Multi-Vehicle	153.06345502363	-27.5209574492186	Holland Rd	Logan Rd	""	Holland Park West	Brisbane City	Locally-controlled	Intersection - Cross	Operating traffic lights	"60 km/h"	Sealed - Dry	Clear	Daylight	Straight	Level	408	Vehs Manoeuvring: Entering From Footway	"08: Vehicle Leaving Driveway"	""	0	1	0	0	1	1	0	0	0	1	0	0
265260	265261	Hospitalisation	2025	May	Thursday	18	Angle	Multi-Vehicle	152.984902049093	-27.3858594402654	Beckett Rd	Old Northern Rd	""	Mcdowall	Brisbane City	Locally-controlled	Intersection - Roundabout	No traffic control	"60 km/h"	Sealed - Dry	Clear	Darkness - Lighted	Straight	Level	305	Vehs Same Direction: Lane Side Swipe	"05: Lane Change"	E	0	1	0	0	1	1	1	0	0	0	0	0
265303	265304	Medical treatment	2025	May	Saturday	17	Angle	Multi-Vehicle	153.072533017482	-27.5618244504542	Grout St	Kessels Rd	Griffith Arterial Road	Macgregor	Brisbane City	State-controlled	Intersection - Cross	Operating traffic lights	"60 km/h"	Sealed - Dry	Clear	Darkness - Lighted	Straight	Grade	202	Vehs Opposite Approach: Thru-Right	"03: Opposing Vehicles Turning"	N	0	0	1	0	1	1	1	0	0	0	0	0
265304	265305	Hospitalisation	2025	May	Sunday	17	Angle	Multi-Vehicle	153.058016030252	-27.4731984482944	Kingsbury St	Wynnum Rd	""	Norman Park	Brisbane City	Locally-controlled	Intersection - T-Junction	Stop sign	"60 km/h"	Sealed - Dry	Clear	Darkness - Lighted	Straight	Crest	104	Vehs Adjacent Approach: Thru-Right	"01: Intersection: Adjacent Approach"	W	0	2	0	0	2	1	1	0	0	0	0	0
265307	265308	Hospitalisation	2025	May	Tuesday	12	Hit object	Single Vehicle	153.034038013987	-27.6222324470624	Formby St	""	""	Calamvale	Brisbane City	Locally-controlled	No Roadway Feature	No traffic control	"0 - 50 km/h"	Sealed - Dry	Clear	Daylight	Curved - view open	Level	803	Off Path-Curve: Off Cway Rt Bend Hit Obj	"19: Off Carriageway on Curve Hit Object"	W	0	1	0	0	1	1	0	0	0	0	0	0
265354	265355	Medical treatment	2025	June	Tuesday	7	Rear-end	Multi-Vehicle	153.08859603278	-27.4272574510065	Backhouse Pl	""	""	Eagle Farm	Brisbane City	Locally-controlled	No Roadway Feature	No traffic control	"0 - 50 km/h"	Sealed - Dry	Clear	Daylight	Straight	Level	301	Vehs Same Direction: Rear End	"04: Rear-end"	E	0	0	1	0	1	1	0	1	0	0	0	0
265373	265374	Medical treatment	2025	June	Tuesday	8	Angle	Multi-Vehicle	153.000827033331	-27.4974484427444	Carmody Rd	Fifth Ave	""	St Lucia	Brisbane City	Locally-controlled	Intersection - T-Junction	Give way sign	"0 - 50 km/h"	Sealed - Dry	Clear	Daylight	Straight	Dip	104	Vehs Adjacent Approach: Thru-Right	"01: Intersection: Adjacent Approach"	W	0	0	2	0	2	2	0	0	0	0	0	0
265387	265388	Medical treatment	2025	June	Tuesday	18	Angle	Multi-Vehicle	153.165702020851	-27.4562664590068	Wondall Rd	""	""	Manly West	Brisbane City	Locally-controlled	No Roadway Feature	No traffic control	"60 km/h"	Sealed - Dry	Clear	Darkness - Lighted	Straight	Grade	308	Vehs Same Direction: Right Turn S/Swipe	"06: Parallel Lanes Turning"	""	0	0	1	0	1	2	0	0	0	0	0	0
265414	265415	Medical treatment	2025	May	Friday	22	Hit object	Single Vehicle	153.05404001604	-27.5889514488092	Garro St	""	""	Sunnybank Hills	Brisbane City	Locally-controlled	No Roadway Feature	No traffic control	"0 - 50 km/h"	Sealed - Wet	Clear	Darkness - Lighted	Curved - view open	Level	803	Off Path-Curve: Off Cway Rt Bend Hit Obj	"19: Off Carriageway on Curve Hit Object"	N	0	0	1	0	1	1	0	0	0	0	0	0
265421	265422	Hospitalisation	2025	May	Saturday	6	Angle	Multi-Vehicle	153.003057027992	-27.5378684432873	Sherwood Rd	""	""	Rocklea	Brisbane City	Locally-controlled	No Roadway Feature	No traffic control	"60 km/h"	Sealed - Wet	Raining	Daylight	Straight	Level	202	Vehs Opposite Approach: Thru-Right	"03: Opposing Vehicles Turning"	W	0	1	0	1	2	2	0	0	0	0	0	0
265422	265423	Medical treatment	2025	May	Saturday	8	Hit pedestrian	Hit pedestrian	152.982861045297	-27.4177654403133	Gaythorne Rd	Samford Rd	Samford Sub-Arterial Road	Gaythorne	Brisbane City	State-controlled	Intersection - T-Junction	No traffic control	"60 km/h"	Sealed - Wet	Raining	Daylight	Straight	Grade	1	Pedn: Near Side Vehicle Hit From Right	"12: Pedestrian"	E	0	0	1	0	1	1	0	0	0	0	1	0
265437	265438	Medical treatment	2025	May	Tuesday	15	Rear-end	Multi-Vehicle	153.059337047143	-27.338218447359	Peacock St	Sandgate Rd	Sandgate Sub-Arterial Road	Boondall	Brisbane City	State-controlled	Intersection - T-Junction	No traffic control	"60 km/h"	Sealed - Dry	Clear	Daylight	Curved - view open	Level	301	Vehs Same Direction: Rear End	"04: Rear-end"	S	0	0	1	0	1	2	0	0	0	0	0	0
265441	265442	Minor injury	2025	May	Tuesday	17	Angle	Multi-Vehicle	153.06267505346	-27.2852584472747	Deagon Deviation	Hornibrook Hwy	Redcliffe Sub-Arterial Road	Brighton	Brisbane City	State-controlled	Intersection - Cross	Operating traffic lights	"80 - 90 km/h"	Sealed - Dry	Clear	Darkness - Lighted	Straight	Grade	202	Vehs Opposite Approach: Thru-Right	"03: Opposing Vehicles Turning"	S	0	0	0	1	1	2	0	0	0	0	0	0
265447	265448	Medical treatment	2025	May	Saturday	12	Rear-end	Multi-Vehicle	153.025585051641	-27.3310824439122	Norris Rd	Telegraph Rd	""	Fitzgibbon	Brisbane City	Locally-controlled	Intersection - T-Junction	Give way sign	"60 km/h"	Sealed - Wet	Raining	Daylight	Straight	Level	302	Vehs Same Direction: Left Rear	"04: Rear-end"	S	0	0	2	0	2	2	0	0	0	0	0	0
265612	265613	Medical treatment	2025	June	Sunday	16	Angle	Multi-Vehicle	153.01675703477	-27.4724814441451	Fleet La	Peel St	""	South Brisbane	Brisbane City	Locally-controlled	Intersection - T-Junction	No traffic control	"60 km/h"	Sealed - Dry	Clear	Daylight	Straight	Level	107	Vehs Adjacent Approach: Thru-Left	"01: Intersection: Adjacent Approach"	N	0	0	1	0	1	2	0	0	0	0	0	0
265622	265623	Hospitalisation	2025	May	Saturday	9	Angle	Multi-Vehicle	153.017168036088	-27.461682444101	Parkland Blvd	""	""	Brisbane City	Brisbane City	Locally-controlled	No Roadway Feature	No traffic control	"0 - 50 km/h"	Sealed - Dry	Clear	Daylight	Straight	Grade	308	Vehs Same Direction: Right Turn S/Swipe	"06: Parallel Lanes Turning"	""	0	1	0	0	1	1	0	0	0	0	0	1
265710	265711	Medical treatment	2025	June	Tuesday	8	Rear-end	Multi-Vehicle	153.029104032411	-27.4806704454492	South East Arterial Rd	""	South-East Arterial Road (Pacific Motorway)	Brisbane City	Brisbane City	State-controlled	Bridge/Causeway	No traffic control	"0 - 50 km/h"	Sealed - Dry	Clear	Daylight	Straight	Level	307	Vehs Same Direction: Lane Change Left	"05: Lane Change"	N	0	0	1	0	1	1	1	0	0	0	0	0
265953	265954	Hospitalisation	2025	February	Sunday	20	Angle	Multi-Vehicle	153.164708023502	-27.4362024587477	Mcfadden St	Selina St	""	Wynnum	Brisbane City	Locally-controlled	Intersection - Cross	Give way sign	"0 - 50 km/h"	Sealed - Dry	Clear	Darkness - Lighted	Straight	Level	100	Vehs Adjacent Approach: Other	"01: Intersection: Adjacent Approach"	""	0	1	0	0	1	2	0	0	0	0	0	1
267618	267619	Fatal	2025	February	Wednesday	15	Hit object	Single Vehicle	153.147740020387	-27.4751054573435	Manly Rd	""	""	Manly West	Brisbane City	Locally-controlled	No Roadway Feature	No traffic control	"70 km/h"	Sealed - Wet	Raining	Daylight	Straight	Grade	703	Off Path-Straight: Left Off Cway Hit Obj	"16: Off Carriageway on Straight Hit Object"	E	1	0	0	0	1	1	0	0	0	0	0	0
268265	268266	Hospitalisation	2025	January	Monday	17	Hit parked vehicle	Single Vehicle	153.173596018948	-27.4646074598697	Manly Rd	""	""	Manly West	Brisbane City	Locally-controlled	No Roadway Feature	No traffic control	"60 km/h"	Sealed - Dry	Clear	Daylight	Straight	Level	601	Vehs On Path: Parked	"10: Hit Parked Vehicle"	N	0	2	0	0	2	2	0	0	0	0	0	0
268281	268282	Medical treatment	2025	February	Sunday	14	Rear-end	Multi-Vehicle	152.990466052702	-27.3524294405584	Albany Creek Rd	Bronson St	Albany Creek Sub-Arterial Road	Bridgeman Downs	Brisbane City	State-controlled	Intersection - Cross	Operating traffic lights	"70 km/h"	Sealed - Dry	Clear	Daylight	Straight	Level	301	Vehs Same Direction: Rear End	"04: Rear-end"	E	0	0	1	0	1	1	1	0	0	0	0	0
268917	268918	Hospitalisation	2025	March	Monday	13	Rear-end	Multi-Vehicle	153.010721026365	-27.5442204441063	Ipswich Rd	""	""	Rocklea	Brisbane City	Locally-controlled	Intersection - Interchange	No traffic control	"60 km/h"	Sealed - Dry	Clear	Daylight	Straight	Level	306	Vehs Same Direction: Lane Change Right	"05: Lane Change"	N	0	1	0	0	1	2	0	0	0	0	0	0
268925	268926	Fatal	2025	February	Sunday	12	Hit object	Single Vehicle	153.127278018905	-27.5041154555098	Old Cleveland Rd	""	Cleveland Sub-Arterial Road	Belmont	Brisbane City	State-controlled	No Roadway Feature	No traffic control	"80 - 90 km/h"	Sealed - Dry	Clear	Daylight	Curved - view open	Crest	808	Off Path-Curve: Mounts Traffic Island	"19: Off Carriageway on Curve Hit Object"	W	1	0	0	0	1	1	0	0	0	0	0	0
270046	270047	Medical treatment	2025	May	Thursday	21	Hit parked vehicle	Single Vehicle	152.966650047163	-27.4167354386811	Kooya Rd	""	""	Mitchelton	Brisbane City	Locally-controlled	No Roadway Feature	No traffic control	"0 - 50 km/h"	Sealed - Wet	Raining	Darkness - Not lighted	Curved - view obscured	Crest	601	Vehs On Path: Parked	"10: Hit Parked Vehicle"	E	0	0	1	0	1	3	0	0	0	0	0	0
270051	270052	Minor injury	2025	May	Friday	15	Angle	Multi-Vehicle	153.129109022211	-27.4764764554759	Belmont Rd	""	""	Tingalpa	Brisbane City	Locally-controlled	No Roadway Feature	No traffic control	"60 km/h"	Sealed - Dry	Clear	Daylight	Straight	Level	202	Vehs Opposite Approach: Thru-Right	"03: Opposing Vehicles Turning"	S	0	0	0	1	1	1	1	0	0	0	0	0
270057	270058	Hospitalisation	2025	June	Sunday	18	Hit pedestrian	Hit pedestrian	152.982986030839	-27.5324254412321	Oxley Rd	Sherwood Rd	""	Sherwood	Brisbane City	Locally-controlled	Intersection - Cross	Operating traffic lights	"60 km/h"	Sealed - Dry	Clear	Darkness - Lighted	Straight	Level	3	Pedn: Far Side Vehicle Hit From Left	"12: Pedestrian"	S	0	2	0	0	2	0	1	0	0	0	1	0
275844	275845	Hospitalisation	2025	May	Monday	19	Angle	Multi-Vehicle	153.000138038283	-27.4587554423695	Gladstone St	Latrobe Tce	""	Paddington	Brisbane City	Locally-controlled	Intersection - T-Junction	No traffic control	"0 - 50 km/h"	Sealed - Dry	Clear	Darkness - Not lighted	Straight	Level	408	Vehs Manoeuvring: Entering From Footway	"08: Vehicle Leaving Driveway"	""	0	1	0	1	2	0	1	0	0	0	0	1
275863	275864	Hospitalisation	2025	May	Thursday	8	Angle	Multi-Vehicle	153.041865035608	-27.4444934464446	Edmondstone Rd	Folkestone St	""	Bowen Hills	Brisbane City	Locally-controlled	Intersection - Roundabout	Give way sign	"60 km/h"	Sealed - Dry	Clear	Daylight	Curved - view open	Level	101	Vehs Adjacent Approach: Thru-Thru	"01: Intersection: Adjacent Approach"	N	0	1	0	0	1	1	1	0	0	0	0	0
275981	275982	Hospitalisation	2025	June	Saturday	15	Hit object	Single Vehicle	153.01643805281	-27.329542442982	Musgrave Ave	Telegraph Rd	""	Bald Hills	Brisbane City	Locally-controlled	Intersection - T-Junction	No traffic control	"0 - 50 km/h"	Sealed - Wet	Clear	Daylight	Straight	Level	704	Off Path-Straight: Right Off Cway Hit Obj	"16: Off Carriageway on Straight Hit Object"	W	0	1	0	0	1	1	0	0	0	0	0	0
276080	276081	Hospitalisation	2025	May	Friday	16	Hit object	Single Vehicle	153.042682010353	-27.6435534480987	Beaudesert Rd	Logan Mwy	Mount Lindesay Arterial Road	Parkinson	Brisbane City	State-controlled	Intersection - Interchange	No traffic control	"80 - 90 km/h"	Sealed - Wet	Raining	Daylight	Straight	Level	704	Off Path-Straight: Right Off Cway Hit Obj	"16: Off Carriageway on Straight Hit Object"	N	0	1	0	1	2	1	0	0	0	0	0	0
276082	276083	Hospitalisation	2025	May	Tuesday	8	Angle	Multi-Vehicle	153.008776039073	-27.4451434431282	Herston Rd	""	""	Kelvin Grove	Brisbane City	Locally-controlled	No Roadway Feature	No traffic control	"60 km/h"	Sealed - Dry	Clear	Daylight	Straight	Grade	400	Vehs Manoeuvring: Other	"21: Other"	""	0	1	0	0	1	1	0	0	0	1	0	0
276090	276091	Minor injury	2025	May	Friday	16	Rear-end	Multi-Vehicle	153.039074023148	-27.5455144469627	Bye St	Toohey Rd	""	Salisbury	Brisbane City	Locally-controlled	Intersection - T-Junction	Operating traffic lights	"60 km/h"	Sealed - Wet	Raining	Daylight	Curved - view open	Level	301	Vehs Same Direction: Rear End	"04: Rear-end"	N	0	0	0	1	1	2	0	0	0	0	0	0
276111	276112	Minor injury	2025	May	Friday	15	Rear-end	Multi-Vehicle	153.11564301434	-27.5499914547	Gateway Arterial Rd	""	Gateway Motorway (Eight Mile Plains - Nudgee)	Rochedale	Brisbane City	State-controlled	No Roadway Feature	No traffic control	"100 - 110 km/h"	Sealed - Wet	Clear	Daylight	Straight	Level	301	Vehs Same Direction: Rear End	"04: Rear-end"	N	0	0	0	1	1	3	0	0	0	0	0	0
276218	276219	Hospitalisation	2025	February	Friday	22	Rear-end	Multi-Vehicle	153.018929035281	-27.4665824443165	Makerston St	Roma St	""	Brisbane City	Brisbane City	Locally-controlled	No Roadway Feature	Road/Rail worker	"0 - 50 km/h"	Sealed - Dry	Clear	Darkness - Lighted	Straight	Level	301	Vehs Same Direction: Rear End	"04: Rear-end"	E	0	1	0	1	2	4	0	0	0	0	0	0
276219	276220	Hospitalisation	2025	March	Saturday	2	Hit object	Single Vehicle	153.069853007594	-27.6421394508185	Illaweena St	""	""	Drewvale	Brisbane City	Locally-controlled	No Roadway Feature	No traffic control	"60 km/h"	Sealed - Dry	Clear	Darkness - Not lighted	Curved - view open	Level	803	Off Path-Curve: Off Cway Rt Bend Hit Obj	"19: Off Carriageway on Curve Hit Object"	E	0	3	0	1	4	1	0	0	0	0	0	0
276223	276224	Medical treatment	2025	February	Friday	10	Hit pedestrian	Hit pedestrian	153.010998019546	-27.5979564445582	Learoyd Rd	""	""	Willawong	Brisbane City	Locally-controlled	Merge Lane	No traffic control	"80 - 90 km/h"	Sealed - Dry	Clear	Daylight	Curved - view open	Level	0	Pedn: Hit Other	"21: Other"	U	0	0	1	0	1	1	0	0	0	0	1	0
276224	276225	Medical treatment	2025	March	Saturday	14	Angle	Multi-Vehicle	153.030993028014	-27.5138894459013	Ipswich Rd	Waterton St	""	Annerley	Brisbane City	Locally-controlled	Intersection - Cross	Operating traffic lights	"60 km/h"	Sealed - Dry	Clear	Daylight	Straight	Crest	202	Vehs Opposite Approach: Thru-Right	"03: Opposing Vehicles Turning"	W	0	0	2	0	2	2	0	0	0	0	0	0
276227	276228	Hospitalisation	2025	March	Sunday	7	Rear-end	Multi-Vehicle	153.046176046912	-27.3511894461392	Beams Rd	Church Rd	""	Taigum	Brisbane City	Locally-controlled	Intersection - Cross	Operating traffic lights	"60 km/h"	Sealed - Dry	Clear	Daylight	Straight	Grade	301	Vehs Same Direction: Rear End	"04: Rear-end"	E	0	1	0	0	1	1	1	0	0	0	0	0
276232	276233	Medical treatment	2025	March	Sunday	11	Angle	Multi-Vehicle	153.048077044559	-27.3682544464653	Newman Rd	Robinson Rd E	""	Geebung	Brisbane City	Locally-controlled	Intersection - Cross	Operating traffic lights	"60 km/h"	Sealed - Dry	Clear	Daylight	Straight	Level	101	Vehs Adjacent Approach: Thru-Thru	"01: Intersection: Adjacent Approach"	N	0	0	1	0	1	2	0	0	0	0	0	0
276363	276364	Medical treatment	2025	March	Thursday	15	Rear-end	Multi-Vehicle	153.11913102353	-27.4745104544548	Stanton Rd	Wynnum Rd	""	Tingalpa	Brisbane City	Locally-controlled	Intersection - T-Junction	Operating traffic lights	"60 km/h"	Sealed - Dry	Clear	Daylight	Curved - view open	Level	306	Vehs Same Direction: Lane Change Right	"05: Lane Change"	W	0	0	1	1	2	3	0	0	0	0	0	0
277303	277304	Minor injury	2025	March	Saturday	19	Hit pedestrian	Hit pedestrian	152.993802040823	-27.4439894416174	Ashgrove Ave	Harry St	""	Ashgrove	Brisbane City	Locally-controlled	Intersection - T-Junction	Give way sign	"0 - 50 km/h"	Sealed - Dry	Clear	Darkness - Lighted	Straight	Dip	4	Pedn: Play; Work; Stand; Lie On Cway	"12: Pedestrian"	E	0	0	0	1	1	1	0	0	0	0	1	0
277308	277309	Minor injury	2025	March	Monday	5	Rear-end	Multi-Vehicle	153.044622024044	-27.5337084474267	Gapap St	Toohey Rd	""	Tarragindi	Brisbane City	Locally-controlled	Intersection - T-Junction	Give way sign	"60 km/h"	Sealed - Dry	Clear	Daylight	Straight	Grade	301	Vehs Same Direction: Rear End	"04: Rear-end"	N	0	0	0	1	1	2	0	1	0	0	0	0
277325	277326	Minor injury	2025	March	Monday	6	Angle	Multi-Vehicle	153.035120010968	-27.6451514473518	Logan Mwy	""	Logan Motorway (Gailes - Loganholme)	Parkinson	Brisbane City	State-controlled	No Roadway Feature	No traffic control	"100 - 110 km/h"	Sealed - Dry	Clear	Daylight	Straight	Level	307	Vehs Same Direction: Lane Change Left	"05: Lane Change"	E	0	0	0	1	1	2	0	1	0	0	0	0
277572	277573	Hospitalisation	2025	May	Friday	14	Sideswipe	Multi-Vehicle	153.040515027161	-27.5125394468469	Pacific Hwy	""	South-East Arterial Road (Pacific Motorway)	Greenslopes	Brisbane City	State-controlled	No Roadway Feature	No traffic control	"100 - 110 km/h"	Sealed - Dry	Clear	Daylight	Curved - view open	Level	305	Vehs Same Direction: Lane Side Swipe	"05: Lane Change"	N	0	1	0	0	1	2	0	0	0	0	0	0
277573	277574	Hospitalisation	2025	May	Thursday	14	Sideswipe	Multi-Vehicle	153.105667011945	-27.5773424539112	Gateway Arterial Rd	""	Gateway Motorway (Eight Mile Plains - Nudgee)	Rochedale	Brisbane City	State-controlled	No Roadway Feature	No traffic control	"100 - 110 km/h"	Sealed - Dry	Clear	Daylight	Straight	Level	305	Vehs Same Direction: Lane Side Swipe	"05: Lane Change"	N	0	1	0	0	1	1	1	0	0	0	0	0
277582	277583	Medical treatment	2025	May	Thursday	16	Sideswipe	Multi-Vehicle	152.997877034087	-27.4939724424211	Sir Fred Schonell Dr	""	""	St Lucia	Brisbane City	Locally-controlled	No Roadway Feature	No traffic control	"60 km/h"	Sealed - Dry	Clear	Daylight	Curved - view open	Grade	307	Vehs Same Direction: Lane Change Left	"05: Lane Change"	E	0	0	1	0	1	2	0	0	0	0	0	0
277598	277599	Medical treatment	2025	June	Tuesday	13	Rear-end	Multi-Vehicle	153.01096503655	-27.4632944434913	Caxton St	Hale St On Ramp	""	Milton	Brisbane City	Locally-controlled	Intersection - T-Junction	Operating traffic lights	"0 - 50 km/h"	Sealed - Dry	Clear	Daylight	Straight	Level	303	Vehs Same Direction: Right Rear	"04: Rear-end"	W	0	0	1	0	1	2	1	0	0	0	0	0
277610	277611	Medical treatment	2025	June	Wednesday	15	Angle	Multi-Vehicle	153.060875044663	-27.3565904476591	Garozzo St	Sandgate Rd	Sandgate Sub-Arterial Road	Boondall	Brisbane City	State-controlled	Intersection - Cross	Operating traffic lights	"70 km/h"	Sealed - Dry	Clear	Daylight	Straight	Level	202	Vehs Opposite Approach: Thru-Right	"03: Opposing Vehicles Turning"	N	0	0	2	0	2	2	0	0	0	0	0	0
277627	277628	Medical treatment	2025	June	Sunday	15	Sideswipe	Multi-Vehicle	153.117254014996	-27.5434504548106	Gateway Arterial Rd	""	Gateway Motorway (Eight Mile Plains - Nudgee)	Mackenzie	Brisbane City	State-controlled	No Roadway Feature	No traffic control	"100 - 110 km/h"	Sealed - Dry	Clear	Daylight	Straight	Level	305	Vehs Same Direction: Lane Side Swipe	"05: Lane Change"	S	0	0	1	0	1	2	0	0	0	0	0	0
277629	277630	Hospitalisation	2025	May	Wednesday	8	Sideswipe	Multi-Vehicle	153.014411041004	-27.4250304435345	Evelyn St	Grange Rd	""	Grange	Brisbane City	Locally-controlled	Intersection - Cross	No traffic control	"60 km/h"	Sealed - Wet	Clear	Daylight	Straight	Grade	306	Vehs Same Direction: Lane Change Right	"05: Lane Change"	S	0	1	0	0	1	1	1	0	0	0	0	0
277641	277642	Hospitalisation	2025	January	Friday	8	Angle	Multi-Vehicle	153.124017019287	-27.5038684551792	Cleveland Sub-Arterial Rd	Gateway Art Rd Ramp Va	Cleveland Sub-Arterial Road	Belmont	Brisbane City	State-controlled	Intersection - Cross	Operating traffic lights	"60 km/h"	Sealed - Dry	Clear	Daylight	Straight	Level	101	Vehs Adjacent Approach: Thru-Thru	"01: Intersection: Adjacent Approach"	W	0	1	0	0	1	2	0	0	0	0	0	0
277645	277646	Medical treatment	2025	February	Tuesday	8	Angle	Multi-Vehicle	153.039207047298	-27.3540314454617	Battersby St	Handford Rd	""	Zillmere	Brisbane City	Locally-controlled	Intersection - T-Junction	Give way sign	"60 km/h"	Sealed - Dry	Clear	Daylight	Straight	Level	202	Vehs Opposite Approach: Thru-Right	"03: Opposing Vehicles Turning"	N	0	0	2	0	2	3	0	0	0	0	0	0
277648	277649	Hospitalisation	2025	February	Friday	23	Hit object	Single Vehicle	153.04852904068	-27.3986394467513	Shaw Rd	""	""	Wavell Heights	Brisbane City	Locally-controlled	No Roadway Feature	No traffic control	"60 km/h"	Sealed - Dry	Clear	Darkness - Lighted	Straight	Dip	601	Vehs On Path: Parked	"10: Hit Parked Vehicle"	N	0	1	0	0	1	2	0	0	0	0	0	0
277651	277652	Hospitalisation	2025	February	Saturday	9	Sideswipe	Multi-Vehicle	153.047928035371	-27.4412234470278	Kingsford Smith Dr	""	""	Hamilton	Brisbane City	Locally-controlled	No Roadway Feature	No traffic control	"60 km/h"	Sealed - Dry	Clear	Daylight	Curved - view open	Level	307	Vehs Same Direction: Lane Change Left	"05: Lane Change"	W	0	1	0	0	1	1	1	0	0	0	0	0
277652	277653	Medical treatment	2025	February	Saturday	11	Rear-end	Multi-Vehicle	153.035791033787	-27.4640844459895	Story Bridge	""	""	Kangaroo Point	Brisbane City	Locally-controlled	Bridge/Causeway	No traffic control	"60 km/h"	Sealed - Dry	Clear	Daylight	Straight	Level	301	Vehs Same Direction: Rear End	"04: Rear-end"	N	0	0	1	0	1	1	1	0	0	0	0	0
277653	277654	Minor injury	2025	February	Sunday	18	Rear-end	Multi-Vehicle	153.064965034285	-27.4353684486938	Racecourse Rd	""	""	Ascot	Brisbane City	Locally-controlled	No Roadway Feature	No traffic control	"0 - 50 km/h"	Sealed - Dry	Clear	Dawn/Dusk	Straight	Level	301	Vehs Same Direction: Rear End	"04: Rear-end"	S	0	0	0	1	1	2	0	0	0	0	0	0
277654	277655	Hospitalisation	2025	February	Sunday	19	Angle	Multi-Vehicle	153.017036033577	-27.481701444246	Edmondstone St	Vulture St	""	South Brisbane	Brisbane City	Locally-controlled	Intersection - T-Junction	Operating traffic lights	"60 km/h"	Sealed - Dry	Clear	Darkness - Lighted	Straight	Grade	202	Vehs Opposite Approach: Thru-Right	"03: Opposing Vehicles Turning"	W	0	3	0	0	3	2	0	0	0	0	0	0
277657	277658	Hospitalisation	2025	February	Monday	20	Angle	Multi-Vehicle	153.030916028024	-27.5138784458935	Waterton St	""	""	Annerley	Brisbane City	Locally-controlled	Intersection - Cross	Operating traffic lights	"0 - 50 km/h"	Sealed - Dry	Clear	Darkness - Lighted	Straight	Level	202	Vehs Opposite Approach: Thru-Right	"03: Opposing Vehicles Turning"	E	0	1	0	0	1	1	1	0	0	0	0	0
277660	277661	Minor injury	2025	February	Monday	19	Rear-end	Multi-Vehicle	152.989304041067	-27.4458854411815	Jubilee Tce	Waterworks Rd	Western Arterial Road (Toowong - Everton Park)	Ashgrove	Brisbane City	State-controlled	Intersection - Cross	Operating traffic lights	"60 km/h"	Sealed - Dry	Clear	Darkness - Lighted	Straight	Level	301	Vehs Same Direction: Rear End	"04: Rear-end"	N	0	0	0	1	1	1	1	0	0	0	0	0
277662	277663	Medical treatment	2025	February	Monday	19	Rear-end	Multi-Vehicle	153.087959015248	-27.5663384520417	Logan Rd	Macgregor St	Logan Sub-Arterial Road	Upper Mount Gravatt	Brisbane City	State-controlled	Intersection - Cross	Operating traffic lights	"70 km/h"	Sealed - Dry	Clear	Darkness - Lighted	Straight	Grade	303	Vehs Same Direction: Right Rear	"04: Rear-end"	E	0	0	1	0	1	2	0	0	0	0	0	0
277677	277678	Hospitalisation	2025	March	Thursday	7	Hit pedestrian	Hit pedestrian	153.050787040545	-27.3977924469714	Imbros St	Villeroy St	""	Nundah	Brisbane City	Locally-controlled	Intersection - T-Junction	No traffic control	"0 - 50 km/h"	Sealed - Wet	Raining	Daylight	Straight	Grade	4	Pedn: Play; Work; Stand; Lie On Cway	"12: Pedestrian"	S	0	1	0	0	1	1	0	0	0	0	1	0
277685	277686	Medical treatment	2025	March	Thursday	16	Rear-end	Multi-Vehicle	153.051477013038	-27.614847448756	Beaudesert Rd	""	Mount Lindesay Arterial Road	Calamvale	Brisbane City	State-controlled	No Roadway Feature	No traffic control	"70 km/h"	Sealed - Wet	Raining	Daylight	Straight	Grade	301	Vehs Same Direction: Rear End	"04: Rear-end"	N	0	0	2	0	2	3	0	0	0	0	0	0
277688	277689	Medical treatment	2025	March	Thursday	17	Rear-end	Multi-Vehicle	152.981440930651	-27.4479390224096	Waterworks Rd	""	""	Ashgrove	Brisbane City	Locally-controlled	No Roadway Feature	No traffic control	"60 km/h"	Sealed - Wet	Raining	Dawn/Dusk	Curved - view open	Level	301	Vehs Same Direction: Rear End	"04: Rear-end"	W	0	0	1	0	1	3	0	0	0	0	0	0
277689	277690	Minor injury	2025	March	Thursday	18	Rear-end	Multi-Vehicle	153.028252054315	-27.3075684439936	Gateway Arterial Rd	""	Gateway Arterial Road (Gateway Motorway - North)	Bald Hills	Brisbane City	State-controlled	No Roadway Feature	No traffic control	"100 - 110 km/h"	Sealed - Dry	Clear	Darkness - Lighted	Straight	Level	301	Vehs Same Direction: Rear End	"04: Rear-end"	W	0	0	0	1	1	2	0	0	0	0	0	0
277691	277692	Medical treatment	2025	March	Thursday	17	Angle	Multi-Vehicle	153.042772037004	-27.4326584464421	Crosby Rd	Sandgate Rd	""	Albion	Brisbane City	Locally-controlled	Intersection - T-Junction	Operating traffic lights	"60 km/h"	Sealed - Dry	Clear	Daylight	Curved - view open	Level	202	Vehs Opposite Approach: Thru-Right	"03: Opposing Vehicles Turning"	N	0	0	1	1	2	2	0	0	0	0	0	0
277693	277694	Hospitalisation	2025	March	Friday	15	Rear-end	Multi-Vehicle	153.032803029492	-27.5006474459785	Cornwall St	""	""	Woolloongabba	Brisbane City	Locally-controlled	No Roadway Feature	No traffic control	"0 - 50 km/h"	Sealed - Dry	Clear	Daylight	Straight	Crest	301	Vehs Same Direction: Rear End	"04: Rear-end"	E	0	1	0	0	1	1	1	0	0	0	0	0
277696	277697	Hospitalisation	2025	March	Thursday	17	Fall from vehicle	Single Vehicle	153.027246028487	-27.5133324455207	Lagonda St	Venner Rd	""	Annerley	Brisbane City	Locally-controlled	No Roadway Feature	Stop sign	"60 km/h"	Sealed - Dry	Raining	Dawn/Dusk	Straight	Level	705	Off Path-Straight: Out Of Control On Cway	"17: Out of Control on Straight"	S	0	1	0	0	1	1	1	0	0	0	0	0
277698	277699	Medical treatment	2025	March	Friday	8	Angle	Multi-Vehicle	153.065644018332	-27.5609694497547	Griffith Arterial Rd	Mains Rd	Griffith Arterial Road	Macgregor	Brisbane City	State-controlled	Intersection - Cross	Operating traffic lights	"60 km/h"	Sealed - Dry	Clear	Daylight	Straight	Grade	203	Vehs Opposite Approach: Right-Left	"03: Opposing Vehicles Turning"	S	0	0	1	0	1	2	0	0	0	0	0	0
277701	277702	Hospitalisation	2025	March	Thursday	8	Angle	Multi-Vehicle	152.997043037235	-27.4697104421457	Haig Rd	""	""	Auchenflower	Brisbane City	Locally-controlled	No Roadway Feature	No traffic control	"60 km/h"	Sealed - Dry	Clear	Daylight	Straight	Level	506	Vehs Overtaking: Overtake-Right Turn	"09: Overtaking Same Direction"	S	0	1	0	0	1	2	0	0	0	0	0	0
277702	277703	Minor injury	2025	March	Wednesday	10	Angle	Multi-Vehicle	153.036592034248	-27.4597504460357	Brunswick St	""	""	Fortitude Valley	Brisbane City	Locally-controlled	No Roadway Feature	No traffic control	"0 - 50 km/h"	Sealed - Dry	Clear	Daylight	Straight	Level	307	Vehs Same Direction: Lane Change Left	"05: Lane Change"	W	0	0	0	1	1	1	0	1	0	0	0	0
277703	277704	Medical treatment	2025	March	Thursday	17	Rear-end	Multi-Vehicle	153.084528015595	-27.5665184516979	Pacific Hwy	""	South-East Arterial Road (Pacific Motorway)	Macgregor	Brisbane City	State-controlled	No Roadway Feature	No traffic control	"100 - 110 km/h"	Sealed - Dry	Clear	Daylight	Straight	Level	301	Vehs Same Direction: Rear End	"04: Rear-end"	S	0	0	1	0	1	3	0	0	0	0	0	0
277898	277899	Minor injury	2025	January	Saturday	17	Sideswipe	Multi-Vehicle	153.082706018884	-27.5420974513217	Broadwater Rd	Whitley St	""	Mount Gravatt East	Brisbane City	Locally-controlled	Intersection - T-Junction	No traffic control	"60 km/h"	Sealed - Wet	Raining	Dawn/Dusk	Straight	Crest	308	Vehs Same Direction: Right Turn S/Swipe	"06: Parallel Lanes Turning"	""	0	0	0	3	3	2	0	0	0	0	0	0
277899	277900	Medical treatment	2025	February	Saturday	5	Hit object	Single Vehicle	153.016698056291	-27.3016394427869	Gateway Arterial Rd	""	Gateway Arterial Road (Gateway Motorway - North)	Bald Hills	Brisbane City	State-controlled	Bridge/Causeway	No traffic control	"70 km/h"	Sealed - Dry	Clear	Daylight	Curved - view open	Level	803	Off Path-Curve: Off Cway Rt Bend Hit Obj	"19: Off Carriageway on Curve Hit Object"	N	0	0	1	3	4	1	0	0	0	0	0	0
277908	277909	Minor injury	2025	March	Tuesday	14	Fall from vehicle	Single Vehicle	152.998956037495	-27.4660214423084	Baroona Rd	""	""	Milton	Brisbane City	Locally-controlled	No Roadway Feature	No traffic control	"60 km/h"	Sealed - Wet	Clear	Daylight	Straight	Level	705	Off Path-Straight: Out Of Control On Cway	"17: Out of Control on Straight"	""	0	0	0	1	1	1	1	0	0	0	0	0
277914	277915	Medical treatment	2025	March	Wednesday	12	Angle	Multi-Vehicle	153.088701024103	-27.4957784515589	Jones Rd	Old Cleveland Rd	""	Carina	Brisbane City	Locally-controlled	Intersection - T-Junction	Operating traffic lights	"60 km/h"	Sealed - Dry	Clear	Daylight	Straight	Grade	202	Vehs Opposite Approach: Thru-Right	"03: Opposing Vehicles Turning"	N	0	0	1	0	1	2	0	0	0	0	0	0
277918	277919	Hospitalisation	2025	March	Wednesday	16	Sideswipe	Multi-Vehicle	152.991312025967	-27.5639314423154	Boundary Rd	Cunningham Arterial Rd	Cunningham Arterial Road (Ipswich Motorway)	Rocklea	Brisbane City	State-controlled	Intersection - T-Junction	Give way sign	"60 km/h"	Sealed - Wet	Raining	Dawn/Dusk	Curved - view open	Level	104	Vehs Adjacent Approach: Thru-Right	"01: Intersection: Adjacent Approach"	E	0	1	0	0	1	2	0	0	0	0	0	0
277922	277923	Minor injury	2025	March	Tuesday	13	Angle	Multi-Vehicle	153.005364041349	-27.4299814426661	Alderson St	Enoggera Rd	""	Alderley	Brisbane City	Locally-controlled	Intersection - T-Junction	Operating traffic lights	"0 - 50 km/h"	Sealed - Wet	Raining	Daylight	Straight	Level	104	Vehs Adjacent Approach: Thru-Right	"01: Intersection: Adjacent Approach"	S	0	0	0	1	1	2	0	0	0	0	0	0
277923	277924	Hospitalisation	2025	March	Thursday	7	Head-on	Multi-Vehicle	152.932555041485	-27.4909694358556	Bielby Rd	Hillcrest Pl	""	Kenmore Hills	Brisbane City	Locally-controlled	Intersection - T-Junction	No traffic control	"60 km/h"	Sealed - Wet	Raining	Daylight	Curved - view open	Level	201	Vehs Opposite Approach: Head On	"02: Head-on"	N	0	2	0	0	2	2	0	0	0	0	0	0
278657	278658	Medical treatment	2025	February	Monday	16	Rear-end	Multi-Vehicle	152.99761604582	-27.4010614416602	Felstead St	Trouts Rd	""	Everton Park	Brisbane City	Locally-controlled	Intersection - Roundabout	Give way sign	"0 - 50 km/h"	Sealed - Dry	Clear	Daylight	Straight	Grade	301	Vehs Same Direction: Rear End	"04: Rear-end"	W	0	0	1	0	1	2	0	0	0	0	0	0
278877	278878	Minor injury	2025	March	Tuesday	9	Angle	Multi-Vehicle	153.061420025828	-27.5053094488904	Cavendish Rd	Chatsworth Rd	""	Coorparoo	Brisbane City	Locally-controlled	Intersection - Cross	Operating traffic lights	"60 km/h"	Sealed - Dry	Clear	Daylight	Straight	Level	202	Vehs Opposite Approach: Thru-Right	"03: Opposing Vehicles Turning"	N	0	0	0	2	2	2	0	0	0	0	0	0
278881	278882	Hospitalisation	2025	March	Tuesday	11	Rear-end	Multi-Vehicle	153.145113026985	-27.4252584566842	Lytton Rd	Pritchard St	Port Of Brisbane Road	Lytton	Brisbane City	State-controlled	Intersection - Cross	Operating traffic lights	"60 km/h"	Sealed - Dry	Clear	Daylight	Straight	Level	301	Vehs Same Direction: Rear End	"04: Rear-end"	S	0	1	0	0	1	1	0	1	0	0	0	0
278883	278884	Hospitalisation	2025	March	Tuesday	6	Hit pedestrian	Hit pedestrian	153.034659029465	-27.499281446154	Princess Alexandra Hospital Accs	""	""	Woolloongabba	Brisbane City	Locally-controlled	No Roadway Feature	Pedestrian crossing sign	"0 - 50 km/h"	Sealed - Dry	Smoke/Dust	Daylight	Straight	Crest	1	Pedn: Near Side Vehicle Hit From Right	"12: Pedestrian"	E	0	1	0	0	1	1	0	0	0	0	1	0
278884	278885	Medical treatment	2025	March	Tuesday	13	Angle	Multi-Vehicle	153.123176026814	-27.4451494546302	Lytton Rd	Violet St	Port Of Brisbane Road	Hemmant	Brisbane City	State-controlled	Intersection - T-Junction	No traffic control	"60 km/h"	Sealed - Dry	Clear	Daylight	Straight	Level	202	Vehs Opposite Approach: Thru-Right	"03: Opposing Vehicles Turning"	E	0	0	1	0	1	1	0	1	0	0	0	0
278887	278888	Hospitalisation	2025	March	Tuesday	14	Angle	Multi-Vehicle	152.992896043554	-27.4230734413611	Bond St	Samford Rd	""	Enoggera	Brisbane City	Locally-controlled	Intersection - Cross	Give way sign	"60 km/h"	Sealed - Wet	Raining	Darkness - Lighted	Straight	Level	101	Vehs Adjacent Approach: Thru-Thru	"01: Intersection: Adjacent Approach"	N	0	1	1	0	2	2	0	0	0	0	0	0
278890	278891	Hospitalisation	2025	March	Tuesday	16	Angle	Multi-Vehicle	153.134315023352	-27.4630664558946	Fleming Rd	Hemmant Tingalpa Rd	""	Hemmant	Brisbane City	Locally-controlled	Intersection - T-Junction	No traffic control	"60 km/h"	Sealed - Dry	Clear	Dawn/Dusk	Straight	Level	202	Vehs Opposite Approach: Thru-Right	"03: Opposing Vehicles Turning"	E	0	1	0	0	1	2	0	0	0	0	0	0
278891	278892	Hospitalisation	2025	March	Tuesday	19	Fall from vehicle	Single Vehicle	153.093673018412	-27.5365084523812	Newnham Rd	""	""	Mount Gravatt East	Brisbane City	Locally-controlled	No Roadway Feature	No traffic control	"60 km/h"	Sealed - Dry	Clear	Darkness - Lighted	Straight	Crest	705	Off Path-Straight: Out Of Control On Cway	"17: Out of Control on Straight"	N	0	1	0	0	1	0	1	0	0	0	0	0
278892	278893	Hospitalisation	2025	March	Tuesday	20	Angle	Multi-Vehicle	153.009170044367	-27.4027864428327	Appleby Rd	Redwood St	""	Stafford	Brisbane City	Locally-controlled	Intersection - T-Junction	Stop sign	"60 km/h"	Sealed - Dry	Clear	Darkness - Lighted	Straight	Level	102	Vehs Adjacent Approach: Right-Thru	"01: Intersection: Adjacent Approach"	E	0	1	0	0	1	2	0	0	0	0	0	0
278897	278898	Medical treatment	2025	March	Wednesday	14	Rear-end	Multi-Vehicle	153.062506053074	-27.2884604472832	Hornibrook Hwy	Twenty Third Ave	""	Brighton	Brisbane City	Locally-controlled	Intersection - T-Junction	No traffic control	"60 km/h"	Sealed - Wet	Raining	Daylight	Straight	Level	303	Vehs Same Direction: Right Rear	"04: Rear-end"	""	0	0	1	0	1	3	0	0	0	0	0	0
278905	278906	Medical treatment	2025	February	Thursday	14	Fall from vehicle	Single Vehicle	153.032625028536	-27.5083694460216	Annerley Rd	""	""	Annerley	Brisbane City	Locally-controlled	No Roadway Feature	No traffic control	"60 km/h"	Sealed - Dry	Clear	Daylight	Curved - view open	Level	805	Off Path-Curve: Out Of Control On Cway	"20: Out of Control on Curve"	S	0	0	1	0	1	1	1	0	0	0	0	0
278907	278908	Medical treatment	2025	March	Tuesday	19	Angle	Multi-Vehicle	153.015279035583	-27.4672874439558	North Quay	William Jolly Bridge	South-East Arterial Road (Pacific Motorway)	Brisbane City	Brisbane City	State-controlled	Intersection - Cross	Operating traffic lights	"60 km/h"	Sealed - Dry	Clear	Darkness - Lighted	Curved - view open	Level	104	Vehs Adjacent Approach: Thru-Right	"01: Intersection: Adjacent Approach"	E	0	0	1	0	1	2	0	0	0	0	0	0
279134	279135	Fatal	2025	May	Monday	18	Hit object	Single Vehicle	152.857535036529	-27.5947274291822	Moggill Rd	""	Moggill Sub-Arterial Road	Moggill	Brisbane City	State-controlled	No Roadway Feature	Stop sign	"0 - 50 km/h"	Sealed - Dry	Raining	Darkness - Lighted	Curved - view open	Grade	700	Off Path-Straight: Other	"21: Other"	W	1	0	0	0	1	1	0	0	0	0	0	0
283865	283866	Hospitalisation	2025	January	Friday	11	Fall from vehicle	Single Vehicle	153.165226027358	-27.4053394585557	Kite St	Port Dr	Port Drive	Port Of Brisbane	Brisbane City	State-controlled	Intersection - Roundabout	Give way sign	"60 km/h"	Sealed - Dry	Clear	Daylight	Curved - view open	Level	806	Vehicle Left-Turning At I/S (Or Driveway)	"20: Out of Control on Curve"	N	0	1	0	0	1	0	1	0	0	0	0	0
283866	283867	Hospitalisation	2025	January	Friday	20	Hit pedestrian	Hit pedestrian	153.016962048777	-27.3611414432848	Gayford St	Gympie Rd	Gympie Arterial Road	Aspley	Brisbane City	State-controlled	Intersection - T-Junction	Operating traffic lights	"70 km/h"	Sealed - Wet	Raining	Darkness - Lighted	Straight	Level	1	Pedn: Near Side Vehicle Hit From Right	"12: Pedestrian"	N	0	1	0	0	1	1	0	0	0	0	1	0
284537	284538	Medical treatment	2025	April	Saturday	11	Rear-end	Multi-Vehicle	153.01268102463	-27.5562814443982	Balham Rd	""	""	Rocklea	Brisbane City	Locally-controlled	Intersection - T-Junction	Give way sign	"0 - 50 km/h"	Sealed - Dry	Raining	Daylight	Straight	Level	303	Vehs Same Direction: Right Rear	"04: Rear-end"	N	0	0	1	0	1	2	0	0	0	0	0	0
284539	284540	Medical treatment	2025	April	Friday	8	Angle	Multi-Vehicle	153.042217429833	-27.4978528499019	Logan Rd	O'Keefe St	""	Woolloongabba	Brisbane City	Locally-controlled	Intersection - Roundabout	Give way sign	"60 km/h"	Sealed - Dry	Clear	Daylight	Curved - view open	Level	308	Vehs Same Direction: Right Turn S/Swipe	"06: Parallel Lanes Turning"	N	0	0	1	0	1	2	0	0	0	0	0	0
287229	287230	Hospitalisation	2025	April	Thursday	9	Fall from vehicle	Single Vehicle	153.000883036263	-27.4741534425659	Lang Pde	""	""	Auchenflower	Brisbane City	Locally-controlled	No Roadway Feature	No traffic control	"0 - 50 km/h"	Sealed - Dry	Clear	Daylight	Curved - view open	Level	805	Off Path-Curve: Out Of Control On Cway	"20: Out of Control on Curve"	W	0	2	0	0	2	0	0	0	0	0	0	1
287231	287232	Hospitalisation	2025	April	Wednesday	13	Hit object	Single Vehicle	152.930751029923	-27.5843774364126	Cunningham Arterial Rd	Ipswich Mwy	Cunningham Arterial Road (Ipswich Motorway)	Wacol	Brisbane City	State-controlled	Intersection - Interchange	No traffic control	"60 km/h"	Sealed - Dry	Clear	Daylight	Curved - view open	Level	804	Off Path-Curve: Off Cway Lt Bend Hit Obj	"19: Off Carriageway on Curve Hit Object"	W	0	1	0	0	1	1	0	0	0	0	0	0
287232	287233	Medical treatment	2025	April	Sunday	17	Rear-end	Multi-Vehicle	152.990403034428	-27.4976354417007	Gailey Rd	Swann Rd	""	Taringa	Brisbane City	Locally-controlled	Intersection - Roundabout	No traffic control	"0 - 50 km/h"	Sealed - Dry	Clear	Daylight	Curved - view open	Dip	301	Vehs Same Direction: Rear End	"04: Rear-end"	W	0	0	1	0	1	1	0	0	0	1	0	0
287246	287247	Medical treatment	2025	May	Wednesday	11	Rear-end	Multi-Vehicle	153.051274037359	-27.4226314472169	Sandgate Rd	""	""	Clayfield	Brisbane City	Locally-controlled	No Roadway Feature	No traffic control	"60 km/h"	Sealed - Dry	Clear	Daylight	Curved - view open	Grade	301	Vehs Same Direction: Rear End	"04: Rear-end"	S	0	0	1	1	2	2	1	1	0	0	0	0
287252	287253	Minor injury	2025	March	Friday	11	Sideswipe	Multi-Vehicle	153.011727028899	-27.5232864440419	King Arthur Tce	""	""	Yeerongpilly	Brisbane City	Locally-controlled	No Roadway Feature	No traffic control	"0 - 50 km/h"	Sealed - Dry	Clear	Daylight	Straight	Level	700	Off Path-Straight: Other	"21: Other"	""	0	0	0	1	1	1	0	0	0	1	0	0
287302	287303	Minor injury	2025	March	Tuesday	17	Rear-end	Multi-Vehicle	152.990151035765	-27.4872464415933	Jephson St	""	""	Toowong	Brisbane City	Locally-controlled	No Roadway Feature	No traffic control	"0 - 50 km/h"	Sealed - Dry	Clear	Daylight	Straight	Level	301	Vehs Same Direction: Rear End	"04: Rear-end"	N	0	0	0	2	2	2	0	0	0	0	0	0
287303	287304	Minor injury	2025	March	Thursday	8	Rear-end	Multi-Vehicle	153.059359030189	-27.4725534484243	Hawthorne Rd	Wynnum Rd	""	Norman Park	Brisbane City	Locally-controlled	Intersection - Cross	Operating traffic lights	"60 km/h"	Sealed - Wet	Clear	Daylight	Straight	Level	301	Vehs Same Direction: Rear End	"04: Rear-end"	S	0	0	0	1	1	2	0	0	0	0	0	0
287306	287307	Medical treatment	2025	March	Monday	5	Rear-end	Multi-Vehicle	153.096821038594	-27.3742774514149	Gateway Arterial Rd	""	Gateway Arterial Road (Gateway Motorway - North)	Nudgee	Brisbane City	State-controlled	No Roadway Feature	No traffic control	"80 - 90 km/h"	Sealed - Wet	Raining	Dawn/Dusk	Curved - view open	Level	301	Vehs Same Direction: Rear End	"04: Rear-end"	S	0	0	1	0	1	3	0	0	0	0	0	0
287374	287375	Hospitalisation	2025	February	Tuesday	7	Angle	Multi-Vehicle	152.965434041147	-27.4655864389456	Simpsons Rd	Sir Samuel Griffith Dr	""	Mount Coot-tha	Brisbane City	Locally-controlled	Intersection - T-Junction	Give way sign	"60 km/h"	Sealed - Dry	Clear	Daylight	Straight	Crest	202	Vehs Opposite Approach: Thru-Right	"03: Opposing Vehicles Turning"	W	0	2	0	0	2	0	0	0	0	2	0	0
287376	287377	Medical treatment	2025	February	Wednesday	12	Angle	Multi-Vehicle	153.034307029053	-27.5028424461468	Ipswich Rd	""	""	Annerley	Brisbane City	Locally-controlled	No Roadway Feature	No traffic control	"0 - 50 km/h"	Sealed - Dry	Clear	Daylight	Straight	Level	305	Vehs Same Direction: Lane Side Swipe	"05: Lane Change"	N	0	0	1	0	1	1	1	0	0	0	0	0
287390	287391	Minor injury	2025	March	Saturday	9	Angle	Multi-Vehicle	152.959469025872	-27.5919114393459	Archerfield Rd	Azalea St	""	Inala	Brisbane City	Locally-controlled	Intersection - Cross	Stop sign	"60 km/h"	Sealed - Wet	Raining	Daylight	Straight	Level	101	Vehs Adjacent Approach: Thru-Thru	"01: Intersection: Adjacent Approach"	E	0	0	0	1	1	2	0	0	0	0	0	0
287394	287395	Medical treatment	2025	March	Saturday	13	Hit object	Single Vehicle	153.099584028423	-27.4524094523114	Metroplex Ave	""	""	Murarrie	Brisbane City	Locally-controlled	No Roadway Feature	No traffic control	"60 km/h"	Sealed - Wet	Raining	Daylight	Curved - view open	Level	804	Off Path-Curve: Off Cway Lt Bend Hit Obj	"19: Off Carriageway on Curve Hit Object"	N	0	0	1	0	1	1	0	0	0	0	0	0
287395	287396	Hospitalisation	2025	March	Saturday	15	Fall from vehicle	Single Vehicle	152.980262038018	-27.4777974405275	Western Arterial Rd	""	Centenary Motorway (Ellen Grove - Toowong)	Mount Coot-tha	Brisbane City	State-controlled	No Roadway Feature	No traffic control	"60 km/h"	Sealed - Wet	Raining	Daylight	Curved - view open	Level	705	Off Path-Straight: Out Of Control On Cway	"17: Out of Control on Straight"	E	0	1	0	0	1	0	1	0	0	0	0	0
287397	287398	Minor injury	2025	March	Saturday	21	Angle	Multi-Vehicle	152.977227035273	-27.502169440416	Clarence Rd	Westminster Rd	""	Indooroopilly	Brisbane City	Locally-controlled	Intersection - T-Junction	Operating traffic lights	"60 km/h"	Sealed - Wet	Raining	Darkness - Lighted	Straight	Grade	102	Vehs Adjacent Approach: Right-Thru	"01: Intersection: Adjacent Approach"	S	0	0	0	1	1	2	0	0	0	0	0	0
287409	287410	Medical treatment	2025	March	Sunday	20	Hit pedestrian	Hit pedestrian	153.035808035879	-27.44748744586	Airport Link On Ramp	Campbell St	Airport Link (Bowen Hills - Toombul)	Bowen Hills	Brisbane City	State-controlled	Intersection - Cross	Operating traffic lights	"60 km/h"	Sealed - Wet	Raining	Darkness - Lighted	Straight	Level	0	Pedn: Hit Other	"21: Other"	S	0	0	1	0	1	1	0	0	0	0	1	0
287415	287416	Medical treatment	2025	February	Tuesday	13	Sideswipe	Multi-Vehicle	153.038369034641	-27.4551284461776	Ann St	""	""	Fortitude Valley	Brisbane City	Locally-controlled	No Roadway Feature	No traffic control	"60 km/h"	Sealed - Dry	Clear	Daylight	Straight	Level	307	Vehs Same Direction: Lane Change Left	"05: Lane Change"	S	0	0	1	1	2	1	0	1	0	0	0	0
287419	287420	Hospitalisation	2025	March	Tuesday	9	Fall from vehicle	Single Vehicle	153.042268028818	-27.4979324469076	Logan Rd	O'Keefe St	""	Woolloongabba	Brisbane City	Locally-controlled	Intersection - Roundabout	No traffic control	"0 - 50 km/h"	Sealed - Dry	Clear	Daylight	Straight	Level	901	Pass & Misc: Fell In/From Vehicle	"21: Other"	N	0	1	0	0	1	0	0	0	1	0	0	0
287422	287423	Minor injury	2025	March	Tuesday	9	Rear-end	Multi-Vehicle	153.036147008986	-27.6599254475714	Johnson Rd	""	""	Parkinson	Brisbane City	Locally-controlled	No Roadway Feature	No traffic control	"60 km/h"	Sealed - Dry	Clear	Darkness - Lighted	Straight	Grade	301	Vehs Same Direction: Rear End	"04: Rear-end"	E	0	0	0	3	3	3	0	0	0	0	0	0
289347	289348	Fatal	2025	January	Saturday	6	Angle	Multi-Vehicle	152.786206055868	-27.5018444213459	Lake Manchester Rd	""	""	Kholo	Brisbane City	Locally-controlled	No Roadway Feature	No traffic control	"60 km/h"	Sealed - Dry	Clear	Daylight	Straight	Grade	202	Vehs Opposite Approach: Thru-Right	"03: Opposing Vehicles Turning"	N	1	1	0	0	2	1	0	0	0	1	0	0
289956	289957	Medical treatment	2025	February	Sunday	3	Hit object	Single Vehicle	153.068819006629	-27.6506344507815	Illaweena St	""	""	Drewvale	Brisbane City	Locally-controlled	No Roadway Feature	No traffic control	"60 km/h"	Sealed - Dry	Clear	Darkness - Not lighted	Curved - view open	Level	804	Off Path-Curve: Off Cway Lt Bend Hit Obj	"19: Off Carriageway on Curve Hit Object"	S	0	0	1	0	1	0	1	0	0	0	0	0
290610	290611	Medical treatment	2025	January	Monday	12	Angle	Multi-Vehicle	153.01096503655	-27.4632944434913	Caxton St	Hale St On Ramp	""	Milton	Brisbane City	Locally-controlled	Intersection - Interchange	Operating traffic lights	"0 - 50 km/h"	Sealed - Dry	Clear	Daylight	Straight	Level	408	Vehs Manoeuvring: Entering From Footway	"08: Vehicle Leaving Driveway"	""	0	0	1	0	1	1	0	0	0	0	0	1
302042	302043	Minor injury	2025	June	Saturday	11	Angle	Multi-Vehicle	153.051094013548	-27.6111464486883	Beaudesert Rd	Compton Rd	""	Calamvale	Brisbane City	Locally-controlled	Intersection - T-Junction	Operating traffic lights	"60 km/h"	Sealed - Dry	Clear	Daylight	Curved - view open	Level	102	Vehs Adjacent Approach: Right-Thru	"01: Intersection: Adjacent Approach"	W	0	0	0	1	1	2	0	0	0	0	0	0
302046	302047	Medical treatment	2025	May	Monday	15	Rear-end	Multi-Vehicle	153.071376017612	-27.5617784503375	Kessels Rd	""	Griffith Arterial Road	Macgregor	Brisbane City	State-controlled	No Roadway Feature	No traffic control	"60 km/h"	Sealed - Dry	Clear	Daylight	Straight	Level	301	Vehs Same Direction: Rear End	"04: Rear-end"	W	0	0	1	0	1	2	0	0	0	0	0	0
302049	302050	Hospitalisation	2025	May	Thursday	19	Rear-end	Multi-Vehicle	153.021236027436	-27.5267744450237	Colebrook Ave	Gow St	""	Moorooka	Brisbane City	Locally-controlled	Intersection - Cross	Operating traffic lights	"60 km/h"	Sealed - Dry	Clear	Darkness - Lighted	Straight	Level	301	Vehs Same Direction: Rear End	"04: Rear-end"	N	0	1	0	0	1	3	0	0	0	0	0	0
302051	302052	Hospitalisation	2025	May	Wednesday	10	Angle	Multi-Vehicle	153.169826021947	-27.4441474593272	Bride St	Tingal Rd	""	Wynnum	Brisbane City	Locally-controlled	Intersection - T-Junction	Give way sign	"60 km/h"	Sealed - Dry	Clear	Daylight	Straight	Level	102	Vehs Adjacent Approach: Right-Thru	"01: Intersection: Adjacent Approach"	S	0	1	0	0	1	2	0	0	0	0	0	0
302052	302053	Hospitalisation	2025	May	Wednesday	10	Sideswipe	Multi-Vehicle	153.060152045742	-27.3486454475235	Roscommon Rd	Sandgate Rd	Sandgate Sub-Arterial Road	Boondall	Brisbane City	State-controlled	Intersection - Cross	Operating traffic lights	"60 km/h"	Sealed - Dry	Clear	Daylight	Straight	Level	305	Vehs Same Direction: Lane Side Swipe	"05: Lane Change"	S	0	1	0	0	1	1	0	1	0	0	0	0
302059	302060	Medical treatment	2025	June	Wednesday	13	Sideswipe	Multi-Vehicle	152.987492026266	-27.5648264419395	Ipswich Mwy	""	Cunningham Arterial Road (Ipswich Motorway)	Oxley	Brisbane City	State-controlled	No Roadway Feature	No traffic control	"80 - 90 km/h"	Sealed - Dry	Clear	Daylight	Straight	Level	307	Vehs Same Direction: Lane Change Left	"05: Lane Change"	W	0	0	1	0	1	3	0	0	0	0	0	0
302063	302064	Hospitalisation	2025	June	Friday	20	Rear-end	Multi-Vehicle	153.008749039027	-27.4455304431286	Herston Rd	""	""	Kelvin Grove	Brisbane City	Locally-controlled	No Roadway Feature	No traffic control	"0 - 50 km/h"	Sealed - Dry	Clear	Darkness - Lighted	Straight	Level	304	Vehs Same Direction: U-Turn	"07: U-turn"	E	0	1	0	0	1	1	1	0	0	0	0	0
302065	302066	Minor injury	2025	June	Friday	20	Hit parked vehicle	Single Vehicle	153.175340019338	-27.4600604600098	Manly Rd	""	""	Manly West	Brisbane City	Locally-controlled	No Roadway Feature	No traffic control	"60 km/h"	Sealed - Dry	Clear	Darkness - Lighted	Straight	Level	601	Vehs On Path: Parked	"10: Hit Parked Vehicle"	N	0	0	0	1	1	2	0	0	0	0	0	0
302066	302067	Hospitalisation	2025	June	Friday	21	Hit pedestrian	Hit pedestrian	153.102347008533	-27.6070634538115	Beenleigh Rd	""	""	Kuraby	Brisbane City	Locally-controlled	No Roadway Feature	No traffic control	"60 km/h"	Sealed - Dry	Clear	Darkness - Lighted	Straight	Level	4	Pedn: Play; Work; Stand; Lie On Cway	"12: Pedestrian"	E	0	1	0	1	2	1	0	0	0	0	1	0
302354	302355	Medical treatment	2025	June	Monday	17	Rear-end	Multi-Vehicle	153.026747033863	-27.4711684451374	Albert St	Charlotte St	""	Brisbane City	Brisbane City	Locally-controlled	Intersection - Cross	Operating traffic lights	"0 - 50 km/h"	Sealed - Dry	Clear	Darkness - Lighted	Straight	Level	301	Vehs Same Direction: Rear End	"04: Rear-end"	S	0	0	1	1	2	2	0	0	0	0	0	0
302356	302357	Medical treatment	2025	June	Saturday	5	Rear-end	Multi-Vehicle	152.993473035272	-27.4883264419349	Brisbane St	Glen Rd	""	Toowong	Brisbane City	Locally-controlled	Intersection - T-Junction	Operating traffic lights	"0 - 50 km/h"	Sealed - Dry	Clear	Daylight	Curved - view open	Grade	301	Vehs Same Direction: Rear End	"04: Rear-end"	E	0	0	1	0	1	3	0	0	0	0	0	0
302357	302358	Minor injury	2025	June	Monday	17	Rear-end	Multi-Vehicle	153.107113027224	-27.455509453094	Gateway Arterial Rd	Lytton Rd	Port Of Brisbane Road	Murarrie	Brisbane City	State-controlled	Intersection - Interchange	Operating traffic lights	"60 km/h"	Sealed - Dry	Clear	Darkness - Lighted	Straight	Level	301	Vehs Same Direction: Rear End	"04: Rear-end"	S	0	0	0	1	1	2	0	0	0	0	0	0
302595	302596	Hospitalisation	2025	April	Monday	21	Head-on	Multi-Vehicle	153.178410010907	-27.5238664608243	Moreton Bay Rd	""	Brisbane - Redland Road	Chandler	Brisbane City	State-controlled	No Roadway Feature	No traffic control	"80 - 90 km/h"	Sealed - Wet	Raining	Darkness - Lighted	Curved - view open	Grade	201	Vehs Opposite Approach: Head On	"02: Head-on"	E	0	1	0	0	1	2	0	0	0	0	0	0
302624	302625	Medical treatment	2025	April	Wednesday	8	Angle	Multi-Vehicle	153.030124033837	-27.4685034454554	Charlotte St	Eagle St	""	Brisbane City	Brisbane City	Locally-controlled	Intersection - Cross	Operating traffic lights	"0 - 50 km/h"	Sealed - Dry	Clear	Daylight	Straight	Level	408	Vehs Manoeuvring: Entering From Footway	"08: Vehicle Leaving Driveway"	""	0	0	1	0	1	0	0	0	1	0	0	1
302959	302960	Medical treatment	2025	April	Tuesday	6	Angle	Multi-Vehicle	153.078056032396	-27.4392234500407	Curtin Ave W	Theodore St	""	Hamilton	Brisbane City	Locally-controlled	Intersection - Cross	Give way sign	"0 - 50 km/h"	Sealed - Dry	Clear	Daylight	Straight	Level	101	Vehs Adjacent Approach: Thru-Thru	"01: Intersection: Adjacent Approach"	W	0	0	1	0	1	2	0	0	0	0	0	0
302973	302974	Minor injury	2025	April	Saturday	0	Hit object	Single Vehicle	153.051294013366	-27.6124174487184	Beaudesert Rd	""	Mount Lindesay Arterial Road	Calamvale	Brisbane City	State-controlled	No Roadway Feature	No traffic control	"70 km/h"	Sealed - Wet	Clear	Darkness - Lighted	Curved - view open	Crest	804	Off Path-Curve: Off Cway Lt Bend Hit Obj	"19: Off Carriageway on Curve Hit Object"	N	0	0	0	1	1	1	0	0	0	0	0	0
303433	303434	Medical treatment	2025	February	Friday	10	Head-on	Multi-Vehicle	153.041571036709	-27.436015446348	Abbotsford Rd	""	""	Bowen Hills	Brisbane City	Locally-controlled	No Roadway Feature	No traffic control	"60 km/h"	Sealed - Dry	Clear	Daylight	Curved - view open	Level	201	Vehs Opposite Approach: Head On	"02: Head-on"	S	0	0	2	0	2	3	0	0	0	0	0	0
303592	303593	Hospitalisation	2025	April	Saturday	8	Rear-end	Multi-Vehicle	153.063956023618	-27.5206304492664	Holland Rd	""	""	Holland Park	Brisbane City	Locally-controlled	No Roadway Feature	No traffic control	"60 km/h"	Sealed - Dry	Clear	Daylight	Straight	Grade	301	Vehs Same Direction: Rear End	"04: Rear-end"	S	0	1	0	0	1	2	0	0	0	0	0	0
303593	303594	Hospitalisation	2025	April	Saturday	12	Rear-end	Multi-Vehicle	153.021914045301	-27.3845514439671	Hamilton Rd	Webster Rd	""	Chermside	Brisbane City	Locally-controlled	Intersection - Roundabout	Give way sign	"60 km/h"	Sealed - Dry	Clear	Daylight	Straight	Level	302	Vehs Same Direction: Left Rear	"04: Rear-end"	E	0	1	0	0	1	2	0	0	0	0	0	0
303597	303598	Medical treatment	2025	April	Tuesday	8	Hit parked vehicle	Single Vehicle	153.108104015672	-27.5458824539081	Broadwater Rd	""	""	Mansfield	Brisbane City	Locally-controlled	No Roadway Feature	No traffic control	"0 - 50 km/h"	Sealed - Dry	Clear	Daylight	Straight	Level	604	Vehs On Path: Car Door	"10: Hit Parked Vehicle"	E	0	0	1	0	1	1	1	0	0	0	0	0
305159	305160	Hospitalisation	2025	February	Monday	9	Angle	Multi-Vehicle	153.047865035509	-27.4401874470133	Hunt St	""	""	Hamilton	Brisbane City	Locally-controlled	No Roadway Feature	No traffic control	"60 km/h"	Sealed - Dry	Clear	Daylight	Straight	Level	401	Vehs Manoeuvring: Leaving Parking	"08: Vehicle Leaving Driveway"	E	0	1	0	0	1	1	0	1	0	0	0	0
305166	305167	Medical treatment	2025	February	Monday	16	Rear-end	Multi-Vehicle	153.092641014135	-27.5711424525508	Pacific Hwy	""	South-East Arterial Road (Pacific Motorway)	Eight Mile Plains	Brisbane City	State-controlled	No Roadway Feature	No traffic control	"100 - 110 km/h"	Sealed - Dry	Clear	Daylight	Straight	Level	301	Vehs Same Direction: Rear End	"04: Rear-end"	E	0	0	2	0	2	3	0	0	0	0	0	0
305168	305169	Hospitalisation	2025	February	Monday	20	Angle	Multi-Vehicle	153.023102037561	-27.4449514445642	Bramston Tce	Butterfield St	""	Herston	Brisbane City	Locally-controlled	Intersection - T-Junction	Give way sign	"60 km/h"	Sealed - Dry	Clear	Darkness - Lighted	Straight	Crest	104	Vehs Adjacent Approach: Thru-Right	"01: Intersection: Adjacent Approach"	W	0	1	0	0	1	1	1	0	0	0	0	0
305169	305170	Hospitalisation	2025	February	Monday	20	Angle	Multi-Vehicle	153.003744036592	-27.469108442813	Baroona Rd	Milton Rd	""	Milton	Brisbane City	Locally-controlled	Intersection - Cross	Operating traffic lights	"60 km/h"	Sealed - Dry	Clear	Darkness - Lighted	Straight	Dip	202	Vehs Opposite Approach: Thru-Right	"03: Opposing Vehicles Turning"	W	0	2	0	0	2	2	0	0	0	0	0	0
305176	305177	Medical treatment	2025	January	Friday	12	Rear-end	Multi-Vehicle	153.04234103119	-27.479087446766	Lytton Rd	Manilla St	""	East Brisbane	Brisbane City	Locally-controlled	No Roadway Feature	Operating traffic lights	"60 km/h"	Sealed - Dry	Clear	Daylight	Straight	Level	301	Vehs Same Direction: Rear End	"04: Rear-end"	W	0	0	1	0	1	3	0	0	0	0	0	0
305178	305179	Minor injury	2025	February	Friday	5	Angle	Multi-Vehicle	153.069316039817	-27.3878654487553	Northlink Pl	Toombul Rd	""	Virginia	Brisbane City	Locally-controlled	Intersection - Cross	Operating traffic lights	"60 km/h"	Sealed - Dry	Clear	Dawn/Dusk	Straight	Grade	104	Vehs Adjacent Approach: Thru-Right	"01: Intersection: Adjacent Approach"	""	0	0	0	1	1	2	0	0	0	0	0	0
305179	305180	Minor injury	2025	February	Friday	9	Angle	Multi-Vehicle	153.119681015036	-27.5410724550363	Plantation Pl	""	""	Mackenzie	Brisbane City	Locally-controlled	No Roadway Feature	No traffic control	"0 - 50 km/h"	Sealed - Dry	Clear	Daylight	Straight	Grade	406	Vehs Manoeuvring: Leaving Driveway	"08: Vehicle Leaving Driveway"	N	0	0	0	1	1	2	0	0	0	0	0	0
305529	305530	Hospitalisation	2025	April	Thursday	13	Angle	Multi-Vehicle	153.053841030458	-27.47511344789	Wynnum Rd	""	""	Norman Park	Brisbane City	Locally-controlled	No Roadway Feature	No traffic control	"60 km/h"	Sealed - Dry	Clear	Daylight	Straight	Level	408	Vehs Manoeuvring: Entering From Footway	"08: Vehicle Leaving Driveway"	""	0	1	0	0	1	1	0	0	0	0	0	1
305599	305600	Minor injury	2025	May	Friday	16	Rear-end	Multi-Vehicle	153.01325204988	-27.3555264428681	Graham Rd	""	""	Carseldine	Brisbane City	Locally-controlled	No Roadway Feature	No traffic control	"60 km/h"	Sealed - Wet	Raining	Dawn/Dusk	Straight	Level	303	Vehs Same Direction: Right Rear	"04: Rear-end"	E	0	0	0	2	2	2	0	0	0	0	0	0
305615	305616	Hospitalisation	2025	January	Sunday	17	Angle	Multi-Vehicle	153.151893017	-27.4983014579458	Grassdale Rd	Tilley Rd	""	Gumdale	Brisbane City	Locally-controlled	Intersection - Cross	Stop sign	"70 km/h"	Sealed - Dry	Clear	Daylight	Straight	Crest	102	Vehs Adjacent Approach: Right-Thru	"01: Intersection: Adjacent Approach"	W	0	2	0	0	2	2	0	0	0	0	0	0
305736	305737	Hospitalisation	2025	January	Monday	19	Angle	Multi-Vehicle	153.083721018756	-27.542249451425	Broadwater Rd	Wardle St	""	Mount Gravatt East	Brisbane City	Locally-controlled	Intersection - T-Junction	No traffic control	"60 km/h"	Sealed - Dry	Clear	Darkness - Lighted	Straight	Level	202	Vehs Opposite Approach: Thru-Right	"03: Opposing Vehicles Turning"	""	0	1	0	0	1	1	0	0	0	1	0	0
305737	305738	Medical treatment	2025	May	Thursday	18	Sideswipe	Multi-Vehicle	153.037248034625	-27.4562024460735	Ann St	Connor St	""	Fortitude Valley	Brisbane City	Locally-controlled	Intersection - T-Junction	No traffic control	"60 km/h"	Sealed - Dry	Clear	Darkness - Lighted	Straight	Grade	309	Vehs Same Direction: Left Turn S/Swipe	"06: Parallel Lanes Turning"	S	0	0	2	0	2	2	0	0	0	0	0	0
305745	305746	Minor injury	2025	February	Sunday	6	Fall from vehicle	Single Vehicle	153.016246034552	-27.4746384441109	Fish La	Merivale St	""	South Brisbane	Brisbane City	Locally-controlled	Intersection - Cross	Stop sign	"0 - 50 km/h"	Sealed - Dry	Clear	Daylight	Straight	Level	408	Vehs Manoeuvring: Entering From Footway	"08: Vehicle Leaving Driveway"	E	0	0	0	1	1	1	0	0	0	0	0	1
305759	305760	Minor injury	2025	February	Sunday	12	Rear-end	Multi-Vehicle	153.043657034725	-27.4499704466679	Skyring Tce	""	""	Newstead	Brisbane City	Locally-controlled	No Roadway Feature	No traffic control	"0 - 50 km/h"	Sealed - Dry	Clear	Daylight	Straight	Level	301	Vehs Same Direction: Rear End	"04: Rear-end"	E	0	0	0	1	1	2	0	0	0	0	0	0
305762	305763	Fatal	2025	April	Sunday	21	Hit parked vehicle	Single Vehicle	153.013232054448	-27.3192334425786	Gympie Arterial Rd	""	Gympie Arterial Road	Bald Hills	Brisbane City	State-controlled	No Roadway Feature	No traffic control	"100 - 110 km/h"	Sealed - Dry	Clear	Darkness - Lighted	Straight	Level	0	Pedn: Hit Other	"21: Other"	S	1	11	0	0	12	3	0	0	0	0	7	0
305764	305765	Hospitalisation	2025	February	Friday	12	Rear-end	Multi-Vehicle	153.063006041245	-27.3818924480736	Sandgate Rd	Sandgate Sub-Arterial Rd	Sandgate Sub-Arterial Road	Virginia	Brisbane City	State-controlled	Intersection - Interchange	Give way sign	"60 km/h"	Sealed - Dry	Clear	Daylight	Curved - view open	Level	302	Vehs Same Direction: Left Rear	"04: Rear-end"	S	0	1	0	0	1	2	0	0	0	0	0	0
305769	305770	Hospitalisation	2025	February	Friday	18	Angle	Multi-Vehicle	153.081043011846	-27.5990674516042	Beenleigh Rd	Persse Rd	""	Runcorn	Brisbane City	Locally-controlled	Intersection - T-Junction	Operating traffic lights	"70 km/h"	Sealed - Wet	Raining	Darkness - Lighted	Straight	Level	105	Vehs Adjacent Approach: Right-Right	"01: Intersection: Adjacent Approach"	N	0	1	0	0	1	2	0	0	0	0	0	0
305771	305772	Minor injury	2025	February	Sunday	15	Rear-end	Multi-Vehicle	153.024146033745	-27.4743144449012	Pacific Hwy	""	South-East Arterial Road (Pacific Motorway)	Brisbane City	Brisbane City	State-controlled	No Roadway Feature	No traffic control	"70 km/h"	Sealed - Dry	Clear	Daylight	Straight	Level	301	Vehs Same Direction: Rear End	"04: Rear-end"	W	0	0	0	2	2	3	0	0	0	0	0	0
305772	305773	Minor injury	2025	February	Sunday	15	Sideswipe	Multi-Vehicle	153.004846020743	-27.5937364439078	Sherbrooke Rd	""	""	Willawong	Brisbane City	Locally-controlled	No Roadway Feature	No traffic control	"60 km/h"	Sealed - Dry	Clear	Daylight	Straight	Level	406	Vehs Manoeuvring: Leaving Driveway	"08: Vehicle Leaving Driveway"	N	0	0	0	1	1	2	0	0	0	0	0	0
305774	305775	Medical treatment	2025	February	Friday	12	Rear-end	Multi-Vehicle	153.025235027535	-27.5225804453919	Ipswich Rd	""	""	Annerley	Brisbane City	Locally-controlled	No Roadway Feature	Operating traffic lights	"60 km/h"	Sealed - Dry	Clear	Daylight	Straight	Grade	301	Vehs Same Direction: Rear End	"04: Rear-end"	S	0	0	1	0	1	1	0	1	0	0	0	0
305775	305776	Minor injury	2025	February	Sunday	13	Rear-end	Multi-Vehicle	153.008397053491	-27.3309434421863	Gympie Rd	Linkfield Rd	Linkfield Connection Road	Bald Hills	Brisbane City	State-controlled	No Roadway Feature	No traffic control	"60 km/h"	Sealed - Dry	Clear	Daylight	Straight	Level	301	Vehs Same Direction: Rear End	"04: Rear-end"	E	0	0	0	1	1	2	0	0	0	0	0	0
306242	306243	Medical treatment	2025	April	Tuesday	15	Hit parked vehicle	Single Vehicle	153.072459021249	-27.5321274502122	Tudor St	""	""	Mount Gravatt	Brisbane City	Locally-controlled	No Roadway Feature	No traffic control	"0 - 50 km/h"	Sealed - Dry	Clear	Daylight	Straight	Level	601	Vehs On Path: Parked	"10: Hit Parked Vehicle"	N	0	0	1	0	1	2	0	0	0	0	0	0
306270	306271	Hospitalisation	2025	June	Monday	19	Fall from vehicle	Single Vehicle	153.028161037941	-27.4376424450143	Newmarket Rd	Swan Tce	""	Windsor	Brisbane City	Locally-controlled	No Roadway Feature	No traffic control	"60 km/h"	Sealed - Dry	Clear	Dawn/Dusk	Straight	Level	707	Off Path-Straight: Right Turn	"15: Off Carriageway on Straight"	N	0	1	0	0	1	0	1	0	0	0	0	0
306634	306635	Minor injury	2025	June	Thursday	8	Sideswipe	Multi-Vehicle	152.990910033809	-27.5021164417869	Carawa St	Indooroopilly Rd	""	St Lucia	Brisbane City	Locally-controlled	Intersection - Roundabout	No traffic control	"60 km/h"	Sealed - Dry	Clear	Daylight	Straight	Level	408	Vehs Manoeuvring: Entering From Footway	"08: Vehicle Leaving Driveway"	""	0	0	0	1	1	1	0	0	0	1	0	0
308901	308902	Medical treatment	2025	April	Tuesday	17	Angle	Multi-Vehicle	153.037960040386	-27.4099294457789	Sixth Ave	""	""	Kedron	Brisbane City	Locally-controlled	No Roadway Feature	No traffic control	"0 - 50 km/h"	Sealed - Dry	Clear	Dawn/Dusk	Straight	Grade	401	Vehs Manoeuvring: Leaving Parking	"08: Vehicle Leaving Driveway"	E	0	0	1	0	1	2	0	0	0	0	0	0
308900	308901	Medical treatment	2025	April	Tuesday	15	Angle	Multi-Vehicle	153.019097033478	-27.4807324444452	Cordelia St	Ernest St	""	South Brisbane	Brisbane City	Locally-controlled	Intersection - Cross	Operating traffic lights	"0 - 50 km/h"	Sealed - Dry	Clear	Daylight	Curved - view open	Grade	101	Vehs Adjacent Approach: Thru-Thru	"01: Intersection: Adjacent Approach"	S	0	0	2	0	2	2	0	0	0	0	0	0
308902	308903	Minor injury	2025	March	Tuesday	8	Sideswipe	Multi-Vehicle	153.055831023777	-27.5262794484943	Bapaume Rd	Kuring-Gai Ave	""	Tarragindi	Brisbane City	Locally-controlled	Intersection - T-Junction	No traffic control	"0 - 50 km/h"	Sealed - Dry	Clear	Daylight	Curved - view open	Level	805	Off Path-Curve: Out Of Control On Cway	"20: Out of Control on Curve"	S	0	0	0	1	1	1	1	0	0	0	0	0
313379	313380	Medical treatment	2025	February	Tuesday	17	Rear-end	Multi-Vehicle	153.040357009309	-27.6537764479458	Beaudesert Rd	""	Mount Lindesay Arterial Road	Parkinson	Brisbane City	State-controlled	No Roadway Feature	No traffic control	"60 km/h"	Sealed - Dry	Clear	Dawn/Dusk	Curved - view open	Level	301	Vehs Same Direction: Rear End	"04: Rear-end"	N	0	0	1	0	1	2	0	0	0	0	0	0
313382	313383	Minor injury	2025	February	Wednesday	17	Angle	Multi-Vehicle	153.05054003695	-27.4264924471737	Oriel Rd	Sandgate Rd	""	Clayfield	Brisbane City	Locally-controlled	Intersection - T-Junction	Operating traffic lights	"60 km/h"	Sealed - Dry	Clear	Daylight	Straight	Level	202	Vehs Opposite Approach: Thru-Right	"03: Opposing Vehicles Turning"	N	0	0	0	1	1	1	0	1	0	0	0	0
313383	313384	Minor injury	2025	February	Wednesday	17	Hit object	Single Vehicle	153.120136023435	-27.4744134545553	Boundary St	Wynnum Rd	""	Tingalpa	Brisbane City	Locally-controlled	Intersection - T-Junction	Operating traffic lights	"60 km/h"	Sealed - Wet	Raining	Daylight	Straight	Level	703	Off Path-Straight: Left Off Cway Hit Obj	"16: Off Carriageway on Straight Hit Object"	E	0	0	0	1	1	1	0	0	0	0	0	0
313389	313390	Medical treatment	2025	February	Tuesday	8	Rear-end	Multi-Vehicle	153.004286055716	-27.3167284416613	Gympie Rd	Strathpine Rd	Strathpine Sub-Arterial Road	Bald Hills	Brisbane City	State-controlled	Intersection - T-Junction	Operating traffic lights	"0 - 50 km/h"	Sealed - Wet	Clear	Daylight	Straight	Level	301	Vehs Same Direction: Rear End	"04: Rear-end"	W	0	0	4	0	4	1	0	1	0	0	0	0
313390	313391	Minor injury	2025	February	Wednesday	16	Angle	Multi-Vehicle	153.085371012816	-27.5877274519502	Oakleaf St	Warrigal Rd	""	Eight Mile Plains	Brisbane City	Locally-controlled	Intersection - T-Junction	Operating traffic lights	"60 km/h"	Sealed - Dry	Clear	Daylight	Straight	Grade	202	Vehs Opposite Approach: Thru-Right	"03: Opposing Vehicles Turning"	N	0	0	0	1	1	2	0	0	0	0	0	0
313391	313392	Medical treatment	2025	February	Wednesday	15	Angle	Multi-Vehicle	153.03074803159	-27.4857784456546	Merton Rd	Stanley St	""	Woolloongabba	Brisbane City	Locally-controlled	Intersection - T-Junction	Give way sign	"60 km/h"	Sealed - Dry	Clear	Daylight	Straight	Level	408	Vehs Manoeuvring: Entering From Footway	"08: Vehicle Leaving Driveway"	W	0	0	1	0	1	1	0	0	0	1	0	0
313392	313393	Medical treatment	2025	February	Tuesday	7	Angle	Multi-Vehicle	153.007151045289	-27.3971744425857	Burbank St	Chuter St	""	Stafford Heights	Brisbane City	Locally-controlled	Intersection - T-Junction	Give way sign	"0 - 50 km/h"	Sealed - Dry	Clear	Daylight	Straight	Level	102	Vehs Adjacent Approach: Right-Thru	"01: Intersection: Adjacent Approach"	S	0	0	1	0	1	2	0	0	0	0	0	0
313393	313394	Medical treatment	2025	February	Tuesday	10	Angle	Multi-Vehicle	152.955044022196	-27.6248384391626	Roxwell St	Woogaroo St	""	Ellen Grove	Brisbane City	Locally-controlled	Intersection - Roundabout	Give way sign	"60 km/h"	Sealed - Dry	Clear	Daylight	Straight	Level	101	Vehs Adjacent Approach: Thru-Thru	"01: Intersection: Adjacent Approach"	N	0	0	1	0	1	2	0	0	0	0	0	0
313395	313396	Fatal	2025	April	Tuesday	16	Sideswipe	Multi-Vehicle	153.051013049737	-27.3246704464151	Gateway Arterial Rd	""	Gateway Arterial Road (Gateway Motorway - North)	Deagon	Brisbane City	State-controlled	No Roadway Feature	No traffic control	"100 - 110 km/h"	Sealed - Dry	Clear	Daylight	Straight	Level	700	Off Path-Straight: Other	"21: Other"	N	1	0	0	0	1	1	1	0	0	0	0	0
314312	314313	Hospitalisation	2025	February	Wednesday	9	Hit object	Single Vehicle	152.990601026106	-27.5634434422403	Cunningham Arterial Rd	""	Cunningham Arterial Road (Ipswich Motorway)	Rocklea	Brisbane City	State-controlled	No Roadway Feature	No traffic control	"60 km/h"	Sealed - Dry	Clear	Daylight	Straight	Level	804	Off Path-Curve: Off Cway Lt Bend Hit Obj	"19: Off Carriageway on Curve Hit Object"	E	0	1	0	0	1	1	0	0	0	0	0	0
314320	314321	Minor injury	2025	February	Friday	2	Hit object	Single Vehicle	152.980565029455	-27.5454654410924	Oxley Rd	Swift St	""	Corinda	Brisbane City	Locally-controlled	Intersection - T-Junction	No traffic control	"60 km/h"	Sealed - Dry	Clear	Darkness - Lighted	Straight	Grade	705	Off Path-Straight: Out Of Control On Cway	"17: Out of Control on Straight"	S	0	0	0	1	1	1	0	0	0	0	0	0
314323	314324	Hospitalisation	2025	February	Friday	9	Angle	Multi-Vehicle	152.984584029798	-27.5393194414467	Clara St	Donaldson St	""	Corinda	Brisbane City	Locally-controlled	Intersection - Cross	Stop sign	"60 km/h"	Sealed - Dry	Clear	Daylight	Straight	Level	107	Vehs Adjacent Approach: Thru-Left	"01: Intersection: Adjacent Approach"	W	0	1	0	0	1	1	0	1	0	0	0	0
314324	314325	Medical treatment	2025	February	Friday	6	Rear-end	Multi-Vehicle	153.044206016027	-27.5974414478881	Hellawell Rd	Jackson Rd	""	Sunnybank Hills	Brisbane City	Locally-controlled	Intersection - Roundabout	Give way sign	"60 km/h"	Sealed - Wet	Clear	Daylight	Straight	Level	301	Vehs Same Direction: Rear End	"04: Rear-end"	S	0	0	1	0	1	1	1	0	0	0	0	0
314327	314328	Minor injury	2025	February	Friday	13	Hit pedestrian	Hit pedestrian	153.016369035581	-27.4663774440579	May St	""	""	Brisbane City	Brisbane City	Locally-controlled	No Roadway Feature	No traffic control	"0 - 50 km/h"	Sealed - Dry	Clear	Daylight	Straight	Level	7	Pedn: Hit By Vehicle Enter/Leave Dway	"12: Pedestrian"	E	0	0	0	1	1	1	0	0	0	0	1	0
314332	314333	Medical treatment	2025	February	Thursday	13	Sideswipe	Multi-Vehicle	153.108833009958	-27.5903184543324	Pacific Hwy	""	South-East Arterial Road (Pacific Motorway)	Eight Mile Plains	Brisbane City	State-controlled	No Roadway Feature	No traffic control	"100 - 110 km/h"	Sealed - Dry	Clear	Daylight	Straight	Level	305	Vehs Same Direction: Lane Side Swipe	"05: Lane Change"	N	0	0	1	0	1	4	0	0	0	0	0	0
314335	314336	Medical treatment	2025	February	Tuesday	14	Rear-end	Multi-Vehicle	152.93649503384	-27.5483494367028	Arrabri Ave	Dandenong Rd	""	Mount Ommaney	Brisbane City	Locally-controlled	Intersection - T-Junction	Operating traffic lights	"60 km/h"	Sealed - Dry	Clear	Daylight	Curved - view open	Level	303	Vehs Same Direction: Right Rear	"04: Rear-end"	E	0	0	1	0	1	3	0	0	0	0	0	0
314336	314337	Medical treatment	2025	February	Thursday	14	Rear-end	Multi-Vehicle	153.051865015067	-27.5984934486659	Hellawell Rd	The Avenue	""	Sunnybank Hills	Brisbane City	Locally-controlled	Intersection - T-Junction	Operating traffic lights	"60 km/h"	Sealed - Dry	Clear	Daylight	Straight	Level	301	Vehs Same Direction: Rear End	"04: Rear-end"	W	0	0	1	0	1	1	0	1	0	0	0	0
314338	314339	Minor injury	2025	February	Thursday	8	Angle	Multi-Vehicle	152.994336035687	-27.4842964419896	Coronation Dr	""	""	Toowong	Brisbane City	Locally-controlled	No Roadway Feature	No traffic control	"60 km/h"	Sealed - Dry	Clear	Daylight	Straight	Level	306	Vehs Same Direction: Lane Change Right	"05: Lane Change"	N	0	0	0	1	1	3	0	0	0	0	0	0
314341	314342	Hospitalisation	2025	April	Friday	18	Angle	Multi-Vehicle	153.031196034567	-27.4618044455101	Boundary St	Queen St	""	Brisbane City	Brisbane City	Locally-controlled	Intersection - Cross	Operating traffic lights	"60 km/h"	Sealed - Wet	Clear	Darkness - Lighted	Straight	Level	101	Vehs Adjacent Approach: Thru-Thru	"01: Intersection: Adjacent Approach"	W	0	1	0	0	1	2	0	0	0	0	0	0
314346	314347	Hospitalisation	2025	April	Tuesday	0	Hit object	Single Vehicle	153.056153037452	-27.4177554476687	Sandgate Rd	""	""	Clayfield	Brisbane City	Locally-controlled	No Roadway Feature	No traffic control	"60 km/h"	Sealed - Dry	Clear	Darkness - Lighted	Curved - view open	Level	803	Off Path-Curve: Off Cway Rt Bend Hit Obj	"19: Off Carriageway on Curve Hit Object"	N	0	1	0	0	1	1	0	0	0	0	0	0
314350	314351	Medical treatment	2025	April	Friday	11	Angle	Multi-Vehicle	153.018043812233	-27.4042504437346	Webster Rd	Wilgarning St	""	Stafford Heights	Brisbane City	Locally-controlled	Intersection - Cross	Operating traffic lights	"60 km/h"	Sealed - Wet	Clear	Daylight	Straight	Grade	101	Vehs Adjacent Approach: Thru-Thru	"01: Intersection: Adjacent Approach"	E	0	0	1	0	1	2	0	0	0	0	0	0
314668	314669	Medical treatment	2025	April	Sunday	15	Hit object	Single Vehicle	153.088272035149	-27.4087844508277	Gateway Arterial Rd	""	Gateway Motorway (Eight Mile Plains - Nudgee)	Brisbane Airport	Brisbane City	State-controlled	No Roadway Feature	No traffic control	"100 - 110 km/h"	Sealed - Dry	Clear	Daylight	Straight	Level	803	Off Path-Curve: Off Cway Rt Bend Hit Obj	"19: Off Carriageway on Curve Hit Object"	N	0	0	1	0	1	1	0	0	0	0	0	0
314675	314676	Hospitalisation	2025	April	Tuesday	5	Rear-end	Multi-Vehicle	153.113743014219	-27.5525514545288	Gateway Arterial Rd	""	Gateway Motorway (Eight Mile Plains - Nudgee)	Rochedale	Brisbane City	State-controlled	No Roadway Feature	No traffic control	"100 - 110 km/h"	Sealed - Wet	Raining	Dawn/Dusk	Curved - view open	Level	301	Vehs Same Direction: Rear End	"04: Rear-end"	N	0	1	0	1	2	3	0	1	0	0	0	0
314676	314677	Medical treatment	2025	April	Wednesday	8	Rear-end	Multi-Vehicle	153.015165023009	-27.566999444732	Beatty Rd	Boundary Rd	""	Archerfield	Brisbane City	Locally-controlled	Intersection - T-Junction	Operating traffic lights	"60 km/h"	Sealed - Dry	Clear	Daylight	Straight	Level	303	Vehs Same Direction: Right Rear	"04: Rear-end"	N	0	0	1	0	1	2	0	0	0	0	0	0
314682	314683	Medical treatment	2025	May	Sunday	11	Rear-end	Multi-Vehicle	153.105384034924	-27.3960884524497	Moreton Dr	Nancy Bird Wy	""	Brisbane Airport	Brisbane City	Locally-controlled	Intersection - Interchange	Give way sign	"60 km/h"	Sealed - Dry	Clear	Daylight	Straight	Level	303	Vehs Same Direction: Right Rear	"04: Rear-end"	S	0	0	1	0	1	2	0	0	0	0	0	0
315061	315062	Medical treatment	2025	June	Thursday	10	Rear-end	Multi-Vehicle	153.016622049434	-27.3562154432117	Gympie Rd	Zillmere Rd	Gympie Arterial Road	Aspley	Brisbane City	State-controlled	Intersection - T-Junction	Operating traffic lights	"70 km/h"	Sealed - Dry	Clear	Daylight	Curved - view open	Level	301	Vehs Same Direction: Rear End	"04: Rear-end"	S	0	0	1	0	1	2	0	0	0	0	0	0
315062	315063	Hospitalisation	2025	June	Thursday	11	Angle	Multi-Vehicle	152.975596035365	-27.5028314402578	Coonan St	Station Rd	""	Indooroopilly	Brisbane City	Locally-controlled	Intersection - T-Junction	Operating traffic lights	"60 km/h"	Sealed - Dry	Clear	Daylight	Curved - view open	Level	104	Vehs Adjacent Approach: Thru-Right	"01: Intersection: Adjacent Approach"	N	0	1	2	0	3	2	0	0	0	0	0	0
315064	315065	Medical treatment	2025	June	Thursday	19	Hit pedestrian	Hit pedestrian	152.9912430411	-27.4439704413607	Devoy St	Stewart Rd	""	Ashgrove	Brisbane City	Locally-controlled	Intersection - T-Junction	No traffic control	"0 - 50 km/h"	Sealed - Dry	Clear	Darkness - Not lighted	Straight	Grade	1	Pedn: Near Side Vehicle Hit From Right	"12: Pedestrian"	W	0	0	1	0	1	1	0	0	0	0	1	0
315066	315067	Hospitalisation	2025	June	Thursday	21	Angle	Multi-Vehicle	153.042626037015	-27.4326944464277	Abbotsford Rd	Sandgate Rd	""	Albion	Brisbane City	Locally-controlled	Intersection - T-Junction	Operating traffic lights	"60 km/h"	Sealed - Dry	Clear	Darkness - Lighted	Curved - view open	Level	202	Vehs Opposite Approach: Thru-Right	"03: Opposing Vehicles Turning"	N	0	1	0	0	1	1	1	0	0	0	0	0
315073	315074	Medical treatment	2025	June	Friday	14	Hit pedestrian	Hit pedestrian	152.951236045272	-27.4449074373606	The Gap High School Accs	Waterworks Rd	""	The Gap	Brisbane City	Locally-controlled	No Roadway Feature	No traffic control	"0 - 50 km/h"	Sealed - Dry	Clear	Daylight	Straight	Grade	406	Vehs Manoeuvring: Leaving Driveway	"08: Vehicle Leaving Driveway"	E	0	0	1	0	1	1	0	0	0	0	1	0
315074	315075	Minor injury	2025	June	Friday	0	Sideswipe	Multi-Vehicle	152.985279016702	-27.6424504423301	Logan Mwy	Stapylton Rd	Logan Motorway (Gailes - Loganholme)	Heathwood	Brisbane City	State-controlled	Intersection - Roundabout	Give way sign	"70 km/h"	Sealed - Dry	Clear	Darkness - Not lighted	Curved - view open	Level	102	Vehs Adjacent Approach: Right-Thru	"01: Intersection: Adjacent Approach"	N	0	0	0	1	1	2	0	0	0	0	0	0
315075	315076	Medical treatment	2025	June	Thursday	9	Rear-end	Multi-Vehicle	153.096417026589	-27.4695894521285	Creek Rd	Wynnum Rd	""	Cannon Hill	Brisbane City	Locally-controlled	Intersection - Cross	No traffic control	"60 km/h"	Sealed - Dry	Clear	Daylight	Straight	Grade	301	Vehs Same Direction: Rear End	"04: Rear-end"	W	0	0	1	0	1	2	0	0	0	0	0	0
315076	315077	Hospitalisation	2025	June	Monday	17	Sideswipe	Multi-Vehicle	153.06274201633	-27.5792504496073	Mains Rd	Selvage St	""	Sunnybank	Brisbane City	Locally-controlled	Intersection - Cross	Operating traffic lights	"60 km/h"	Sealed - Dry	Clear	Darkness - Lighted	Straight	Level	408	Vehs Manoeuvring: Entering From Footway	"08: Vehicle Leaving Driveway"	""	0	1	0	0	1	1	0	0	0	1	0	0
315077	315078	Hospitalisation	2025	June	Tuesday	10	Hit object	Single Vehicle	153.051059129571	-27.3259561664299	Gateway Arterial Rd	""	Gateway Arterial Road (Gateway Motorway - North)	Deagon	Brisbane City	State-controlled	Intersection - Interchange	No traffic control	"60 km/h"	Sealed - Dry	Clear	Daylight	Curved - view open	Level	804	Off Path-Curve: Off Cway Lt Bend Hit Obj	"19: Off Carriageway on Curve Hit Object"	W	0	1	0	0	1	1	0	0	0	0	0	0
315080	315081	Hospitalisation	2025	June	Wednesday	12	Angle	Multi-Vehicle	153.012321026541	-27.541458444245	Ipswich Rd On Ramp	Sherwood Rd	""	Moorooka	Brisbane City	Locally-controlled	Intersection - T-Junction	No traffic control	"60 km/h"	Sealed - Dry	Clear	Daylight	Straight	Level	307	Vehs Same Direction: Lane Change Left	"05: Lane Change"	E	0	1	0	0	1	2	0	0	0	0	0	0
315084	315085	Medical treatment	2025	June	Tuesday	10	Rear-end	Multi-Vehicle	153.063635053535	-27.2838454473601	Brighton - Redcliffe Rd	""	Redcliffe Sub-Arterial Road	Brighton	Brisbane City	State-controlled	No Roadway Feature	No traffic control	"80 - 90 km/h"	Sealed - Dry	Clear	Daylight	Straight	Level	301	Vehs Same Direction: Rear End	"04: Rear-end"	N	0	0	1	0	1	2	0	0	0	0	0	0
315088	315089	Medical treatment	2025	June	Saturday	12	Angle	Multi-Vehicle	152.955730035592	-27.5179934383881	Fig Tree Pocket Rd	Western Arterial Rd	Centenary Motorway (Ellen Grove - Toowong)	Fig Tree Pocket	Brisbane City	State-controlled	Intersection - Interchange	Operating traffic lights	"0 - 50 km/h"	Sealed - Dry	Clear	Daylight	Curved - view open	Grade	202	Vehs Opposite Approach: Thru-Right	"03: Opposing Vehicles Turning"	S	0	0	1	0	1	2	0	0	0	0	0	0
315361	315362	Minor injury	2025	June	Wednesday	10	Rear-end	Multi-Vehicle	153.040025034251	-27.4568064463572	James St	""	""	Fortitude Valley	Brisbane City	Locally-controlled	No Roadway Feature	Pedestrian crossing sign	"0 - 50 km/h"	Sealed - Dry	Clear	Daylight	Straight	Level	301	Vehs Same Direction: Rear End	"04: Rear-end"	W	0	0	0	1	1	1	0	1	0	0	0	0
315364	315365	Medical treatment	2025	January	Thursday	17	Rear-end	Multi-Vehicle	152.989293036961	-27.4784854414381	Milton Rd	Morley St	""	Toowong	Brisbane City	Locally-controlled	Intersection - Cross	Operating traffic lights	"60 km/h"	Sealed - Dry	Clear	Daylight	Straight	Grade	301	Vehs Same Direction: Rear End	"04: Rear-end"	E	0	0	1	0	1	3	0	0	0	0	0	0
315365	315366	Medical treatment	2025	March	Wednesday	7	Rear-end	Multi-Vehicle	152.921046029193	-27.5984884355535	Ipswich Mwy	""	Cunningham Arterial Road (Ipswich Motorway)	Wacol	Brisbane City	State-controlled	No Roadway Feature	No traffic control	"80 - 90 km/h"	Sealed - Dry	Clear	Daylight	Straight	Level	301	Vehs Same Direction: Rear End	"04: Rear-end"	E	0	0	1	0	1	3	0	0	0	0	0	0
322104	322105	Hospitalisation	2025	March	Wednesday	8	Hit pedestrian	Hit pedestrian	152.969088024255	-27.5965004403454	Poinsettia St	""	""	Inala	Brisbane City	Locally-controlled	No Roadway Feature	No traffic control	"60 km/h"	Sealed - Dry	Clear	Daylight	Straight	Level	3	Pedn: Far Side Vehicle Hit From Left	"12: Pedestrian"	E	0	1	0	0	1	1	0	0	0	0	1	0
322107	322108	Medical treatment	2025	March	Wednesday	16	Hit object	Single Vehicle	153.174549020662	-27.4502944598527	Haylock St	Heymer St	""	Wynnum	Brisbane City	Locally-controlled	Intersection - T-Junction	No traffic control	"0 - 50 km/h"	Sealed - Wet	Raining	Daylight	Curved - view open	Level	803	Off Path-Curve: Off Cway Rt Bend Hit Obj	"19: Off Carriageway on Curve Hit Object"	W	0	0	1	0	1	1	0	0	0	0	0	0
322116	322117	Hospitalisation	2025	March	Saturday	14	Angle	Multi-Vehicle	153.090186016345	-27.5557884521825	Mt Gravatt - Capalaba Rd	Newnham Rd	Redland Sub-Arterial Road	Upper Mount Gravatt	Brisbane City	State-controlled	Intersection - Cross	No traffic control	"60 km/h"	Sealed - Wet	Raining	Daylight	Straight	Grade	101	Vehs Adjacent Approach: Thru-Thru	"01: Intersection: Adjacent Approach"	E	0	1	0	0	1	2	0	0	0	0	0	0
322123	322124	Hospitalisation	2025	March	Sunday	22	Angle	Multi-Vehicle	153.090413035221	-27.4064024510243	Gateway Arterial Rd	""	Gateway Motorway (Eight Mile Plains - Nudgee)	Brisbane Airport	Brisbane City	State-controlled	Intersection - Interchange	No traffic control	"100 - 110 km/h"	Sealed - Wet	Raining	Darkness - Lighted	Straight	Level	300	Vehs Same Direction: Other	"21: Other"	N	0	1	0	0	1	1	0	0	1	0	0	0
322329	322330	Medical treatment	2025	March	Monday	5	Rear-end	Multi-Vehicle	153.056554128886	-27.3267394669883	Board St	Braun St	Sandgate Sub-Arterial Road	Deagon	Brisbane City	State-controlled	Intersection - T-Junction	Give way sign	"60 km/h"	Sealed - Dry	Clear	Dawn/Dusk	Straight	Level	302	Vehs Same Direction: Left Rear	"04: Rear-end"	S	0	0	1	0	1	2	0	0	0	0	0	0
322333	322334	Minor injury	2025	March	Wednesday	15	Rear-end	Multi-Vehicle	153.049873027316	-27.5033544477145	Cornwall St	""	""	Stones Corner	Brisbane City	Locally-controlled	No Roadway Feature	No traffic control	"60 km/h"	Sealed - Wet	Clear	Daylight	Straight	Grade	301	Vehs Same Direction: Rear End	"04: Rear-end"	E	0	0	0	1	1	3	0	0	0	0	0	0
322579	322580	Minor injury	2025	February	Thursday	6	Angle	Multi-Vehicle	153.024161044067	-27.3924384442551	Prince Charles Hospital Accs	Rode Rd	""	Chermside	Brisbane City	Locally-controlled	Intersection - T-Junction	Give way sign	"60 km/h"	Sealed - Dry	Clear	Daylight	Curved - view obscured	Level	104	Vehs Adjacent Approach: Thru-Right	"01: Intersection: Adjacent Approach"	E	0	0	0	1	1	2	0	0	0	0	0	0
322585	322586	Medical treatment	2025	February	Thursday	16	Angle	Multi-Vehicle	153.052006037398	-27.4217044472832	Adelaide St E	Sandgate Rd	""	Clayfield	Brisbane City	Locally-controlled	Intersection - Cross	Operating traffic lights	"60 km/h"	Sealed - Dry	Clear	Daylight	Straight	Level	202	Vehs Opposite Approach: Thru-Right	"03: Opposing Vehicles Turning"	N	0	0	1	0	1	2	0	0	0	0	0	0
322586	322587	Minor injury	2025	February	Thursday	18	Hit pedestrian	Hit pedestrian	153.059906038328	-27.4076334479658	Sandgate Rd	Union St	Sandgate Sub-Arterial Road	Nundah	Brisbane City	State-controlled	Intersection - Cross	Pedestrian crossing sign	"60 km/h"	Sealed - Dry	Clear	Dawn/Dusk	Curved - view open	Grade	1	Pedn: Near Side Vehicle Hit From Right	"12: Pedestrian"	S	0	0	0	1	1	1	0	0	0	0	1	0
322588	322589	Minor injury	2025	February	Thursday	19	Angle	Multi-Vehicle	153.017643039716	-27.4324994439179	Heather St	Lamont Rd	""	Wilston	Brisbane City	Locally-controlled	Intersection - Cross	Stop sign	"0 - 50 km/h"	Sealed - Dry	Clear	Darkness - Lighted	Straight	Grade	101	Vehs Adjacent Approach: Thru-Thru	"01: Intersection: Adjacent Approach"	N	0	0	0	2	2	3	0	0	0	0	0	0
322593	322594	Medical treatment	2025	February	Thursday	8	Sideswipe	Multi-Vehicle	153.040725498946	-27.4823920466298	Wellington Rd	""	""	East Brisbane	Brisbane City	Locally-controlled	No Roadway Feature	No traffic control	"60 km/h"	Sealed - Dry	Clear	Daylight	Straight	Level	306	Vehs Same Direction: Lane Change Right	"05: Lane Change"	N	0	0	1	0	1	2	0	0	0	0	0	0
322604	322605	Hospitalisation	2025	January	Wednesday	5	Hit object	Single Vehicle	153.07157603392	-27.432653449337	Nudgee Rd	""	""	Hamilton	Brisbane City	Locally-controlled	No Roadway Feature	No traffic control	"60 km/h"	Sealed - Dry	Clear	Daylight	Straight	Level	703	Off Path-Straight: Left Off Cway Hit Obj	"16: Off Carriageway on Straight Hit Object"	N	0	1	0	0	1	1	0	0	0	0	0	0
322624	322625	Medical treatment	2025	January	Thursday	10	Sideswipe	Multi-Vehicle	152.991994044553	-27.415910441214	South Pine Rd	""	Western Arterial Road (Toowong - Everton Park)	Enoggera	Brisbane City	State-controlled	No Roadway Feature	No traffic control	"60 km/h"	Sealed - Dry	Clear	Daylight	Straight	Level	307	Vehs Same Direction: Lane Change Left	"05: Lane Change"	N	0	0	1	0	1	2	0	0	0	0	0	0
322640	322641	Minor injury	2025	January	Friday	15	Rear-end	Multi-Vehicle	152.955359028641	-27.5734744387889	Ipswich Mwy	""	Cunningham Arterial Road (Ipswich Motorway)	Darra	Brisbane City	State-controlled	No Roadway Feature	No traffic control	"80 - 90 km/h"	Sealed - Dry	Clear	Daylight	Straight	Level	301	Vehs Same Direction: Rear End	"04: Rear-end"	E	0	0	0	2	2	4	0	0	0	0	0	0
322648	322649	Hospitalisation	2025	January	Saturday	3	Hit object	Single Vehicle	153.101625008642	-27.6068204537368	Beenleigh Rd	""	""	Kuraby	Brisbane City	Locally-controlled	No Roadway Feature	No traffic control	"60 km/h"	Sealed - Dry	Clear	Dawn/Dusk	Straight	Level	703	Off Path-Straight: Left Off Cway Hit Obj	"16: Off Carriageway on Straight Hit Object"	E	0	1	0	0	1	1	0	0	0	0	0	0
322671	322672	Hospitalisation	2025	January	Tuesday	6	Angle	Multi-Vehicle	153.027886048034	-27.3577794443546	Kirby Rd	Zillmere Rd	""	Zillmere	Brisbane City	Locally-controlled	Intersection - T-Junction	Give way sign	"60 km/h"	Sealed - Dry	Clear	Daylight	Straight	Grade	202	Vehs Opposite Approach: Thru-Right	"03: Opposing Vehicles Turning"	E	0	2	0	0	2	2	0	0	0	0	0	0
322866	322867	Medical treatment	2025	May	Monday	16	Rear-end	Multi-Vehicle	153.15521601949	-27.4758624581036	Hargreaves Rd	Manly Rd	""	Wakerley	Brisbane City	Locally-controlled	Intersection - T-Junction	Operating traffic lights	"70 km/h"	Sealed - Dry	Clear	Daylight	Straight	Level	301	Vehs Same Direction: Rear End	"04: Rear-end"	""	0	0	1	0	1	1	0	0	0	0	0	1
322876	322877	Minor injury	2025	May	Tuesday	16	Rear-end	Multi-Vehicle	153.007620039254	-27.4446874430086	Kelvin Grove Rd	Windsor Rd	""	Kelvin Grove	Brisbane City	Locally-controlled	Intersection - Cross	Operating traffic lights	"0 - 50 km/h"	Sealed - Dry	Clear	Daylight	Straight	Level	302	Vehs Same Direction: Left Rear	"04: Rear-end"	N	0	0	0	1	1	2	0	0	0	0	0	0
322988	322989	Medical treatment	2025	January	Wednesday	15	Hit object	Single Vehicle	152.96105505001	-27.3988504379793	Dawson Pde	""	""	Keperra	Brisbane City	Locally-controlled	No Roadway Feature	No traffic control	"0 - 50 km/h"	Sealed - Dry	Clear	Daylight	Straight	Level	703	Off Path-Straight: Left Off Cway Hit Obj	"16: Off Carriageway on Straight Hit Object"	N	0	0	2	0	2	1	0	0	0	0	0	0
322997	322998	Minor injury	2025	January	Tuesday	10	Fall from vehicle	Single Vehicle	153.092076013606	-27.5757974525307	Logan Rd	Padstow Rd	Logan Sub-Arterial Road	Eight Mile Plains	Brisbane City	State-controlled	Intersection - Cross	Operating traffic lights	"60 km/h"	Sealed - Dry	Clear	Daylight	Straight	Level	705	Off Path-Straight: Out Of Control On Cway	"17: Out of Control on Straight"	S	0	0	0	1	1	0	1	0	0	0	0	0
323002	323003	Minor injury	2025	January	Tuesday	8	Rear-end	Multi-Vehicle	152.917951040569	-27.5107494345516	Rafting Ground Rd	Winrock St	""	Brookfield	Brisbane City	Locally-controlled	Intersection - Roundabout	Give way sign	"0 - 50 km/h"	Sealed - Dry	Clear	Daylight	Curved - view open	Level	302	Vehs Same Direction: Left Rear	"04: Rear-end"	N	0	0	0	1	1	2	0	0	0	0	0	0
323041	323042	Hospitalisation	2025	May	Saturday	22	Head-on	Multi-Vehicle	153.034225034549	-27.459376445795	Kemp Pl	""	""	Fortitude Valley	Brisbane City	Locally-controlled	No Roadway Feature	No traffic control	"0 - 50 km/h"	Sealed - Wet	Raining	Darkness - Lighted	Straight	Grade	201	Vehs Opposite Approach: Head On	"02: Head-on"	N	0	1	0	0	1	1	0	0	0	0	0	1
323216	323217	Hospitalisation	2025	February	Friday	18	Angle	Multi-Vehicle	153.033680035298	-27.453902445697	Constance St	St Pauls Tce	""	Fortitude Valley	Brisbane City	Locally-controlled	Intersection - T-Junction	Operating traffic lights	"60 km/h"	Sealed - Dry	Clear	Dawn/Dusk	Straight	Level	202	Vehs Opposite Approach: Thru-Right	"03: Opposing Vehicles Turning"	N	0	1	0	0	1	1	1	0	0	0	0	0
323224	323225	Hospitalisation	2025	February	Friday	20	Head-on	Multi-Vehicle	153.017694035293	-27.4675314442	Makerston St	North Quay	""	Brisbane City	Brisbane City	Locally-controlled	No Roadway Feature	No traffic control	"0 - 50 km/h"	Sealed - Dry	Clear	Darkness - Lighted	Curved - view open	Level	400	Vehs Manoeuvring: Other	"21: Other"	W	0	1	0	0	1	0	0	0	0	0	0	2
323236	323237	Minor injury	2025	February	Sunday	16	Angle	Multi-Vehicle	152.993876040747	-27.4445314416291	Ashgrove Ave	Crawford St	""	Ashgrove	Brisbane City	Locally-controlled	Intersection - T-Junction	Give way sign	"60 km/h"	Sealed - Dry	Clear	Daylight	Straight	Crest	102	Vehs Adjacent Approach: Right-Thru	"01: Intersection: Adjacent Approach"	W	0	0	0	1	1	1	1	0	0	0	0	0
324304	324305	Minor injury	2025	February	Wednesday	16	Hit object	Single Vehicle	153.069981039468	-27.3900634488396	Acacia Ave	""	""	Northgate	Brisbane City	Locally-controlled	No Roadway Feature	No traffic control	"0 - 50 km/h"	Sealed - Dry	Clear	Daylight	Curved - view open	Level	803	Off Path-Curve: Off Cway Rt Bend Hit Obj	"19: Off Carriageway on Curve Hit Object"	N	0	0	0	1	1	0	0	0	0	0	0	2
324305	324306	Minor injury	2025	February	Wednesday	16	Rear-end	Multi-Vehicle	153.029987044288	-27.3857434447869	Hamilton Rd	""	Gympie Arterial Road	Chermside	Brisbane City	State-controlled	No Roadway Feature	No traffic control	"60 km/h"	Sealed - Dry	Clear	Daylight	Straight	Level	301	Vehs Same Direction: Rear End	"04: Rear-end"	E	0	0	0	1	1	2	0	0	0	0	0	0
324312	324313	Hospitalisation	2025	March	Sunday	15	Angle	Multi-Vehicle	153.00826586665	-27.4092439967931	Stafford Rd	""	East-West Arterial Road	Stafford	Brisbane City	State-controlled	No Roadway Feature	No traffic control	"60 km/h"	Sealed - Wet	Raining	Daylight	Straight	Level	406	Vehs Manoeuvring: Leaving Driveway	"08: Vehicle Leaving Driveway"	E	0	2	0	0	2	2	0	0	0	0	0	0
324313	324314	Hospitalisation	2025	March	Sunday	18	Hit object	Single Vehicle	153.045486026229	-27.5156824473711	Pacific Hwy	""	South-East Arterial Road (Pacific Motorway)	Greenslopes	Brisbane City	State-controlled	No Roadway Feature	No traffic control	"100 - 110 km/h"	Sealed - Wet	Raining	Darkness - Lighted	Straight	Level	704	Off Path-Straight: Right Off Cway Hit Obj	"16: Off Carriageway on Straight Hit Object"	N	0	1	0	0	1	1	0	0	0	0	0	0
324318	324319	Medical treatment	2025	March	Sunday	16	Sideswipe	Multi-Vehicle	153.06134600858	-27.641618449959	Gateway Arterial Rd	""	Gateway Extension Motorway (Drewvale - Eight Mile Plains)	Drewvale	Brisbane City	State-controlled	No Roadway Feature	No traffic control	"100 - 110 km/h"	Sealed - Dry	Clear	Daylight	Straight	Level	305	Vehs Same Direction: Lane Side Swipe	"05: Lane Change"	S	0	0	2	0	2	2	0	0	0	0	0	0
324322	324323	Hospitalisation	2025	March	Tuesday	10	Angle	Multi-Vehicle	153.062096035183	-27.4306954483684	Kitchener Rd	Lancaster Rd	""	Ascot	Brisbane City	Locally-controlled	Intersection - Cross	Flashing amber lights	"60 km/h"	Sealed - Dry	Clear	Daylight	Straight	Crest	101	Vehs Adjacent Approach: Thru-Thru	"01: Intersection: Adjacent Approach"	S	0	1	0	1	2	2	0	0	0	0	0	0
324329	324330	Minor injury	2025	March	Wednesday	14	Fall from vehicle	Single Vehicle	153.088716027562	-27.4684244513442	Muir St	Wynnum Rd	""	Cannon Hill	Brisbane City	Locally-controlled	Intersection - Cross	Operating traffic lights	"60 km/h"	Sealed - Dry	Clear	Daylight	Straight	Grade	408	Vehs Manoeuvring: Entering From Footway	"08: Vehicle Leaving Driveway"	""	0	0	0	1	1	1	0	0	0	1	0	0
324332	324333	Minor injury	2025	March	Monday	7	Rear-end	Multi-Vehicle	153.052193024882	-27.5206324480841	Pacific Hwy	""	South-East Arterial Road (Pacific Motorway)	Holland Park West	Brisbane City	State-controlled	No Roadway Feature	No traffic control	"100 - 110 km/h"	Sealed - Wet	Raining	Daylight	Straight	Level	301	Vehs Same Direction: Rear End	"04: Rear-end"	N	0	0	0	1	1	4	0	0	0	0	0	0
324334	324335	Minor injury	2025	March	Sunday	16	Rear-end	Multi-Vehicle	153.086958015652	-27.5640044519225	Link St	Logan Rd	Logan Sub-Arterial Road	Upper Mount Gravatt	Brisbane City	State-controlled	Intersection - Cross	Operating traffic lights	"60 km/h"	Sealed - Wet	Raining	Daylight	Curved - view open	Level	301	Vehs Same Direction: Rear End	"04: Rear-end"	S	0	0	0	1	1	2	0	0	0	0	0	0
324374	324375	Medical treatment	2025	May	Sunday	20	Angle	Multi-Vehicle	153.015706041816	-27.4174834436047	Billabong St	Webster Rd	""	Stafford	Brisbane City	Locally-controlled	Intersection - Cross	Operating traffic lights	"60 km/h"	Sealed - Dry	Clear	Darkness - Lighted	Straight	Level	202	Vehs Opposite Approach: Thru-Right	"03: Opposing Vehicles Turning"	N	0	0	1	1	2	3	0	0	0	0	0	0
324377	324378	Hospitalisation	2025	May	Monday	9	Angle	Multi-Vehicle	152.930985033458	-27.5561024362129	Badge St	Horizon Dr	""	Jamboree Heights	Brisbane City	Locally-controlled	Intersection - T-Junction	Give way sign	"0 - 50 km/h"	Sealed - Wet	Clear	Daylight	Straight	Grade	104	Vehs Adjacent Approach: Thru-Right	"01: Intersection: Adjacent Approach"	W	0	1	0	0	1	2	0	0	0	0	0	0
324378	324379	Hospitalisation	2025	May	Friday	15	Angle	Multi-Vehicle	152.974997023515	-27.5973064409437	Inala Ave	""	""	Inala	Brisbane City	Locally-controlled	No Roadway Feature	No traffic control	"0 - 50 km/h"	Sealed - Dry	Clear	Daylight	Straight	Grade	400	Vehs Manoeuvring: Other	"21: Other"	""	0	1	0	0	1	1	0	0	0	0	0	1
324456	324457	Minor injury	2025	January	Wednesday	12	Angle	Multi-Vehicle	152.981612030056	-27.5398064411527	Nelson St	Oxley Rd	""	Corinda	Brisbane City	Locally-controlled	Intersection - Cross	Operating traffic lights	"0 - 50 km/h"	Sealed - Dry	Clear	Daylight	Straight	Level	202	Vehs Opposite Approach: Thru-Right	"03: Opposing Vehicles Turning"	S	0	0	0	1	1	2	0	0	0	0	0	0
324597	324598	Hospitalisation	2025	January	Friday	15	Angle	Multi-Vehicle	153.141546019698	-27.4857794568032	Ingleston Rd	New Cleveland Rd	""	Wakerley	Brisbane City	Locally-controlled	Intersection - Cross	Give way sign	"60 km/h"	Sealed - Wet	Clear	Daylight	Straight	Level	101	Vehs Adjacent Approach: Thru-Thru	"01: Intersection: Adjacent Approach"	N	0	2	1	0	3	2	0	0	0	0	0	0
324598	324599	Hospitalisation	2025	January	Friday	17	Sideswipe	Multi-Vehicle	153.035974030935	-27.4865214461852	Main St	Stanley St	South East Busway (Brisbane Cbd - Woolloongabba)	Woolloongabba	Brisbane City	State-controlled	Intersection - Cross	Operating traffic lights	"60 km/h"	Sealed - Dry	Clear	Daylight	Straight	Level	308	Vehs Same Direction: Right Turn S/Swipe	"06: Parallel Lanes Turning"	W	0	2	0	0	2	2	0	0	0	0	0	0
324610	324611	Hospitalisation	2025	January	Friday	12	Angle	Multi-Vehicle	153.080156017354	-27.5563514511778	Logan Rd	Norton St	""	Upper Mount Gravatt	Brisbane City	Locally-controlled	Intersection - T-Junction	Operating traffic lights	"60 km/h"	Sealed - Dry	Clear	Daylight	Straight	Level	104	Vehs Adjacent Approach: Thru-Right	"01: Intersection: Adjacent Approach"	S	0	2	0	1	3	2	0	0	0	0	0	0
324611	324612	Hospitalisation	2025	January	Saturday	17	Hit pedestrian	Hit pedestrian	153.068935016507	-27.5725804501773	Mccullough St	""	""	Macgregor	Brisbane City	Locally-controlled	No Roadway Feature	No traffic control	"60 km/h"	Sealed - Wet	Raining	Daylight	Straight	Level	3	Pedn: Far Side Vehicle Hit From Left	"12: Pedestrian"	W	0	2	0	0	2	1	0	0	0	0	2	0
324612	324613	Hospitalisation	2025	January	Sunday	8	Angle	Multi-Vehicle	153.149467015836	-27.5095294577899	Old Cleveland Rd	Tilley Rd	Cleveland Sub-Arterial Road	Chandler	Brisbane City	State-controlled	Intersection - Cross	Operating traffic lights	"80 - 90 km/h"	Sealed - Wet	Raining	Daylight	Straight	Grade	101	Vehs Adjacent Approach: Thru-Thru	"01: Intersection: Adjacent Approach"	E	0	2	0	0	2	5	0	0	0	0	0	0
324615	324616	Medical treatment	2025	January	Sunday	12	Sideswipe	Multi-Vehicle	153.009825038699	-27.4472194432499	Banbridge St	Kelvin Grove Rd	""	Kelvin Grove	Brisbane City	Locally-controlled	Intersection - T-Junction	No traffic control	"60 km/h"	Sealed - Wet	Clear	Daylight	Straight	Grade	309	Vehs Same Direction: Left Turn S/Swipe	"06: Parallel Lanes Turning"	S	0	0	1	0	1	1	1	0	0	0	0	0
324619	324620	Hospitalisation	2025	January	Friday	5	Rear-end	Multi-Vehicle	153.012791051095	-27.3462624427485	Beams Rd	Gympie Rd	Gympie Arterial Road	Carseldine	Brisbane City	State-controlled	Intersection - T-Junction	Give way sign	"70 km/h"	Sealed - Dry	Clear	Dawn/Dusk	Straight	Grade	302	Vehs Same Direction: Left Rear	"04: Rear-end"	S	0	1	0	0	1	2	0	0	0	0	0	0
324715	324716	Hospitalisation	2025	January	Tuesday	17	Rear-end	Multi-Vehicle	152.978711034914	-27.5037544405772	Lambert Rd	""	""	Indooroopilly	Brisbane City	Locally-controlled	No Roadway Feature	No traffic control	"0 - 50 km/h"	Sealed - Dry	Clear	Daylight	Straight	Level	303	Vehs Same Direction: Right Rear	"04: Rear-end"	E	0	1	0	0	1	2	0	0	0	0	0	0
324724	324725	Hospitalisation	2025	January	Wednesday	19	Angle	Multi-Vehicle	153.041436041902	-27.3949634460096	Pfingst Rd	Rode Rd	""	Wavell Heights	Brisbane City	Locally-controlled	Intersection - Cross	Operating traffic lights	"60 km/h"	Sealed - Dry	Clear	Darkness - Lighted	Straight	Grade	202	Vehs Opposite Approach: Thru-Right	"03: Opposing Vehicles Turning"	E	0	1	0	0	1	1	0	0	0	1	0	0
324733	324734	Medical treatment	2025	January	Wednesday	6	Sideswipe	Multi-Vehicle	153.081034032784	-27.4336334502961	Kingsford Smith Dr	""	""	Eagle Farm	Brisbane City	Locally-controlled	No Roadway Feature	No traffic control	"60 km/h"	Sealed - Dry	Clear	Daylight	Straight	Level	307	Vehs Same Direction: Lane Change Left	"05: Lane Change"	E	0	0	1	0	1	1	0	0	0	0	0	1
324749	324750	Hospitalisation	2025	January	Friday	8	Angle	Multi-Vehicle	153.040633036194	-27.4408934462924	Thompson St	""	""	Bowen Hills	Brisbane City	Locally-controlled	No Roadway Feature	No traffic control	"0 - 50 km/h"	Sealed - Dry	Clear	Daylight	Straight	Level	400	Vehs Manoeuvring: Other	"21: Other"	""	0	1	0	0	1	1	0	0	0	1	0	0
325799	325800	Minor injury	2025	March	Thursday	11	Rear-end	Multi-Vehicle	153.043654037416	-27.428647446499	Frodsham St	Sandgate Rd	""	Albion	Brisbane City	Locally-controlled	Intersection - Y-Junction	No traffic control	"60 km/h"	Sealed - Dry	Clear	Daylight	Straight	Grade	302	Vehs Same Direction: Left Rear	"04: Rear-end"	S	0	0	0	1	1	3	0	0	0	0	0	0
336236	336237	Hospitalisation	2025	March	Saturday	20	Rear-end	Multi-Vehicle	153.057791022704	-27.5330994487452	Pacific Hwy	""	South-East Arterial Road (Pacific Motorway)	Holland Park West	Brisbane City	State-controlled	No Roadway Feature	No traffic control	"100 - 110 km/h"	Sealed - Wet	Raining	Darkness - Lighted	Straight	Level	301	Vehs Same Direction: Rear End	"04: Rear-end"	N	0	2	0	0	2	3	0	0	0	0	0	0
336243	336244	Hospitalisation	2025	April	Tuesday	18	Angle	Multi-Vehicle	153.045234037328	-27.4280024466526	Ford St	Sandgate Rd	""	Clayfield	Brisbane City	Locally-controlled	Intersection - Cross	Give way sign	"60 km/h"	Sealed - Dry	Clear	Dawn/Dusk	Straight	Grade	104	Vehs Adjacent Approach: Thru-Right	"01: Intersection: Adjacent Approach"	S	0	1	0	0	1	1	1	0	0	0	0	0
336244	336245	Medical treatment	2025	April	Wednesday	11	Hit pedestrian	Hit pedestrian	153.077046012112	-27.6003694512124	Honeybrook St	""	""	Runcorn	Brisbane City	Locally-controlled	No Roadway Feature	No traffic control	"0 - 50 km/h"	Sealed - Dry	Clear	Daylight	Straight	Level	0	Pedn: Hit Other	"21: Other"	E	0	0	2	0	2	3	0	0	0	0	2	0
336248	336249	Hospitalisation	2025	April	Wednesday	17	Angle	Multi-Vehicle	153.03827603884	-27.4219234459056	Chalk St	Mclennan St	""	Wooloowin	Brisbane City	Locally-controlled	Intersection - Cross	Stop sign	"60 km/h"	Sealed - Dry	Clear	Darkness - Not lighted	Straight	Level	202	Vehs Opposite Approach: Thru-Right	"03: Opposing Vehicles Turning"	N	0	1	0	0	1	1	1	0	0	0	0	0
336249	336250	Hospitalisation	2025	April	Wednesday	23	Rear-end	Multi-Vehicle	153.104646011274	-27.583500453857	Pacific Hwy	""	South-East Arterial Road (Pacific Motorway)	Rochedale	Brisbane City	State-controlled	No Roadway Feature	No traffic control	"100 - 110 km/h"	Sealed - Wet	Clear	Darkness - Lighted	Straight	Level	301	Vehs Same Direction: Rear End	"04: Rear-end"	S	0	1	0	0	1	3	0	0	0	0	0	0
336254	336255	Hospitalisation	2025	May	Thursday	15	Rear-end	Multi-Vehicle	153.02562003507	-27.4625614449562	Leichhardt St	""	""	Spring Hill	Brisbane City	Locally-controlled	No Roadway Feature	No traffic control	"60 km/h"	Sealed - Dry	Clear	Daylight	Curved - view open	Level	301	Vehs Same Direction: Rear End	"04: Rear-end"	S	0	1	0	0	1	2	0	0	0	0	0	0
336258	336259	Minor injury	2025	May	Thursday	13	Rear-end	Multi-Vehicle	153.064481028703	-27.4799624489978	Bennetts Rd	""	""	Norman Park	Brisbane City	Locally-controlled	No Roadway Feature	No traffic control	"60 km/h"	Sealed - Dry	Clear	Daylight	Straight	Grade	301	Vehs Same Direction: Rear End	"04: Rear-end"	E	0	0	0	1	1	2	0	0	0	0	0	0
336260	336261	Minor injury	2025	April	Wednesday	15	Rear-end	Multi-Vehicle	153.050530036878	-27.4270744471773	Barlow St	Reeve St	""	Clayfield	Brisbane City	Locally-controlled	Intersection - T-Junction	No traffic control	"0 - 50 km/h"	Sealed - Dry	Clear	Daylight	Straight	Level	302	Vehs Same Direction: Left Rear	"04: Rear-end"	N	0	0	0	2	2	2	0	0	0	0	0	0
336469	336470	Hospitalisation	2025	May	Wednesday	11	Rear-end	Multi-Vehicle	153.007558043614	-27.4101334427291	Byth St	Shand St	""	Stafford	Brisbane City	Locally-controlled	No Roadway Feature	No traffic control	"60 km/h"	Sealed - Dry	Clear	Daylight	Straight	Grade	301	Vehs Same Direction: Rear End	"04: Rear-end"	N	0	1	0	0	1	1	1	0	0	0	0	0
336473	336474	Medical treatment	2025	May	Wednesday	18	Angle	Multi-Vehicle	153.058429039051	-27.4031564477819	Bage St	Buckland Rd	""	Nundah	Brisbane City	Locally-controlled	Intersection - Cross	Operating traffic lights	"60 km/h"	Sealed - Wet	Raining	Darkness - Lighted	Straight	Grade	202	Vehs Opposite Approach: Thru-Right	"03: Opposing Vehicles Turning"	N	0	0	1	1	2	2	0	0	0	0	0	0
336474	336475	Medical treatment	2025	April	Tuesday	15	Rear-end	Multi-Vehicle	153.008405812949	-27.4067496467874	Appleby Rd	""	""	Stafford	Brisbane City	Locally-controlled	No Roadway Feature	No traffic control	"60 km/h"	Sealed - Dry	Clear	Daylight	Straight	Level	301	Vehs Same Direction: Rear End	"04: Rear-end"	N	0	0	1	0	1	2	0	0	0	0	0	0
336477	336478	Medical treatment	2025	May	Tuesday	6	Rear-end	Multi-Vehicle	153.110831013903	-27.5575164542747	Gateway Arterial Rd	""	Gateway Motorway (Eight Mile Plains - Nudgee)	Rochedale	Brisbane City	State-controlled	No Roadway Feature	No traffic control	"100 - 110 km/h"	Sealed - Dry	Clear	Daylight	Straight	Level	301	Vehs Same Direction: Rear End	"04: Rear-end"	N	0	0	1	0	1	2	0	0	0	0	0	0
336478	336479	Minor injury	2025	May	Wednesday	12	Angle	Multi-Vehicle	153.03844202943	-27.4963364465107	Pacific Mtwy Off Ramp	""	South-East Arterial Road (Pacific Motorway)	Woolloongabba	Brisbane City	State-controlled	No Roadway Feature	No traffic control	"80 - 90 km/h"	Sealed - Dry	Clear	Daylight	Curved - view open	Level	306	Vehs Same Direction: Lane Change Right	"05: Lane Change"	E	0	0	0	1	1	3	0	0	0	0	0	0
336482	336483	Medical treatment	2025	April	Thursday	20	Angle	Multi-Vehicle	153.090406022788	-27.5047234518012	Maughan St	Rea St	""	Carina Heights	Brisbane City	Locally-controlled	Intersection - Cross	Give way sign	"0 - 50 km/h"	Sealed - Wet	Raining	Darkness - Not lighted	Straight	Level	101	Vehs Adjacent Approach: Thru-Thru	"01: Intersection: Adjacent Approach"	N	0	0	1	0	1	2	0	0	0	0	0	0
336483	336484	Medical treatment	2025	April	Wednesday	14	Rear-end	Multi-Vehicle	153.120821014342	-27.5455764551868	Gardner Rd	Mt Gravatt - Capalaba Rd	Redland Sub-Arterial Road	Rochedale	Brisbane City	State-controlled	Intersection - Cross	Operating traffic lights	"60 km/h"	Sealed - Dry	Clear	Daylight	Straight	Level	301	Vehs Same Direction: Rear End	"04: Rear-end"	E	0	0	1	0	1	1	0	0	0	0	0	1
336484	336485	Hospitalisation	2025	May	Thursday	15	Rear-end	Multi-Vehicle	153.080922016272	-27.5642414513171	Pacific Hwy	""	South-East Arterial Road (Pacific Motorway)	Macgregor	Brisbane City	State-controlled	No Roadway Feature	No traffic control	"80 - 90 km/h"	Sealed - Dry	Clear	Daylight	Straight	Level	301	Vehs Same Direction: Rear End	"04: Rear-end"	E	0	1	0	0	1	1	1	0	0	0	0	0
336489	336490	Medical treatment	2025	May	Saturday	5	Angle	Multi-Vehicle	153.033779039201	-27.4228774454615	Lowerson St	Lutwyche Rd	""	Lutwyche	Brisbane City	Locally-controlled	Intersection - T-Junction	Give way sign	"60 km/h"	Sealed - Dry	Clear	Dawn/Dusk	Straight	Level	106	Vehs Adjacent Approach: Left-Right	"01: Intersection: Adjacent Approach"	W	0	0	1	0	1	1	1	0	0	0	0	0
336500	336501	Hospitalisation	2025	May	Wednesday	10	Angle	Multi-Vehicle	153.087176024238	-27.4960074514073	Cambridge St	Old Cleveland Rd	""	Carina	Brisbane City	Locally-controlled	Intersection - Cross	Give way sign	"70 km/h"	Sealed - Dry	Clear	Daylight	Curved - view open	Grade	202	Vehs Opposite Approach: Thru-Right	"03: Opposing Vehicles Turning"	E	0	1	0	0	1	1	1	0	0	0	0	0
336501	336502	Hospitalisation	2025	May	Wednesday	10	Hit object	Single Vehicle	153.098729028081	-27.4558354522525	Metroplex Ave	""	""	Murarrie	Brisbane City	Locally-controlled	No Roadway Feature	No traffic control	"60 km/h"	Sealed - Dry	Clear	Daylight	Straight	Grade	704	Off Path-Straight: Right Off Cway Hit Obj	"16: Off Carriageway on Straight Hit Object"	""	0	1	1	0	2	1	0	0	0	0	0	0
336575	336576	Hospitalisation	2025	May	Sunday	15	Hit pedestrian	Hit pedestrian	153.173106020415	-27.453452459732	Buderim St	Singer St	""	Wynnum	Brisbane City	Locally-controlled	Intersection - T-Junction	No traffic control	"0 - 50 km/h"	Sealed - Dry	Clear	Daylight	Straight	Grade	1	Pedn: Near Side Vehicle Hit From Right	"12: Pedestrian"	W	0	1	0	0	1	1	0	0	0	0	1	0
336576	336577	Medical treatment	2025	May	Tuesday	11	Angle	Multi-Vehicle	153.034906034876	-27.4562044458383	Alden St	Ballow St	""	Fortitude Valley	Brisbane City	Locally-controlled	Intersection - Cross	No traffic control	"60 km/h"	Sealed - Dry	Clear	Daylight	Straight	Grade	101	Vehs Adjacent Approach: Thru-Thru	"01: Intersection: Adjacent Approach"	N	0	0	2	0	2	1	1	0	0	0	0	0
336581	336582	Hospitalisation	2025	May	Thursday	16	Hit object	Single Vehicle	153.075733020094	-27.5384684505916	Shire Rd	""	""	Mount Gravatt	Brisbane City	Locally-controlled	Forestry/National Park Road	No traffic control	"0 - 50 km/h"	Sealed - Dry	Clear	Dawn/Dusk	Curved - view obscured	Grade	804	Off Path-Curve: Off Cway Lt Bend Hit Obj	"19: Off Carriageway on Curve Hit Object"	S	0	2	0	0	2	1	0	0	0	0	0	0
336582	336583	Hospitalisation	2025	May	Thursday	16	Rear-end	Multi-Vehicle	153.037517032148	-27.4756004462539	Clem 7	""	""	Kangaroo Point	Brisbane City	Locally-controlled	No Roadway Feature	No traffic control	"80 - 90 km/h"	Sealed - Dry	Clear	Darkness - Lighted	Straight	Level	301	Vehs Same Direction: Rear End	"04: Rear-end"	S	0	1	0	0	1	2	0	0	0	0	0	0
336592	336593	Hospitalisation	2025	May	Saturday	21	Hit object	Single Vehicle	153.167532017009	-27.4850074594188	Greencamp Rd	Rickertt Rd	""	Ransome	Brisbane City	Locally-controlled	Intersection - T-Junction	Operating traffic lights	"70 km/h"	Sealed - Wet	Raining	Darkness - Lighted	Curved - view open	Level	806	Vehicle Left-Turning At I/S (Or Driveway)	"20: Out of Control on Curve"	E	0	1	0	1	2	1	0	0	0	0	0	0
336594	336595	Hospitalisation	2025	June	Sunday	1	Hit object	Single Vehicle	152.946438034787	-27.5323264375712	Centenary Hwy	""	Centenary Motorway (Ellen Grove - Toowong)	Jindalee	Brisbane City	State-controlled	No Roadway Feature	No traffic control	"100 - 110 km/h"	Sealed - Wet	Clear	Darkness - Lighted	Curved - view open	Grade	804	Off Path-Curve: Off Cway Lt Bend Hit Obj	"19: Off Carriageway on Curve Hit Object"	S	0	3	0	0	3	1	0	0	0	0	0	0
336597	336598	Hospitalisation	2025	May	Wednesday	17	Sideswipe	Multi-Vehicle	153.027465034536	-27.4652284451625	Ann St	""	""	Brisbane City	Brisbane City	Locally-controlled	No Roadway Feature	No traffic control	"0 - 50 km/h"	Sealed - Dry	Clear	Dawn/Dusk	Straight	Level	306	Vehs Same Direction: Lane Change Right	"05: Lane Change"	N	0	1	0	0	1	0	1	0	0	0	0	1
336598	336599	Medical treatment	2025	May	Tuesday	17	Rear-end	Multi-Vehicle	152.984750037444	-27.478521440983	Frederick St	Milton Rd	Western Arterial Road (Toowong - Everton Park)	Toowong	Brisbane City	State-controlled	Intersection - Roundabout	Give way sign	"60 km/h"	Sealed - Dry	Clear	Dawn/Dusk	Straight	Level	301	Vehs Same Direction: Rear End	"04: Rear-end"	N	0	0	1	0	1	2	0	0	0	0	0	0
336600	336601	Medical treatment	2025	May	Saturday	10	Rear-end	Multi-Vehicle	153.101812011559	-27.5836614535729	South East Art Rd Ramp Xt	""	South-East Arterial Road (Pacific Motorway)	Eight Mile Plains	Brisbane City	State-controlled	Intersection - Interchange	No traffic control	"70 km/h"	Sealed - Wet	Raining	Darkness - Lighted	Curved - view obscured	Crest	301	Vehs Same Direction: Rear End	"04: Rear-end"	N	0	0	2	0	2	2	0	0	0	0	0	0
336602	336603	Medical treatment	2025	May	Tuesday	14	Rear-end	Multi-Vehicle	153.080283019508	-27.5392264510553	Creek Rd	Logan Rd	""	Mount Gravatt	Brisbane City	Locally-controlled	Intersection - T-Junction	No traffic control	"60 km/h"	Sealed - Dry	Clear	Daylight	Straight	Level	302	Vehs Same Direction: Left Rear	"04: Rear-end"	S	0	0	1	0	1	1	0	0	1	0	0	0
336603	336604	Medical treatment	2025	May	Saturday	10	Rear-end	Multi-Vehicle	153.030887031826	-27.4837864456528	Allen St	Vulture St	""	Woolloongabba	Brisbane City	Locally-controlled	Intersection - T-Junction	Operating traffic lights	"0 - 50 km/h"	Sealed - Wet	Clear	Daylight	Curved - view open	Grade	303	Vehs Same Direction: Right Rear	"04: Rear-end"	N	0	0	1	0	1	2	0	0	0	0	0	0
336607	336608	Hospitalisation	2025	May	Wednesday	14	Angle	Multi-Vehicle	153.149958024341	-27.4420414573057	Sibley Rd	""	""	Wynnum West	Brisbane City	Locally-controlled	No Roadway Feature	No traffic control	"60 km/h"	Sealed - Dry	Clear	Daylight	Curved - view obscured	Crest	506	Vehs Overtaking: Overtake-Right Turn	"09: Overtaking Same Direction"	E	0	1	0	0	1	3	0	0	0	0	0	0
336618	336619	Minor injury	2025	May	Saturday	10	Sideswipe	Multi-Vehicle	152.991528463716	-27.4070638270974	Stafford Rd	""	East-West Arterial Road	Everton Park	Brisbane City	State-controlled	No Roadway Feature	No traffic control	"60 km/h"	Sealed - Dry	Clear	Daylight	Straight	Level	306	Vehs Same Direction: Lane Change Right	"05: Lane Change"	E	0	0	0	2	2	2	0	0	0	0	0	0
336732	336733	Medical treatment	2025	May	Thursday	22	Sideswipe	Multi-Vehicle	152.943183029447	-27.5775034376021	Ipswich Mwy	""	Cunningham Arterial Road (Ipswich Motorway)	Darra	Brisbane City	State-controlled	No Roadway Feature	No traffic control	"100 - 110 km/h"	Sealed - Dry	Clear	Darkness - Lighted	Straight	Level	307	Vehs Same Direction: Lane Change Left	"05: Lane Change"	W	0	0	1	1	2	1	0	1	0	0	0	0
336733	336734	Medical treatment	2025	May	Saturday	11	Angle	Multi-Vehicle	153.164160015443	-27.5001914591985	Archer St	Grassdale Rd	""	Gumdale	Brisbane City	Locally-controlled	Intersection - Cross	Stop sign	"60 km/h"	Sealed - Dry	Clear	Daylight	Straight	Level	101	Vehs Adjacent Approach: Thru-Thru	"01: Intersection: Adjacent Approach"	S	0	0	2	0	2	2	0	0	0	0	0	0
336741	336742	Hospitalisation	2025	May	Wednesday	17	Angle	Multi-Vehicle	153.042940035185	-27.4469324465719	Creswell St	Evelyn St	""	Newstead	Brisbane City	Locally-controlled	Intersection - T-Junction	No traffic control	"0 - 50 km/h"	Sealed - Dry	Clear	Darkness - Lighted	Straight	Level	202	Vehs Opposite Approach: Thru-Right	"03: Opposing Vehicles Turning"	E	0	1	0	0	1	1	1	0	0	0	0	0
336840	336841	Medical treatment	2025	February	Wednesday	11	Sideswipe	Multi-Vehicle	152.984937505452	-27.4783010410001	Frederick St	Milton Rd	Western Arterial Road (Toowong - Everton Park)	Toowong	Brisbane City	State-controlled	Intersection - Roundabout	No traffic control	"60 km/h"	Sealed - Dry	Clear	Daylight	Straight	Level	306	Vehs Same Direction: Lane Change Right	"05: Lane Change"	N	0	0	1	0	1	2	0	0	0	0	0	0
336841	336842	Medical treatment	2025	March	Tuesday	13	Rear-end	Multi-Vehicle	153.02279603543	-27.4621134446692	Birley St	Leichhardt St	""	Spring Hill	Brisbane City	Locally-controlled	Intersection - T-Junction	No traffic control	"0 - 50 km/h"	Sealed - Dry	Clear	Daylight	Straight	Level	303	Vehs Same Direction: Right Rear	"04: Rear-end"	E	0	0	1	0	1	2	0	0	0	0	0	0
336851	336852	Medical treatment	2025	June	Saturday	15	Angle	Multi-Vehicle	153.064434014829	-27.5896604498596	Agnes St	Beenleigh Rd	""	Sunnybank	Brisbane City	Locally-controlled	Intersection - T-Junction	No traffic control	"60 km/h"	Sealed - Dry	Clear	Daylight	Straight	Grade	200	Vehs Opposite Approach: Other	"21: Other"	W	0	0	1	0	1	2	0	0	0	0	0	0
336852	336853	Medical treatment	2025	June	Friday	17	Sideswipe	Multi-Vehicle	153.04226803819	-27.4236904463205	Bridge St	""	""	Wooloowin	Brisbane City	Locally-controlled	No Roadway Feature	Give way sign	"60 km/h"	Sealed - Dry	Clear	Dawn/Dusk	Curved - view open	Level	201	Vehs Opposite Approach: Head On	"02: Head-on"	S	0	0	1	0	1	2	0	0	0	0	0	0
336853	336854	Medical treatment	2025	June	Friday	16	Rear-end	Multi-Vehicle	153.018739032649	-27.4876034444636	Dornoch Tce	Gladstone Rd	""	Highgate Hill	Brisbane City	Locally-controlled	Intersection - T-Junction	No traffic control	"60 km/h"	Sealed - Dry	Clear	Daylight	Curved - view open	Grade	301	Vehs Same Direction: Rear End	"04: Rear-end"	E	0	0	1	0	1	2	0	0	0	0	0	0
352741	352742	Medical treatment	2025	April	Saturday	16	Rear-end	Multi-Vehicle	153.015592035943	-27.4641734439626	Countess St	""	""	Petrie Terrace	Brisbane City	Locally-controlled	No Roadway Feature	No traffic control	"60 km/h"	Sealed - Wet	Raining	Daylight	Straight	Grade	301	Vehs Same Direction: Rear End	"04: Rear-end"	S	0	0	1	0	1	3	0	0	0	0	0	0
352734	352735	Medical treatment	2025	March	Wednesday	8	Rear-end	Multi-Vehicle	153.064741014537	-27.5917094499066	Gowan Rd	Madana St	""	Sunnybank Hills	Brisbane City	Locally-controlled	Intersection - T-Junction	No traffic control	"60 km/h"	Sealed - Dry	Clear	Daylight	Straight	Level	301	Vehs Same Direction: Rear End	"04: Rear-end"	N	0	0	1	0	1	1	0	0	1	0	0	0
352737	352738	Minor injury	2025	April	Friday	16	Angle	Multi-Vehicle	153.030887037388	-27.4397084453043	Gallway St	Lutwyche Rd	""	Windsor	Brisbane City	Locally-controlled	Intersection - T-Junction	Operating traffic lights	"60 km/h"	Sealed - Dry	Clear	Darkness - Lighted	Straight	Grade	107	Vehs Adjacent Approach: Thru-Left	"01: Intersection: Adjacent Approach"	S	0	0	0	1	1	1	0	1	0	0	0	0
374303	374304	Medical treatment	2025	June	Monday	18	Rear-end	Multi-Vehicle	152.94727202853	-27.581272438041	Centenary Hwy	""	Centenary Motorway (Ellen Grove - Toowong)	Darra	Brisbane City	State-controlled	No Roadway Feature	No traffic control	"100 - 110 km/h"	Sealed - Wet	Raining	Darkness - Lighted	Straight	Level	301	Vehs Same Direction: Rear End	"04: Rear-end"	S	0	0	1	0	1	3	0	0	0	0	0	0
374703	374704	Hospitalisation	2025	January	Monday	16	Sideswipe	Multi-Vehicle	153.029896174215	-27.4815495235356	South East Arterial Rd	""	South-East Arterial Road (Pacific Motorway)	Kangaroo Point	Brisbane City	State-controlled	No Roadway Feature	No traffic control	"80 - 90 km/h"	Sealed - Dry	Clear	Daylight	Straight	Level	307	Vehs Same Direction: Lane Change Left	"05: Lane Change"	S	0	1	0	1	2	1	1	0	0	0	0	0
374704	374705	Medical treatment	2025	May	Thursday	18	Sideswipe	Multi-Vehicle	153.060696045091	-27.3533494476154	Beams Rd	Sandgate Rd	Sandgate Sub-Arterial Road	Boondall	Brisbane City	State-controlled	Intersection - Cross	Operating traffic lights	"60 km/h"	Sealed - Dry	Clear	Darkness - Lighted	Straight	Level	308	Vehs Same Direction: Right Turn S/Swipe	"06: Parallel Lanes Turning"	E	0	0	1	0	1	2	0	0	0	0	0	0
374713	374714	Hospitalisation	2025	May	Saturday	23	Hit pedestrian	Hit pedestrian	153.013216036102	-27.4649344437302	Caxton St	Petrie Tce	""	Petrie Terrace	Brisbane City	Locally-controlled	Intersection - T-Junction	Operating traffic lights	"60 km/h"	Sealed - Dry	Clear	Darkness - Lighted	Straight	Level	9	Pedn: Hit While Boarding/Alighting	"12: Pedestrian"	U	0	1	0	0	1	1	0	0	0	0	1	0
374717	374718	Minor injury	2025	May	Thursday	18	Rear-end	Multi-Vehicle	153.039422020742	-27.5642504471456	Orange Grove Rd	""	""	Coopers Plains	Brisbane City	Locally-controlled	No Roadway Feature	No traffic control	"0 - 50 km/h"	Sealed - Dry	Clear	Daylight	Straight	Level	400	Vehs Manoeuvring: Other	"21: Other"	""	0	0	0	1	1	2	0	0	0	0	0	0
374718	374719	Medical treatment	2025	May	Friday	17	Fall from vehicle	Single Vehicle	152.998091038445	-27.4592154421678	Latrobe Tce	""	""	Paddington	Brisbane City	Locally-controlled	No Roadway Feature	No traffic control	"0 - 50 km/h"	Sealed - Dry	Clear	Daylight	Straight	Level	901	Pass & Misc: Fell In/From Vehicle	"21: Other"	W	0	0	1	0	1	0	0	0	1	0	0	0
374720	374721	Medical treatment	2025	January	Sunday	7	Sideswipe	Multi-Vehicle	153.09397601894	-27.5320814523767	Cavendish Rd	""	""	Mount Gravatt East	Brisbane City	Locally-controlled	No Roadway Feature	No traffic control	"60 km/h"	Sealed - Dry	Clear	Daylight	Curved - view open	Level	308	Vehs Same Direction: Right Turn S/Swipe	"06: Parallel Lanes Turning"	N	0	0	1	0	1	1	0	0	0	1	0	0
374722	374723	Medical treatment	2025	March	Thursday	22	Angle	Multi-Vehicle	153.057977027112	-27.4980744484871	Macaulay St	Noela St	""	Coorparoo	Brisbane City	Locally-controlled	Intersection - Cross	Give way sign	"0 - 50 km/h"	Sealed - Wet	Raining	Darkness - Lighted	Straight	Level	101	Vehs Adjacent Approach: Thru-Thru	"01: Intersection: Adjacent Approach"	""	0	0	2	1	3	2	0	0	0	0	0	0
374724	374725	Minor injury	2025	January	Monday	17	Rear-end	Multi-Vehicle	153.035932033113	-27.4693074460449	Bradfield Hwy	""	""	Kangaroo Point	Brisbane City	Locally-controlled	No Roadway Feature	No traffic control	"60 km/h"	Sealed - Dry	Clear	Daylight	Straight	Level	301	Vehs Same Direction: Rear End	"04: Rear-end"	S	0	0	0	1	1	3	0	0	0	0	0	0
375147	375148	Medical treatment	2025	May	Tuesday	10	Fall from vehicle	Single Vehicle	153.07970001206	-27.5985184514648	Beenleigh Rd	""	""	Runcorn	Brisbane City	Locally-controlled	No Roadway Feature	No traffic control	"70 km/h"	Sealed - Dry	Clear	Daylight	Straight	Level	901	Pass & Misc: Fell In/From Vehicle	"21: Other"	""	0	0	1	0	1	0	0	0	1	0	0	0
375177	375178	Minor injury	2025	April	Sunday	11	Angle	Multi-Vehicle	153.065538017322	-27.5690374498078	Carnaby St	""	""	Macgregor	Brisbane City	Locally-controlled	No Roadway Feature	Pedestrian crossing sign	"60 km/h"	Sealed - Dry	Clear	Daylight	Curved - view open	Level	408	Vehs Manoeuvring: Entering From Footway	"08: Vehicle Leaving Driveway"	""	0	0	0	1	1	1	0	0	0	1	0	0
375188	375189	Medical treatment	2025	January	Tuesday	7	Angle	Multi-Vehicle	153.048372018849	-27.5715914481026	Boundary Rd	Mccullough St	""	Sunnybank	Brisbane City	Locally-controlled	Intersection - Cross	Operating traffic lights	"60 km/h"	Sealed - Dry	Clear	Daylight	Straight	Grade	202	Vehs Opposite Approach: Thru-Right	"03: Opposing Vehicles Turning"	S	0	0	1	0	1	2	0	0	0	0	0	0
375189	375190	Medical treatment	2025	January	Tuesday	9	Angle	Multi-Vehicle	153.166001021726	-27.4491214589805	Chandos St	West Ave	""	Wynnum	Brisbane City	Locally-controlled	Intersection - T-Junction	Stop sign	"60 km/h"	Sealed - Dry	Clear	Daylight	Curved - view obscured	Level	104	Vehs Adjacent Approach: Thru-Right	"01: Intersection: Adjacent Approach"	N	0	0	1	0	1	2	0	0	0	0	0	0
375195	375196	Minor injury	2025	January	Tuesday	17	Hit object	Single Vehicle	153.042727015432	-27.6034024477865	Beaudesert Rd	Jackson Rd	Mount Lindesay Arterial Road	Sunnybank Hills	Brisbane City	State-controlled	Intersection - T-Junction	No traffic control	"70 km/h"	Sealed - Dry	Clear	Daylight	Curved - view open	Level	600	Vehs On Path: Other	"21: Other"	S	0	0	0	1	1	1	0	0	0	0	0	0
375198	375199	Medical treatment	2025	January	Wednesday	4	Sideswipe	Multi-Vehicle	153.040879055155	-27.5043567508188	Juliette St	""	""	Greenslopes	Brisbane City	Locally-controlled	No Roadway Feature	No traffic control	"60 km/h"	Sealed - Dry	Clear	Daylight	Straight	Level	306	Vehs Same Direction: Lane Change Right	"05: Lane Change"	W	0	0	1	0	1	1	1	0	0	0	0	0
375199	375200	Medical treatment	2025	May	Thursday	20	Rear-end	Multi-Vehicle	153.028326017741	-27.5974394462933	Learoyd Rd	Paradise Rd	""	Acacia Ridge	Brisbane City	Locally-controlled	Intersection - T-Junction	Operating traffic lights	"70 km/h"	Sealed - Dry	Clear	Darkness - Lighted	Straight	Level	302	Vehs Same Direction: Left Rear	"04: Rear-end"	E	0	0	1	0	1	1	1	0	0	0	0	0
375206	375207	Hospitalisation	2025	January	Saturday	11	Angle	Multi-Vehicle	153.380946032032	-27.1880924786955	The Desert Rd	""	""	Moreton Island	Brisbane City	Locally-controlled	No Roadway Feature	No traffic control	"0 - 50 km/h"	Unsealed - Dry	Clear	Daylight	Straight	Level	607	Vehs On Path: Temporary Object On Cway	"21: Other"	""	0	1	0	0	1	0	0	0	1	0	0	0
375216	375217	Medical treatment	2025	April	Thursday	20	Hit pedestrian	Hit pedestrian	153.044658049042	-27.335567445863	Lemke Rd	""	""	Taigum	Brisbane City	Locally-controlled	No Roadway Feature	Operating traffic lights	"60 km/h"	Sealed - Dry	Clear	Darkness - Not lighted	Straight	Level	1	Pedn: Near Side Vehicle Hit From Right	"12: Pedestrian"	U	0	0	1	0	1	1	0	0	0	0	1	0
375218	375219	Hospitalisation	2025	January	Tuesday	16	Hit pedestrian	Hit pedestrian	153.03818903585	-27.4456974460849	Abbotsford Rd	""	""	Bowen Hills	Brisbane City	Locally-controlled	No Roadway Feature	No traffic control	"60 km/h"	Sealed - Dry	Clear	Daylight	Straight	Level	3	Pedn: Far Side Vehicle Hit From Left	"12: Pedestrian"	N	0	1	0	0	1	1	0	0	0	0	1	0
375225	375226	Medical treatment	2025	January	Saturday	12	Angle	Multi-Vehicle	153.009271115761	-27.3360054423141	Gympie Rd	Roghan Rd	Gympie Arterial Road	Bridgeman Downs	Brisbane City	State-controlled	Intersection - T-Junction	Give way sign	"60 km/h"	Sealed - Dry	Clear	Daylight	Straight	Level	202	Vehs Opposite Approach: Thru-Right	"03: Opposing Vehicles Turning"	N	0	0	1	1	2	2	0	0	0	0	0	0
375541	375542	Medical treatment	2025	May	Saturday	7	Hit parked vehicle	Single Vehicle	152.900224035928	-27.5628414331914	Sumners Rd	""	""	Riverhills	Brisbane City	Locally-controlled	No Roadway Feature	No traffic control	"0 - 50 km/h"	Sealed - Dry	Clear	Dawn/Dusk	Straight	Level	601	Vehs On Path: Parked	"10: Hit Parked Vehicle"	E	0	0	1	0	1	2	0	0	0	0	0	0
375553	375554	Minor injury	2025	May	Saturday	12	Hit parked vehicle	Single Vehicle	153.051397016044	-27.5911754485611	Cobham St	""	""	Sunnybank Hills	Brisbane City	Locally-controlled	No Roadway Feature	No traffic control	"0 - 50 km/h"	Sealed - Dry	Clear	Daylight	Straight	Level	601	Vehs On Path: Parked	"10: Hit Parked Vehicle"	W	0	0	0	1	1	2	0	0	0	0	0	0
375625	375626	Hospitalisation	2025	May	Wednesday	7	Hit pedestrian	Hit pedestrian	153.035657034892	-27.4554414459077	Constance St	Wickham St	""	Fortitude Valley	Brisbane City	Locally-controlled	Intersection - Cross	Operating traffic lights	"0 - 50 km/h"	Sealed - Dry	Clear	Daylight	Straight	Level	3	Pedn: Far Side Vehicle Hit From Left	"12: Pedestrian"	N	0	1	0	0	1	1	0	0	0	0	1	0
375640	375641	Minor injury	2025	May	Tuesday	11	Angle	Multi-Vehicle	152.993868040748	-27.4445304416283	Ashgrove Ave	Crawford St	""	Ashgrove	Brisbane City	Locally-controlled	Intersection - T-Junction	No traffic control	"60 km/h"	Sealed - Dry	Clear	Daylight	Straight	Level	202	Vehs Opposite Approach: Thru-Right	"03: Opposing Vehicles Turning"	N	0	0	0	1	1	2	0	0	0	0	0	0
375705	375706	Hospitalisation	2025	February	Saturday	17	Fall from vehicle	Single Vehicle	153.043987053127	-27.303691445543	Deagon Deviation	""	Redcliffe Sub-Arterial Road	Bracken Ridge	Brisbane City	State-controlled	No Roadway Feature	No traffic control	"80 - 90 km/h"	Sealed - Wet	Clear	Daylight	Curved - view open	Level	805	Off Path-Curve: Out Of Control On Cway	"20: Out of Control on Curve"	N	0	1	0	0	1	0	1	0	0	0	0	0
375715	375716	Hospitalisation	2025	February	Sunday	14	Fall from vehicle	Single Vehicle	153.165226022304	-27.4452164588713	Stradbroke Ave	Tamaree Ave	""	Wynnum	Brisbane City	Locally-controlled	Intersection - T-Junction	Give way sign	"0 - 50 km/h"	Sealed - Dry	Clear	Daylight	Straight	Level	408	Vehs Manoeuvring: Entering From Footway	"08: Vehicle Leaving Driveway"	""	0	1	0	0	1	1	0	0	0	1	0	0
375721	375722	Medical treatment	2025	February	Tuesday	16	Sideswipe	Multi-Vehicle	153.0406560302	-27.48836044667	Hampton St	Overend St	""	East Brisbane	Brisbane City	Locally-controlled	Intersection - Cross	No traffic control	"0 - 50 km/h"	Sealed - Dry	Clear	Daylight	Straight	Level	101	Vehs Adjacent Approach: Thru-Thru	"01: Intersection: Adjacent Approach"	S	0	0	1	0	1	1	0	0	0	1	0	0
375928	375929	Medical treatment	2025	February	Saturday	16	Head-on	Multi-Vehicle	153.145652016305	-27.5090564574013	Old Cleveland Rd	Ring Rd	Cleveland Sub-Arterial Road	Chandler	Brisbane City	State-controlled	No Roadway Feature	Give way sign	"80 - 90 km/h"	Sealed - Dry	Clear	Daylight	Straight	Level	202	Vehs Opposite Approach: Thru-Right	"03: Opposing Vehicles Turning"	E	0	0	1	0	1	2	0	0	0	0	0	0
376167	376168	Medical treatment	2025	May	Friday	10	Angle	Multi-Vehicle	153.034858044328	-27.3812874452407	Kittyhawk Dr	""	""	Chermside	Brisbane City	Locally-controlled	No Roadway Feature	Operating traffic lights	"0 - 50 km/h"	Sealed - Dry	Clear	Daylight	Straight	Grade	101	Vehs Adjacent Approach: Thru-Thru	"01: Intersection: Adjacent Approach"	S	0	0	1	0	1	2	0	0	0	0	0	0
376200	376201	Hospitalisation	2025	February	Thursday	15	Angle	Multi-Vehicle	153.03074803159	-27.4857784456546	Merton Rd	Stanley St	South-East Arterial Road (Pacific Motorway)	Woolloongabba	Brisbane City	State-controlled	Intersection - T-Junction	Give way sign	"60 km/h"	Sealed - Dry	Clear	Daylight	Straight	Grade	408	Vehs Manoeuvring: Entering From Footway	"08: Vehicle Leaving Driveway"	W	0	1	0	0	1	1	0	0	0	1	0	0
376201	376202	Minor injury	2025	February	Thursday	15	Hit parked vehicle	Single Vehicle	152.965346033422	-27.5270044394221	Cubberla St	""	""	Fig Tree Pocket	Brisbane City	Locally-controlled	No Roadway Feature	No traffic control	"0 - 50 km/h"	Sealed - Dry	Clear	Daylight	Straight	Level	604	Vehs On Path: Car Door	"10: Hit Parked Vehicle"	E	0	0	0	1	1	1	0	0	0	1	0	0
376203	376204	Hospitalisation	2025	March	Sunday	14	Angle	Multi-Vehicle	153.047845047891	-27.3420054462341	Church Rd	Roghan Rd	""	Taigum	Brisbane City	Locally-controlled	Intersection - Cross	Operating traffic lights	"60 km/h"	Sealed - Dry	Clear	Daylight	Straight	Level	202	Vehs Opposite Approach: Thru-Right	"03: Opposing Vehicles Turning"	E	0	1	0	0	1	1	1	0	0	0	0	0
376209	376210	Hospitalisation	2025	March	Monday	17	Angle	Multi-Vehicle	153.099741012654	-27.5767884533101	Miles Platting Rd	""	""	Eight Mile Plains	Brisbane City	Locally-controlled	No Roadway Feature	Pedestrian operated lights	"60 km/h"	Sealed - Dry	Clear	Dawn/Dusk	Straight	Grade	408	Vehs Manoeuvring: Entering From Footway	"08: Vehicle Leaving Driveway"	W	0	1	0	0	1	1	0	0	0	1	0	0
376213	376214	Hospitalisation	2025	March	Tuesday	11	Hit object	Single Vehicle	152.968550042648	-27.4510034391424	Glenquarie Pl	""	""	Ashgrove	Brisbane City	Locally-controlled	No Roadway Feature	No traffic control	"0 - 50 km/h"	Sealed - Dry	Clear	Daylight	Curved - view open	Level	400	Vehs Manoeuvring: Other	"21: Other"	S	0	1	0	0	1	1	0	0	0	0	0	0
376218	376219	Hospitalisation	2025	March	Tuesday	16	Angle	Multi-Vehicle	152.991253036457	-27.480812441653	Jephson St	Sylvan Rd	""	Toowong	Brisbane City	Locally-controlled	Intersection - Cross	Operating traffic lights	"60 km/h"	Sealed - Dry	Clear	Daylight	Curved - view open	Level	202	Vehs Opposite Approach: Thru-Right	"03: Opposing Vehicles Turning"	S	0	1	0	0	1	1	0	0	0	1	0	0
376219	376220	Medical treatment	2025	March	Tuesday	17	Rear-end	Multi-Vehicle	153.008957043555	-27.4094134428637	Stafford Rd	""	East-West Arterial Road	Stafford	Brisbane City	State-controlled	No Roadway Feature	No traffic control	"60 km/h"	Sealed - Dry	Clear	Daylight	Straight	Level	301	Vehs Same Direction: Rear End	"04: Rear-end"	W	0	0	2	0	2	3	0	0	0	0	0	0
376220	376221	Medical treatment	2025	March	Tuesday	16	Angle	Multi-Vehicle	153.02180202309	-27.5606914453483	Beaudesert Rd	Musgrave Rd	Mount Lindesay Arterial Road	Coopers Plains	Brisbane City	State-controlled	Intersection - T-Junction	Give way sign	"70 km/h"	Sealed - Dry	Clear	Daylight	Straight	Level	202	Vehs Opposite Approach: Thru-Right	"03: Opposing Vehicles Turning"	S	0	0	1	1	2	2	0	0	0	0	0	0
376224	376225	Medical treatment	2025	March	Wednesday	14	Fall from vehicle	Single Vehicle	153.053536037416	-27.4202644474255	London Rd	Sandgate Rd	""	Clayfield	Brisbane City	Locally-controlled	Intersection - T-Junction	No traffic control	"0 - 50 km/h"	Sealed - Wet	Raining	Daylight	Straight	Dip	705	Off Path-Straight: Out Of Control On Cway	"17: Out of Control on Straight"	N	0	0	1	0	1	0	1	0	0	0	0	0
376226	376227	Medical treatment	2025	March	Saturday	14	Hit object	Single Vehicle	153.058646006966	-27.6566514498062	Dampier Cr	""	""	Drewvale	Brisbane City	Locally-controlled	No Roadway Feature	No traffic control	"0 - 50 km/h"	Sealed - Wet	Raining	Daylight	Curved - view open	Level	803	Off Path-Curve: Off Cway Rt Bend Hit Obj	"19: Off Carriageway on Curve Hit Object"	S	0	0	1	0	1	1	0	0	0	0	0	0
376231	376232	Hospitalisation	2025	March	Saturday	21	Angle	Multi-Vehicle	153.032674028489	-27.5086994460291	Annerley Rd	Cronin St	""	Annerley	Brisbane City	Locally-controlled	No Roadway Feature	No traffic control	"60 km/h"	Sealed - Dry	Clear	Darkness - Lighted	Straight	Level	406	Vehs Manoeuvring: Leaving Driveway	"08: Vehicle Leaving Driveway"	N	0	2	0	0	2	1	1	0	0	0	0	0
376237	376238	Medical treatment	2025	March	Sunday	13	Hit pedestrian	Hit pedestrian	152.976995046472	-27.4134194396911	Osborne Rd	""	""	Mitchelton	Brisbane City	Locally-controlled	No Roadway Feature	No traffic control	"60 km/h"	Sealed - Dry	Clear	Daylight	Straight	Level	3	Pedn: Far Side Vehicle Hit From Left	"12: Pedestrian"	S	0	0	2	0	2	2	0	0	0	0	2	0
376238	376239	Medical treatment	2025	March	Sunday	18	Angle	Multi-Vehicle	153.03074803159	-27.4857784456546	Merton Rd	Stanley St	South-East Arterial Road (Pacific Motorway)	Woolloongabba	Brisbane City	State-controlled	Intersection - T-Junction	No traffic control	"0 - 50 km/h"	Sealed - Dry	Clear	Darkness - Lighted	Straight	Level	408	Vehs Manoeuvring: Entering From Footway	"08: Vehicle Leaving Driveway"	W	0	0	1	0	1	1	0	0	0	0	0	1
376240	376241	Medical treatment	2025	March	Sunday	20	Rear-end	Multi-Vehicle	153.011699037684	-27.4536714434889	Kelvin Grove Rd	""	""	Kelvin Grove	Brisbane City	Locally-controlled	No Roadway Feature	No traffic control	"60 km/h"	Sealed - Dry	Clear	Darkness - Lighted	Straight	Dip	301	Vehs Same Direction: Rear End	"04: Rear-end"	N	0	0	1	0	1	4	0	0	0	0	0	0
376247	376248	Medical treatment	2025	January	Tuesday	8	Angle	Multi-Vehicle	152.981573035669	-27.4953214407974	Princess St	""	""	Taringa	Brisbane City	Locally-controlled	No Roadway Feature	No traffic control	"0 - 50 km/h"	Sealed - Dry	Clear	Daylight	Straight	Grade	406	Vehs Manoeuvring: Leaving Driveway	"08: Vehicle Leaving Driveway"	S	0	0	1	0	1	3	0	0	0	0	0	0
376250	376251	Medical treatment	2025	March	Wednesday	14	Rear-end	Multi-Vehicle	153.032476031565	-27.484506445818	South East Arterial Rd	""	South-East Arterial Road (Pacific Motorway)	Woolloongabba	Brisbane City	State-controlled	Intersection - Interchange	No traffic control	"60 km/h"	Sealed - Dry	Clear	Daylight	Curved - view open	Level	301	Vehs Same Direction: Rear End	"04: Rear-end"	S	0	0	2	0	2	2	0	0	0	0	0	0
376254	376255	Medical treatment	2025	March	Tuesday	8	Fall from vehicle	Single Vehicle	152.941887031223	-27.5645124373699	Centenary Hwy	""	Centenary Motorway (Ellen Grove - Toowong)	Sumner	Brisbane City	State-controlled	No Roadway Feature	No traffic control	"100 - 110 km/h"	Sealed - Dry	Clear	Daylight	Straight	Level	400	Vehs Manoeuvring: Other	"21: Other"	N	0	0	1	0	1	1	1	0	0	0	0	0
376256	376257	Hospitalisation	2025	May	Thursday	19	Hit parked vehicle	Single Vehicle	153.056104017164	-27.5783184489327	Lister St	""	""	Sunnybank	Brisbane City	Locally-controlled	No Roadway Feature	No traffic control	"60 km/h"	Sealed - Dry	Clear	Darkness - Not lighted	Straight	Level	601	Vehs On Path: Parked	"10: Hit Parked Vehicle"	W	0	1	0	0	1	2	0	0	0	0	0	0
376258	376259	Hospitalisation	2025	May	Thursday	19	Angle	Multi-Vehicle	153.065795018311	-27.5610084497702	Griffith Arterial Rd	Mains Rd	Nathan Connection Arterial Road	Macgregor	Brisbane City	State-controlled	Intersection - Cross	Operating traffic lights	"60 km/h"	Sealed - Dry	Clear	Darkness - Lighted	Straight	Level	204	Vehs Opposite Approach: Right-Right	"03: Opposing Vehicles Turning"	E	0	1	0	2	3	2	0	0	0	0	0	0
376260	376261	Minor injury	2025	May	Friday	15	Angle	Multi-Vehicle	153.080666040108	-27.3759484498025	Langton St	Meredith St	""	Banyo	Brisbane City	Locally-controlled	Intersection - Cross	Give way sign	"0 - 50 km/h"	Sealed - Dry	Clear	Daylight	Straight	Level	408	Vehs Manoeuvring: Entering From Footway	"08: Vehicle Leaving Driveway"	""	0	0	0	1	1	1	0	0	0	1	0	0
376271	376272	Medical treatment	2025	May	Friday	14	Sideswipe	Multi-Vehicle	153.034419034468	-27.4598534458183	Bradfield Hwy	Kemp Pl	""	Fortitude Valley	Brisbane City	Locally-controlled	Intersection - Interchange	Give way sign	"60 km/h"	Sealed - Dry	Clear	Daylight	Straight	Level	305	Vehs Same Direction: Lane Side Swipe	"05: Lane Change"	E	0	0	1	0	1	1	1	0	0	0	0	0
376274	376275	Minor injury	2025	April	Wednesday	5	Rear-end	Multi-Vehicle	153.041053015928	-27.6009114475987	Beaudesert Rd	""	Mount Lindesay Arterial Road	Algester	Brisbane City	State-controlled	No Roadway Feature	No traffic control	"70 km/h"	Sealed - Dry	Clear	Daylight	Straight	Level	301	Vehs Same Direction: Rear End	"04: Rear-end"	S	0	0	0	1	1	4	0	0	0	0	0	0
376276	376277	Minor injury	2025	May	Thursday	16	Angle	Multi-Vehicle	153.070606030461	-27.4608574494626	Bentley St	Victoria St	""	Morningside	Brisbane City	Locally-controlled	Intersection - Cross	Stop sign	"0 - 50 km/h"	Sealed - Dry	Clear	Daylight	Straight	Grade	101	Vehs Adjacent Approach: Thru-Thru	"01: Intersection: Adjacent Approach"	W	0	0	0	1	1	2	0	0	0	0	0	0
376277	376278	Minor injury	2025	May	Thursday	16	Rear-end	Multi-Vehicle	152.96878202721	-27.573340440132	Boundary Rd	Flint St	""	Oxley	Brisbane City	Locally-controlled	Intersection - T-Junction	No traffic control	"60 km/h"	Sealed - Dry	Clear	Daylight	Straight	Grade	301	Vehs Same Direction: Rear End	"04: Rear-end"	N	0	0	0	1	1	2	0	0	0	0	0	0
376668	376669	Hospitalisation	2025	May	Saturday	22	Angle	Multi-Vehicle	153.0397170283	-27.5042024467009	Marquis St	South East Busway	""	Greenslopes	Brisbane City	Locally-controlled	Intersection - Cross	Operating traffic lights	"60 km/h"	Sealed - Dry	Clear	Darkness - Lighted	Straight	Level	101	Vehs Adjacent Approach: Thru-Thru	"01: Intersection: Adjacent Approach"	S	0	1	0	0	1	1	0	1	0	0	0	0
376670	376671	Hospitalisation	2025	May	Saturday	23	Hit object	Single Vehicle	153.07988601782	-27.5529014511233	Dawson Rd	Logan Rd	""	Upper Mount Gravatt	Brisbane City	Locally-controlled	Intersection - Cross	Operating traffic lights	"60 km/h"	Sealed - Dry	Clear	Darkness - Lighted	Straight	Level	703	Off Path-Straight: Left Off Cway Hit Obj	"16: Off Carriageway on Straight Hit Object"	N	0	2	0	0	2	1	0	0	0	0	0	0
376680	376681	Minor injury	2025	May	Thursday	17	Hit pedestrian	Hit pedestrian	152.984347031959	-27.5223854412892	Graceville Ave	""	""	Graceville	Brisbane City	Locally-controlled	No Roadway Feature	No traffic control	"60 km/h"	Sealed - Dry	Clear	Darkness - Not lighted	Straight	Level	5	Pedn: Hit Walking With Traffic	"12: Pedestrian"	E	0	0	0	1	1	1	0	0	0	0	1	0
376693	376694	Hospitalisation	2025	March	Monday	4	Angle	Multi-Vehicle	153.117341023795	-27.47393845427	Gateway Art Rd Ramp U	Wynnum Rd	Gateway Motorway (Eight Mile Plains - Nudgee)	Tingalpa	Brisbane City	State-controlled	Intersection - Cross	Operating traffic lights	"70 km/h"	Sealed - Dry	Clear	Dawn/Dusk	Straight	Level	202	Vehs Opposite Approach: Thru-Right	"03: Opposing Vehicles Turning"	E	0	1	0	0	1	3	0	0	0	0	0	0
376695	376696	Medical treatment	2025	March	Monday	8	Rear-end	Multi-Vehicle	153.091714031476	-27.434929451381	Gateway Arterial Rd	""	Gateway Motorway (Eight Mile Plains - Nudgee)	Eagle Farm	Brisbane City	State-controlled	Intersection - Interchange	No traffic control	"80 - 90 km/h"	Sealed - Dry	Clear	Daylight	Straight	Level	301	Vehs Same Direction: Rear End	"04: Rear-end"	N	0	0	1	0	1	2	0	0	0	0	0	0
376699	376700	Hospitalisation	2025	April	Tuesday	5	Sideswipe	Multi-Vehicle	153.001317042332	-27.4256144422256	Enoggera Rd	Samford Rd	""	Alderley	Brisbane City	Locally-controlled	No Roadway Feature	No traffic control	"60 km/h"	Sealed - Dry	Clear	Darkness - Lighted	Curved - view open	Level	307	Vehs Same Direction: Lane Change Left	"05: Lane Change"	N	0	1	0	0	1	1	1	0	0	0	0	0
376702	376703	Minor injury	2025	March	Monday	15	Rear-end	Multi-Vehicle	153.110134015411	-27.5462134541152	Broadwater Rd	""	Redland Sub-Arterial Road	Mansfield	Brisbane City	State-controlled	No Roadway Feature	No traffic control	"0 - 50 km/h"	Sealed - Dry	Clear	Daylight	Straight	Level	301	Vehs Same Direction: Rear End	"04: Rear-end"	E	0	0	0	1	1	2	0	0	0	0	0	0
376703	376704	Hospitalisation	2025	April	Wednesday	7	Rear-end	Multi-Vehicle	153.08364701185	-27.5968214518485	Warrigal Rd	""	""	Runcorn	Brisbane City	Locally-controlled	No Roadway Feature	No traffic control	"60 km/h"	Sealed - Wet	Raining	Daylight	Straight	Grade	301	Vehs Same Direction: Rear End	"04: Rear-end"	N	0	2	0	0	2	1	0	0	1	0	0	0
376704	376705	Hospitalisation	2025	April	Wednesday	9	Hit pedestrian	Hit pedestrian	153.014572040749	-27.4269144435655	Carberry St	Thomas St	""	Grange	Brisbane City	Locally-controlled	Intersection - Cross	Stop sign	"0 - 50 km/h"	Sealed - Wet	Clear	Daylight	Straight	Level	3	Pedn: Far Side Vehicle Hit From Left	"12: Pedestrian"	E	0	1	0	0	1	1	0	0	0	0	1	0
376709	376710	Medical treatment	2025	March	Friday	3	Rear-end	Multi-Vehicle	153.047966036439	-27.4327264469644	Crosby Rd	Lapraik St	""	Albion	Brisbane City	Locally-controlled	Intersection - T-Junction	No traffic control	"0 - 50 km/h"	Sealed - Wet	Raining	Daylight	Straight	Dip	303	Vehs Same Direction: Right Rear	"04: Rear-end"	W	0	0	1	0	1	2	0	0	0	0	0	0
376712	376713	Medical treatment	2025	March	Monday	14	Angle	Multi-Vehicle	153.053539037415	-27.4202634474258	London Rd	Sandgate Rd	""	Clayfield	Brisbane City	Locally-controlled	Intersection - T-Junction	Give way sign	"60 km/h"	Sealed - Dry	Clear	Daylight	Straight	Level	107	Vehs Adjacent Approach: Thru-Left	"01: Intersection: Adjacent Approach"	S	0	0	1	0	1	2	0	0	0	0	0	0
376713	376714	Hospitalisation	2025	June	Wednesday	23	Angle	Multi-Vehicle	153.071726034002	-27.431876449346	Lancaster Rd	Nudgee Rd	""	Hamilton	Brisbane City	Locally-controlled	Intersection - T-Junction	Operating traffic lights	"60 km/h"	Sealed - Dry	Clear	Darkness - Lighted	Straight	Level	202	Vehs Opposite Approach: Thru-Right	"03: Opposing Vehicles Turning"	S	0	4	0	1	5	2	0	0	0	0	0	0
376721	376722	Hospitalisation	2025	May	Tuesday	7	Rear-end	Multi-Vehicle	153.028326017741	-27.5974394462933	Learoyd Rd	Paradise Rd	""	Acacia Ridge	Brisbane City	Locally-controlled	Intersection - T-Junction	Operating traffic lights	"70 km/h"	Sealed - Dry	Clear	Daylight	Curved - view open	Level	303	Vehs Same Direction: Right Rear	"04: Rear-end"	W	0	1	0	0	1	3	0	0	0	0	0	0
376723	376724	Medical treatment	2025	January	Friday	13	Rear-end	Multi-Vehicle	153.100931011544	-27.5845324534911	Gateway Art Rd Off Ramp	Gateway Arterial Rd	Logan Sub-Arterial Road	Eight Mile Plains	Brisbane City	State-controlled	Intersection - Interchange	Operating traffic lights	"60 km/h"	Sealed - Dry	Clear	Daylight	Straight	Grade	301	Vehs Same Direction: Rear End	"04: Rear-end"	S	0	0	1	1	2	2	0	0	0	0	0	0
376728	376729	Hospitalisation	2025	May	Thursday	5	Hit object	Single Vehicle	153.001767015196	-27.6402544439659	Logan Mwy	""	Logan Motorway (Gailes - Loganholme)	Larapinta	Brisbane City	State-controlled	No Roadway Feature	No traffic control	"100 - 110 km/h"	Sealed - Dry	Clear	Dawn/Dusk	Straight	Level	305	Vehs Same Direction: Lane Side Swipe	"05: Lane Change"	E	0	1	0	3	4	2	1	0	0	0	0	0
376733	376734	Medical treatment	2025	May	Friday	15	Rear-end	Multi-Vehicle	153.084566015589	-27.5665294517018	Pacific Hwy	""	South-East Arterial Road (Pacific Motorway)	Macgregor	Brisbane City	State-controlled	No Roadway Feature	No traffic control	"80 - 90 km/h"	Sealed - Wet	Clear	Daylight	Straight	Level	301	Vehs Same Direction: Rear End	"04: Rear-end"	E	0	0	1	0	1	3	0	0	0	0	0	0
376737	376738	Minor injury	2025	May	Friday	16	Rear-end	Multi-Vehicle	153.110464011376	-27.5777584543976	Miles Platting Rd	""	""	Rochedale	Brisbane City	Locally-controlled	No Roadway Feature	No traffic control	"60 km/h"	Sealed - Wet	Raining	Daylight	Straight	Level	301	Vehs Same Direction: Rear End	"04: Rear-end"	W	0	0	0	1	1	2	0	0	0	0	0	0
376751	376752	Hospitalisation	2025	June	Wednesday	13	Rear-end	Multi-Vehicle	153.022812041843	-27.4112364442684	Lennon St	Stafford Rd	East-West Arterial Road	Stafford	Brisbane City	State-controlled	Intersection - T-Junction	Operating traffic lights	"60 km/h"	Sealed - Dry	Clear	Daylight	Straight	Level	301	Vehs Same Direction: Rear End	"04: Rear-end"	E	0	1	0	0	1	1	0	1	0	0	0	0
376753	376754	Hospitalisation	2025	June	Wednesday	6	Angle	Multi-Vehicle	153.065924019658	-27.5502574496983	Klumpp Rd	Mains Rd	South-East Arterial Road (Pacific Motorway)	Upper Mount Gravatt	Brisbane City	State-controlled	Intersection - Cross	Operating traffic lights	"60 km/h"	Sealed - Dry	Clear	Daylight	Straight	Level	408	Vehs Manoeuvring: Entering From Footway	"08: Vehicle Leaving Driveway"	N	0	1	1	0	2	0	1	0	0	0	0	1
376757	376758	Medical treatment	2025	June	Wednesday	13	Rear-end	Multi-Vehicle	153.121355019782	-27.5022104548979	Old Cleveland Rd	Wright St	Cleveland Sub-Arterial Road	Carindale	Brisbane City	State-controlled	Intersection - T-Junction	Give way sign	"70 km/h"	Sealed - Dry	Clear	Daylight	Straight	Level	601	Vehs On Path: Parked	"10: Hit Parked Vehicle"	E	0	0	1	0	1	2	0	0	0	0	0	0
376758	376759	Hospitalisation	2025	June	Wednesday	1	Hit pedestrian	Hit pedestrian	153.035376034505	-27.4587504459056	Brunswick St	""	""	Fortitude Valley	Brisbane City	Locally-controlled	No Roadway Feature	Operating traffic lights	"0 - 50 km/h"	Sealed - Dry	Clear	Darkness - Lighted	Straight	Level	305	Vehs Same Direction: Lane Side Swipe	"05: Lane Change"	W	0	1	0	0	1	1	0	0	0	1	0	0
377206	377207	Hospitalisation	2025	May	Friday	11	Angle	Multi-Vehicle	153.117465249778	-27.544986723844	Mt Gravatt - Capalaba Rd	""	Redland Sub-Arterial Road	Mackenzie	Brisbane City	State-controlled	Intersection - Cross	Operating traffic lights	"60 km/h"	Sealed - Wet	Clear	Daylight	Straight	Crest	101	Vehs Adjacent Approach: Thru-Thru	"01: Intersection: Adjacent Approach"	N	0	1	0	0	1	2	0	0	0	0	0	0
377207	377208	Hospitalisation	2025	May	Friday	11	Sideswipe	Multi-Vehicle	153.09071901415	-27.5726574523694	Logan Rd	""	Logan Sub-Arterial Road	Eight Mile Plains	Brisbane City	State-controlled	No Roadway Feature	No traffic control	"60 km/h"	Sealed - Wet	Raining	Daylight	Straight	Grade	305	Vehs Same Direction: Lane Side Swipe	"05: Lane Change"	N	0	1	0	0	1	1	0	0	0	0	0	1
377208	377209	Fatal	2025	June	Monday	4	Angle	Multi-Vehicle	153.067996014144	-27.5920354502365	Beenleigh Rd	Penarth St	""	Runcorn	Brisbane City	Locally-controlled	Railway Crossing	Railway - lights and boom gate	"60 km/h"	Sealed - Dry	Clear	Darkness - Lighted	Straight	Level	903	Pass & Misc: Hit Train	"11: Train"	""	1	0	0	0	1	0	0	0	0	1	0	1
377210	377211	Hospitalisation	2025	June	Monday	17	Rear-end	Multi-Vehicle	153.041629009914	-27.6479204480274	Beaudesert Rd	""	Mount Lindesay Arterial Road	Drewvale	Brisbane City	State-controlled	Intersection - Interchange	Operating traffic lights	"80 - 90 km/h"	Sealed - Dry	Clear	Dawn/Dusk	Straight	Dip	301	Vehs Same Direction: Rear End	"04: Rear-end"	S	0	1	0	0	1	2	0	0	0	0	0	0
377215	377216	Minor injury	2025	June	Tuesday	5	Angle	Multi-Vehicle	153.109823034062	-27.399152452921	Airport Dr	Nancy Bird Wy	""	Brisbane Airport	Brisbane City	Locally-controlled	Intersection - Roundabout	Give way sign	"60 km/h"	Sealed - Dry	Clear	Darkness - Lighted	Straight	Level	101	Vehs Adjacent Approach: Thru-Thru	"01: Intersection: Adjacent Approach"	""	0	0	0	1	1	1	0	0	0	1	0	0
377219	377220	Minor injury	2025	June	Tuesday	17	Rear-end	Multi-Vehicle	153.025397033408	-27.4759224450395	South East Arterial Rd	""	South-East Arterial Road (Pacific Motorway)	Brisbane City	Brisbane City	State-controlled	No Roadway Feature	No traffic control	"80 - 90 km/h"	Sealed - Dry	Clear	Daylight	Straight	Grade	301	Vehs Same Direction: Rear End	"04: Rear-end"	W	0	0	0	1	1	2	0	0	0	0	0	0
377221	377222	Medical treatment	2025	June	Monday	16	Rear-end	Multi-Vehicle	153.06146401201	-27.6144494497566	Gowan Rd	""	""	Stretton	Brisbane City	Locally-controlled	No Roadway Feature	No traffic control	"60 km/h"	Sealed - Dry	Clear	Daylight	Straight	Level	301	Vehs Same Direction: Rear End	"04: Rear-end"	S	0	0	1	0	1	2	0	0	0	0	0	0
377752	377753	Medical treatment	2025	June	Wednesday	12	Angle	Multi-Vehicle	153.020717033716	-27.4774634445819	Glenelg St	Grey St	""	South Brisbane	Brisbane City	Locally-controlled	Intersection - Cross	Operating traffic lights	"0 - 50 km/h"	Sealed - Dry	Clear	Daylight	Straight	Level	202	Vehs Opposite Approach: Thru-Right	"03: Opposing Vehicles Turning"	E	0	0	1	0	1	1	1	0	1	0	0	0
377772	377773	Minor injury	2025	June	Wednesday	18	Head-on	Multi-Vehicle	153.017595042927	-27.4070564437118	Webster Rd	""	""	Stafford	Brisbane City	Locally-controlled	No Roadway Feature	No traffic control	"60 km/h"	Sealed - Dry	Clear	Darkness - Lighted	Straight	Grade	201	Vehs Opposite Approach: Head On	"02: Head-on"	N	0	0	0	1	1	2	0	0	0	0	0	0
377774	377775	Minor injury	2025	June	Wednesday	17	Sideswipe	Multi-Vehicle	153.038539034652	-27.4548914461928	Ann St	Church St	""	Fortitude Valley	Brisbane City	Locally-controlled	Intersection - T-Junction	No traffic control	"60 km/h"	Sealed - Dry	Clear	Dawn/Dusk	Straight	Level	308	Vehs Same Direction: Right Turn S/Swipe	"06: Parallel Lanes Turning"	S	0	0	0	2	2	2	0	0	0	0	0	0
377778	377779	Minor injury	2025	June	Sunday	20	Sideswipe	Multi-Vehicle	153.035736034124	-27.4614624459632	Bradfield Hwy	""	""	Fortitude Valley	Brisbane City	Locally-controlled	No Roadway Feature	No traffic control	"60 km/h"	Sealed - Dry	Clear	Darkness - Lighted	Curved - view open	Grade	305	Vehs Same Direction: Lane Side Swipe	"05: Lane Change"	S	0	0	0	1	1	2	0	0	0	0	0	0
377779	377780	Medical treatment	2025	May	Monday	16	Rear-end	Multi-Vehicle	153.062706015131	-27.5887474496786	Beenleigh Rd	""	""	Sunnybank	Brisbane City	Locally-controlled	No Roadway Feature	No traffic control	"60 km/h"	Sealed - Dry	Clear	Daylight	Straight	Grade	301	Vehs Same Direction: Rear End	"04: Rear-end"	E	0	0	1	0	1	3	0	0	0	0	0	0
377782	377783	Medical treatment	2025	June	Thursday	7	Rear-end	Multi-Vehicle	152.995252038856	-27.4583714418765	Latrobe Tce	""	""	Paddington	Brisbane City	Locally-controlled	No Roadway Feature	Pedestrian crossing sign	"0 - 50 km/h"	Sealed - Dry	Clear	Daylight	Curved - view obscured	Level	301	Vehs Same Direction: Rear End	"04: Rear-end"	E	0	0	1	0	1	0	0	0	0	2	0	0
377785	377786	Medical treatment	2025	May	Thursday	12	Rear-end	Multi-Vehicle	153.020691289577	-27.3913372148981	Webster Rd	""	""	Chermside	Brisbane City	Locally-controlled	No Roadway Feature	No traffic control	"60 km/h"	Sealed - Dry	Clear	Daylight	Straight	Level	301	Vehs Same Direction: Rear End	"04: Rear-end"	S	0	0	2	1	3	3	0	0	0	0	0	0
378113	378114	Minor injury	2025	April	Wednesday	17	Rear-end	Multi-Vehicle	152.988850040425	-27.4513704411793	Jubilee Tce	""	Western Arterial Road (Toowong - Everton Park)	Bardon	Brisbane City	State-controlled	No Roadway Feature	No traffic control	"60 km/h"	Sealed - Dry	Clear	Daylight	Straight	Grade	301	Vehs Same Direction: Rear End	"04: Rear-end"	N	0	0	0	1	1	3	0	0	0	0	0	0
378180	378181	Hospitalisation	2025	May	Tuesday	9	Sideswipe	Multi-Vehicle	153.074995017465	-27.5598594506863	Pacific Hwy	""	South-East Arterial Road (Pacific Motorway)	Macgregor	Brisbane City	State-controlled	No Roadway Feature	No traffic control	"100 - 110 km/h"	Sealed - Dry	Clear	Daylight	Straight	Level	307	Vehs Same Direction: Lane Change Left	"05: Lane Change"	W	0	1	1	0	2	2	0	0	0	0	0	0
378197	378198	Hospitalisation	2025	May	Tuesday	11	Rear-end	Multi-Vehicle	153.068507019126	-27.5522634499739	Pacific Hwy	""	South-East Arterial Road (Pacific Motorway)	Upper Mount Gravatt	Brisbane City	State-controlled	No Roadway Feature	No traffic control	"100 - 110 km/h"	Sealed - Dry	Clear	Daylight	Straight	Level	301	Vehs Same Direction: Rear End	"04: Rear-end"	W	0	1	0	0	1	2	0	0	0	0	0	0
378199	378200	Minor injury	2025	May	Tuesday	9	Sideswipe	Multi-Vehicle	153.030234032104	-27.4821394455742	South East Arterial Rd	""	South-East Arterial Road (Pacific Motorway)	Kangaroo Point	Brisbane City	State-controlled	Bridge/Causeway	No traffic control	"80 - 90 km/h"	Sealed - Dry	Clear	Daylight	Straight	Level	306	Vehs Same Direction: Lane Change Right	"05: Lane Change"	W	0	0	0	1	1	1	1	0	0	0	0	0
378304	378305	Hospitalisation	2025	April	Thursday	21	Rear-end	Multi-Vehicle	153.08294801641	-27.5614274514987	Logan Rd	""	Logan Sub-Arterial Road	Upper Mount Gravatt	Brisbane City	State-controlled	No Roadway Feature	No traffic control	"0 - 50 km/h"	Sealed - Dry	Clear	Daylight	Straight	Level	301	Vehs Same Direction: Rear End	"04: Rear-end"	N	0	1	3	0	4	2	0	0	0	0	0	0
378313	378314	Hospitalisation	2025	June	Tuesday	16	Angle	Multi-Vehicle	153.02949703385	-27.4689354453959	Charlotte St	""	""	Brisbane City	Brisbane City	Locally-controlled	No Roadway Feature	No traffic control	"0 - 50 km/h"	Sealed - Dry	Clear	Daylight	Straight	Level	406	Vehs Manoeuvring: Leaving Driveway	"08: Vehicle Leaving Driveway"	W	0	1	0	0	1	1	0	0	0	0	0	1
378319	378320	Hospitalisation	2025	June	Wednesday	15	Angle	Multi-Vehicle	153.018485035122	-27.4682164442848	North Quay	South East Arterial Rd	South-East Arterial Road (Pacific Motorway)	Brisbane City	Brisbane City	State-controlled	Intersection - Cross	Operating traffic lights	"0 - 50 km/h"	Sealed - Dry	Clear	Daylight	Straight	Level	309	Vehs Same Direction: Left Turn S/Swipe	"06: Parallel Lanes Turning"	E	0	1	0	0	1	1	1	0	0	0	0	0
378324	378325	Minor injury	2025	June	Wednesday	10	Rear-end	Multi-Vehicle	153.07916101694	-27.5604614511101	Kessels Rd	Macgregor St	Griffith Arterial Road	Upper Mount Gravatt	Brisbane City	State-controlled	Intersection - Cross	Operating traffic lights	"60 km/h"	Sealed - Dry	Clear	Daylight	Straight	Level	301	Vehs Same Direction: Rear End	"04: Rear-end"	E	0	0	0	1	1	1	0	1	0	0	0	0
378330	378331	Medical treatment	2025	June	Saturday	14	Rear-end	Multi-Vehicle	153.012972035744	-27.4679734437297	Coronation Dr	Hale St On Ramp	""	Brisbane City	Brisbane City	Locally-controlled	No Roadway Feature	No traffic control	"80 - 90 km/h"	Sealed - Dry	Clear	Daylight	Straight	Level	301	Vehs Same Direction: Rear End	"04: Rear-end"	U	0	0	1	0	1	3	0	0	0	0	0	0
378826	378827	Minor injury	2025	April	Tuesday	13	Angle	Multi-Vehicle	152.936436028845	-27.5880554370103	Barracks Rd	Boundary Rd	""	Wacol	Brisbane City	Locally-controlled	Intersection - T-Junction	Operating traffic lights	"60 km/h"	Sealed - Dry	Clear	Daylight	Curved - view open	Level	104	Vehs Adjacent Approach: Thru-Right	"01: Intersection: Adjacent Approach"	N	0	0	0	1	1	1	1	0	0	0	0	0
378830	378831	Minor injury	2025	April	Wednesday	11	Angle	Multi-Vehicle	153.031543035017	-27.4579464455144	Barry Pde	Gipps St	""	Fortitude Valley	Brisbane City	Locally-controlled	Intersection - T-Junction	Operating traffic lights	"60 km/h"	Sealed - Dry	Clear	Daylight	Straight	Level	307	Vehs Same Direction: Lane Change Left	"05: Lane Change"	W	0	0	0	1	1	0	1	0	0	0	0	1
379824	379825	Minor injury	2025	April	Wednesday	5	Angle	Multi-Vehicle	153.041839028856	-27.4979904468649	Junction St	O'Keefe St	""	Woolloongabba	Brisbane City	Locally-controlled	Intersection - T-Junction	Stop sign	"60 km/h"	Sealed - Dry	Clear	Dawn/Dusk	Straight	Level	104	Vehs Adjacent Approach: Thru-Right	"01: Intersection: Adjacent Approach"	W	0	0	0	1	1	2	0	0	0	0	0	0
379831	379832	Medical treatment	2025	April	Wednesday	6	Rear-end	Multi-Vehicle	153.08762601417	-27.5751324520776	Padstow Rd	Warrigal Rd	""	Eight Mile Plains	Brisbane City	Locally-controlled	Intersection - Cross	Operating traffic lights	"60 km/h"	Sealed - Dry	Clear	Dawn/Dusk	Straight	Level	301	Vehs Same Direction: Rear End	"04: Rear-end"	W	0	0	1	0	1	2	0	0	0	0	0	0
383923	383924	Medical treatment	2025	June	Sunday	20	Angle	Multi-Vehicle	153.028806034524	-27.4641804452889	Ann St	Wharf St	""	Brisbane City	Brisbane City	Locally-controlled	Intersection - Cross	Operating traffic lights	"60 km/h"	Sealed - Dry	Clear	Darkness - Lighted	Straight	Level	101	Vehs Adjacent Approach: Thru-Thru	"01: Intersection: Adjacent Approach"	E	0	0	1	0	1	1	1	0	0	0	0	0
383943	383944	Hospitalisation	2025	May	Saturday	23	Hit pedestrian	Hit pedestrian	153.030308035225	-27.4573444453856	Grenier St	St Pauls Tce	""	Fortitude Valley	Brisbane City	Locally-controlled	Intersection - T-Junction	No traffic control	"60 km/h"	Sealed - Wet	Raining	Darkness - Lighted	Straight	Grade	3	Pedn: Far Side Vehicle Hit From Left	"12: Pedestrian"	S	0	1	0	0	1	1	0	0	0	0	1	0
383949	383950	Hospitalisation	2025	May	Friday	1	Hit object	Single Vehicle	152.959254026124	-27.5901024393101	Archerfield Rd	""	""	Richlands	Brisbane City	Locally-controlled	No Roadway Feature	No traffic control	"60 km/h"	Sealed - Dry	Clear	Darkness - Lighted	Curved - view open	Level	803	Off Path-Curve: Off Cway Rt Bend Hit Obj	"19: Off Carriageway on Curve Hit Object"	N	0	1	0	0	1	1	0	0	0	0	0	0
383958	383959	Medical treatment	2025	May	Friday	23	Hit parked vehicle	Single Vehicle	153.058859027549	-27.4938714485426	Cavendish Rd	""	""	Coorparoo	Brisbane City	Locally-controlled	No Roadway Feature	No traffic control	"60 km/h"	Sealed - Wet	Raining	Darkness - Lighted	Straight	Level	601	Vehs On Path: Parked	"10: Hit Parked Vehicle"	S	0	0	1	0	1	1	1	0	0	0	0	0
383963	383964	Medical treatment	2025	May	Saturday	11	Angle	Multi-Vehicle	153.092470017653	-27.5435264523155	Broadwater Rd	Newnham Rd	""	Mount Gravatt East	Brisbane City	Locally-controlled	Intersection - Cross	Operating traffic lights	"60 km/h"	Sealed - Dry	Clear	Daylight	Straight	Level	202	Vehs Opposite Approach: Thru-Right	"03: Opposing Vehicles Turning"	N	0	0	1	0	1	2	0	0	0	0	0	0
383966	383967	Hospitalisation	2025	January	Thursday	16	Angle	Multi-Vehicle	153.051143037344	-27.4228634472056	Bellevue Tce	Creswick St	""	Clayfield	Brisbane City	Locally-controlled	Intersection - Cross	Stop sign	"60 km/h"	Sealed - Dry	Clear	Daylight	Curved - view obscured	Dip	107	Vehs Adjacent Approach: Thru-Left	"01: Intersection: Adjacent Approach"	E	0	1	0	0	1	1	1	0	0	0	0	0
383973	383974	Hospitalisation	2025	January	Friday	14	Angle	Multi-Vehicle	152.977376041951	-27.4490214400109	Coopers Camp Rd	Waterworks Rd	""	Ashgrove	Brisbane City	Locally-controlled	Intersection - Cross	Operating traffic lights	"0 - 50 km/h"	Sealed - Dry	Clear	Daylight	Curved - view open	Level	101	Vehs Adjacent Approach: Thru-Thru	"01: Intersection: Adjacent Approach"	S	0	1	0	0	1	1	1	0	0	0	0	0
383974	383975	Minor injury	2025	January	Friday	15	Angle	Multi-Vehicle	153.057243024949	-27.5158094485535	Abbotsleigh St	Logan Rd	""	Holland Park	Brisbane City	Locally-controlled	Intersection - T-Junction	Operating traffic lights	"60 km/h"	Sealed - Dry	Clear	Daylight	Straight	Dip	104	Vehs Adjacent Approach: Thru-Right	"01: Intersection: Adjacent Approach"	E	0	0	0	1	1	2	0	0	0	0	0	0
383977	383978	Medical treatment	2025	January	Friday	22	Angle	Multi-Vehicle	153.023166033028	-27.4808334448544	Grey St	Tribune St	""	South Brisbane	Brisbane City	Locally-controlled	Intersection - Cross	Operating traffic lights	"0 - 50 km/h"	Sealed - Dry	Clear	Darkness - Lighted	Straight	Grade	207	Vehs Opposite Approach: U-Turn	"07: U-turn"	E	0	0	1	0	1	1	1	0	0	0	0	0
384024	384025	Hospitalisation	2025	June	Friday	9	Rear-end	Multi-Vehicle	153.044430016183	-27.5960134478993	Jackson Rd	""	""	Sunnybank Hills	Brisbane City	Locally-controlled	No Roadway Feature	No traffic control	"60 km/h"	Sealed - Dry	Clear	Daylight	Straight	Level	302	Vehs Same Direction: Left Rear	"04: Rear-end"	S	0	1	0	0	1	1	0	1	0	0	0	0
384032	384033	Hospitalisation	2025	June	Tuesday	8	Rear-end	Multi-Vehicle	153.014256050307	-27.3512844429352	Gympie Rd	""	Gympie Arterial Road	Carseldine	Brisbane City	State-controlled	No Roadway Feature	No traffic control	"70 km/h"	Sealed - Dry	Clear	Daylight	Straight	Level	301	Vehs Same Direction: Rear End	"04: Rear-end"	E	0	2	0	0	2	2	0	0	0	0	0	0
384037	384038	Hospitalisation	2025	June	Tuesday	20	Angle	Multi-Vehicle	153.032566023162	-27.550947446352	Cripps St	Douglas Rd	""	Salisbury	Brisbane City	Locally-controlled	Intersection - T-Junction	Give way sign	"0 - 50 km/h"	Sealed - Dry	Clear	Darkness - Lighted	Straight	Grade	104	Vehs Adjacent Approach: Thru-Right	"01: Intersection: Adjacent Approach"	N	0	1	0	0	1	2	0	0	0	0	0	0
384039	384040	Minor injury	2025	May	Monday	9	Angle	Multi-Vehicle	153.016756036823	-27.4562024440163	Normanby Tce	Victoria Pk Rd	""	Kelvin Grove	Brisbane City	Locally-controlled	Intersection - T-Junction	Give way sign	"0 - 50 km/h"	Sealed - Dry	Clear	Daylight	Straight	Grade	104	Vehs Adjacent Approach: Thru-Right	"01: Intersection: Adjacent Approach"	W	0	0	0	1	1	1	1	0	0	0	0	0
384045	384046	Hospitalisation	2025	May	Tuesday	12	Hit parked vehicle	Single Vehicle	153.074649022378	-27.5213454503473	Cradock St	""	""	Holland Park	Brisbane City	Locally-controlled	No Roadway Feature	No traffic control	"0 - 50 km/h"	Sealed - Dry	Clear	Daylight	Straight	Grade	601	Vehs On Path: Parked	"10: Hit Parked Vehicle"	W	0	1	0	0	1	3	0	0	0	0	0	0
384047	384048	Minor injury	2025	May	Tuesday	5	Rear-end	Multi-Vehicle	152.947745027942	-27.5855314381219	Centenary Hwy	""	Centenary Motorway (Ellen Grove - Toowong)	Richlands	Brisbane City	State-controlled	No Roadway Feature	No traffic control	"100 - 110 km/h"	Sealed - Dry	Clear	Dawn/Dusk	Straight	Level	301	Vehs Same Direction: Rear End	"04: Rear-end"	N	0	0	0	2	2	2	0	0	0	0	0	0
384048	384049	Minor injury	2025	May	Friday	23	Rear-end	Multi-Vehicle	153.037337034901	-27.4539414460645	Church St	Wickham St	""	Fortitude Valley	Brisbane City	Locally-controlled	Intersection - Cross	No traffic control	"60 km/h"	Sealed - Wet	Raining	Darkness - Lighted	Straight	Level	301	Vehs Same Direction: Rear End	"04: Rear-end"	N	0	0	0	1	1	2	0	0	0	0	0	0
384059	384060	Hospitalisation	2025	March	Tuesday	6	Fall from vehicle	Single Vehicle	152.98265403065	-27.5342124412129	Mayhew St	Oxley Rd	""	Sherwood	Brisbane City	Locally-controlled	Intersection - T-Junction	No traffic control	"60 km/h"	Sealed - Dry	Clear	Daylight	Straight	Level	705	Off Path-Straight: Out Of Control On Cway	"17: Out of Control on Straight"	W	0	1	0	0	1	1	1	0	0	0	0	0
384060	384061	Hospitalisation	2025	March	Tuesday	6	Hit object	Single Vehicle	153.032019017297	-27.5977974466669	Learoyd Rd	""	""	Acacia Ridge	Brisbane City	Locally-controlled	No Roadway Feature	No traffic control	"70 km/h"	Sealed - Dry	Clear	Daylight	Straight	Level	808	Off Path-Curve: Mounts Traffic Island	"19: Off Carriageway on Curve Hit Object"	E	0	1	0	0	1	1	0	0	0	0	0	0
384062	384063	Hospitalisation	2025	March	Tuesday	9	Fall from vehicle	Single Vehicle	153.038056034752	-27.4545134461413	Church St	""	""	Fortitude Valley	Brisbane City	Locally-controlled	No Roadway Feature	No traffic control	"0 - 50 km/h"	Sealed - Dry	Clear	Daylight	Straight	Level	705	Off Path-Straight: Out Of Control On Cway	"17: Out of Control on Straight"	W	0	1	0	0	1	0	1	0	0	0	0	0
384070	384071	Medical treatment	2025	March	Wednesday	8	Sideswipe	Multi-Vehicle	153.047417039931	-27.405516446694	Shaw Rd	""	""	Wavell Heights	Brisbane City	Locally-controlled	No Roadway Feature	No traffic control	"60 km/h"	Sealed - Dry	Clear	Daylight	Straight	Level	306	Vehs Same Direction: Lane Change Right	"05: Lane Change"	S	0	0	1	0	1	2	1	0	0	0	0	0
384072	384073	Hospitalisation	2025	March	Wednesday	5	Hit pedestrian	Hit pedestrian	153.136064026215	-27.4389864558804	Lindum Rd	Lytton Rd	Port Of Brisbane Road	Hemmant	Brisbane City	State-controlled	Intersection - Cross	Pedestrian operated lights	"60 km/h"	Sealed - Dry	Clear	Dawn/Dusk	Straight	Level	1	Pedn: Near Side Vehicle Hit From Right	"12: Pedestrian"	W	0	1	0	0	1	1	0	0	0	0	1	0
384074	384075	Minor injury	2025	March	Tuesday	7	Rear-end	Multi-Vehicle	152.986944037202	-27.4785714412033	Milton Rd	""	""	Toowong	Brisbane City	Locally-controlled	No Roadway Feature	No traffic control	"60 km/h"	Sealed - Dry	Clear	Daylight	Straight	Dip	301	Vehs Same Direction: Rear End	"04: Rear-end"	W	0	0	0	2	2	2	0	1	0	0	0	0
384079	384080	Medical treatment	2025	March	Wednesday	14	Rear-end	Multi-Vehicle	153.016083029392	-27.5156694444188	Kadumba St	Shottery St	""	Yeronga	Brisbane City	Locally-controlled	Intersection - T-Junction	Give way sign	"60 km/h"	Sealed - Dry	Clear	Daylight	Straight	Level	303	Vehs Same Direction: Right Rear	"04: Rear-end"	E	0	0	1	0	1	1	1	0	0	0	0	0
384123	384124	Medical treatment	2025	June	Wednesday	6	Rear-end	Multi-Vehicle	153.051407025093	-27.5196304479972	Pacific Hwy	""	South-East Arterial Road (Pacific Motorway)	Holland Park West	Brisbane City	State-controlled	No Roadway Feature	No traffic control	"100 - 110 km/h"	Sealed - Dry	Clear	Dawn/Dusk	Straight	Level	301	Vehs Same Direction: Rear End	"04: Rear-end"	W	0	0	1	1	2	3	0	0	0	0	0	0
384145	384146	Medical treatment	2025	June	Tuesday	9	Rear-end	Multi-Vehicle	153.067775019478	-27.5500994498832	Klumpp Rd	South East Arterial Rd	South-East Arterial Road (Pacific Motorway)	Upper Mount Gravatt	Brisbane City	State-controlled	Intersection - Interchange	Operating traffic lights	"60 km/h"	Sealed - Dry	Clear	Daylight	Straight	Level	301	Vehs Same Direction: Rear End	"04: Rear-end"	S	0	0	1	0	1	1	0	0	1	0	0	0
384161	384162	Medical treatment	2025	June	Thursday	11	Angle	Multi-Vehicle	152.931614029938	-27.5835134364921	Ipswich Mwy	""	Cunningham Arterial Road (Ipswich Motorway)	Wacol	Brisbane City	State-controlled	No Roadway Feature	No traffic control	"100 - 110 km/h"	Sealed - Dry	Clear	Daylight	Straight	Grade	307	Vehs Same Direction: Lane Change Left	"05: Lane Change"	N	0	0	1	0	1	1	0	1	0	0	0	0
384167	384168	Minor injury	2025	February	Tuesday	8	Sideswipe	Multi-Vehicle	153.099332636571	-27.4514507572785	Metroplex Ave	""	""	Murarrie	Brisbane City	Locally-controlled	No Roadway Feature	No traffic control	"0 - 50 km/h"	Sealed - Dry	Clear	Daylight	Straight	Level	308	Vehs Same Direction: Right Turn S/Swipe	"06: Parallel Lanes Turning"	""	0	0	0	1	1	1	1	0	0	0	0	0
384191	384192	Hospitalisation	2025	May	Friday	16	Hit pedestrian	Hit pedestrian	153.044678046054	-27.3592694460527	Church Rd	""	""	Zillmere	Brisbane City	Locally-controlled	No Roadway Feature	No traffic control	"0 - 50 km/h"	Sealed - Dry	Clear	Daylight	Straight	Level	9	Pedn: Hit While Boarding/Alighting	"12: Pedestrian"	N	0	1	0	0	1	1	0	0	0	0	1	0
384276	384277	Hospitalisation	2025	June	Wednesday	6	Rear-end	Multi-Vehicle	153.096793038398	-27.3758544514246	Gateway Arterial Rd	""	Gateway Arterial Road (Gateway Motorway - North)	Nudgee	Brisbane City	State-controlled	No Roadway Feature	No traffic control	"100 - 110 km/h"	Sealed - Dry	Clear	Daylight	Straight	Level	301	Vehs Same Direction: Rear End	"04: Rear-end"	S	0	1	0	0	1	0	0	1	1	0	0	0
384279	384280	Hospitalisation	2025	June	Wednesday	7	Angle	Multi-Vehicle	152.91749505251	-27.4160844337578	Inverness St	Dummy Street - Historic Data	""	Upper Kedron	Brisbane City	Locally-controlled	Intersection - T-Junction	No traffic control	"60 km/h"	Sealed - Dry	Clear	Daylight	Curved - view obscured	Level	104	Vehs Adjacent Approach: Thru-Right	"01: Intersection: Adjacent Approach"	E	0	1	0	0	1	1	0	0	0	1	0	0
384282	384283	Hospitalisation	2025	June	Wednesday	18	Angle	Multi-Vehicle	153.021778029179	-27.5125084449654	Fairfield Rd	Venner Rd	""	Fairfield	Brisbane City	Locally-controlled	Intersection - Roundabout	Give way sign	"60 km/h"	Sealed - Dry	Clear	Darkness - Lighted	Straight	Level	102	Vehs Adjacent Approach: Right-Thru	"01: Intersection: Adjacent Approach"	W	0	1	0	0	1	1	0	0	0	1	0	0
384285	384286	Minor injury	2025	June	Wednesday	9	Rear-end	Multi-Vehicle	152.984902049093	-27.3858594402654	Beckett Rd	Old Northern Rd	Everton Park - Albany Creek Road	Mcdowall	Brisbane City	State-controlled	Intersection - Roundabout	Give way sign	"60 km/h"	Sealed - Dry	Clear	Daylight	Curved - view open	Level	302	Vehs Same Direction: Left Rear	"04: Rear-end"	S	0	0	0	1	1	1	1	0	0	0	0	0
384286	384287	Medical treatment	2025	June	Wednesday	7	Angle	Multi-Vehicle	152.946386028507	-27.5822134379598	Bakery Rd	Boundary Rd	""	Darra	Brisbane City	Locally-controlled	Intersection - T-Junction	No traffic control	"60 km/h"	Sealed - Dry	Clear	Daylight	Straight	Level	202	Vehs Opposite Approach: Thru-Right	"03: Opposing Vehicles Turning"	S	0	0	1	0	1	2	0	0	0	0	0	0
384287	384288	Medical treatment	2025	June	Wednesday	17	Rear-end	Multi-Vehicle	153.061661043373	-27.3661534478138	Sandgate Rd	""	Sandgate Sub-Arterial Road	Virginia	Brisbane City	State-controlled	No Roadway Feature	No traffic control	"60 km/h"	Sealed - Dry	Clear	Dawn/Dusk	Straight	Level	301	Vehs Same Direction: Rear End	"04: Rear-end"	N	0	0	1	0	1	2	0	0	0	0	0	0
384293	384294	Hospitalisation	2025	June	Thursday	17	Angle	Multi-Vehicle	153.071529029415	-27.4683494496146	Wynnum Rd	""	""	Morningside	Brisbane City	Locally-controlled	No Roadway Feature	No traffic control	"0 - 50 km/h"	Sealed - Dry	Clear	Darkness - Lighted	Straight	Level	207	Vehs Opposite Approach: U-Turn	"07: U-turn"	N	0	1	0	0	1	1	1	0	0	0	0	0
384295	384296	Minor injury	2025	June	Thursday	0	Sideswipe	Multi-Vehicle	153.023217027502	-27.5245654452051	Ipswich Rd	""	""	Moorooka	Brisbane City	Locally-controlled	No Roadway Feature	No traffic control	"80 - 90 km/h"	Sealed - Dry	Clear	Daylight	Straight	Level	305	Vehs Same Direction: Lane Side Swipe	"05: Lane Change"	N	0	0	0	1	1	1	0	1	0	0	0	0
384298	384299	Medical treatment	2025	January	Monday	0	Sideswipe	Multi-Vehicle	152.927974029537	-27.5898184361778	Progress Rd	""	Cunningham Arterial Road (Ipswich Motorway)	Wacol	Brisbane City	State-controlled	Merge Lane	No traffic control	"60 km/h"	Sealed - Dry	Clear	Daylight	Curved - view open	Level	306	Vehs Same Direction: Lane Change Right	"05: Lane Change"	W	0	0	1	0	1	2	0	0	0	0	0	0
384300	384301	Medical treatment	2025	January	Friday	19	Angle	Multi-Vehicle	153.049001015426	-27.598096448375	Hellawell Rd	Signata St	""	Sunnybank Hills	Brisbane City	Locally-controlled	Intersection - T-Junction	No traffic control	"60 km/h"	Sealed - Dry	Clear	Darkness - Lighted	Straight	Level	104	Vehs Adjacent Approach: Thru-Right	"01: Intersection: Adjacent Approach"	E	0	0	1	0	1	2	0	0	0	0	0	0
384306	384307	Hospitalisation	2025	February	Sunday	13	Fall from vehicle	Single Vehicle	153.040475035141	-27.4493724463436	Montpelier Rd	""	""	Bowen Hills	Brisbane City	Locally-controlled	No Roadway Feature	No traffic control	"60 km/h"	Sealed - Dry	Clear	Daylight	Straight	Grade	705	Off Path-Straight: Out Of Control On Cway	"17: Out of Control on Straight"	N	0	1	0	0	1	1	1	0	0	0	0	0
384308	384309	Medical treatment	2025	February	Sunday	15	Sideswipe	Multi-Vehicle	152.984902049093	-27.3858594402654	Beckett Rd	Old Northern Rd	Everton Park - Albany Creek Road	Mcdowall	Brisbane City	State-controlled	Intersection - Roundabout	No traffic control	"60 km/h"	Sealed - Dry	Clear	Daylight	Curved - view open	Level	306	Vehs Same Direction: Lane Change Right	"05: Lane Change"	S	0	0	1	0	1	1	1	0	0	0	0	0
384309	384310	Hospitalisation	2025	February	Sunday	13	Hit object	Single Vehicle	152.959440028524	-27.5709104391773	Harcourt Rd	Ipswich Mwy	Cunningham Arterial Road (Ipswich Motorway)	Darra	Brisbane City	State-controlled	Intersection - Interchange	Operating traffic lights	"60 km/h"	Sealed - Dry	Clear	Daylight	Curved - view open	Level	808	Off Path-Curve: Mounts Traffic Island	"19: Off Carriageway on Curve Hit Object"	N	0	1	0	0	1	1	0	0	0	0	0	0
384315	384316	Medical treatment	2025	February	Wednesday	10	Angle	Multi-Vehicle	152.915973038347	-27.5301104345067	Moggill Rd	""	Moggill Sub-Arterial Road	Pinjarra Hills	Brisbane City	State-controlled	Intersection - T-Junction	Stop sign	"70 km/h"	Sealed - Dry	Clear	Daylight	Straight	Grade	101	Vehs Adjacent Approach: Thru-Thru	"01: Intersection: Adjacent Approach"	S	0	0	2	1	3	2	0	0	1	0	0	0
384317	384318	Minor injury	2025	February	Wednesday	14	Head-on	Multi-Vehicle	153.087570023441	-27.5019674514941	Jones Rd	""	""	Carina Heights	Brisbane City	Locally-controlled	No Roadway Feature	No traffic control	"0 - 50 km/h"	Sealed - Dry	Clear	Daylight	Straight	Grade	207	Vehs Opposite Approach: U-Turn	"07: U-turn"	S	0	0	0	1	1	1	1	0	0	0	0	0
384504	384505	Hospitalisation	2025	May	Monday	10	Hit pedestrian	Hit pedestrian	153.066831024192	-27.5136504495003	Harold St	""	""	Holland Park	Brisbane City	Locally-controlled	No Roadway Feature	No traffic control	"0 - 50 km/h"	Sealed - Dry	Clear	Daylight	Straight	Level	0	Pedn: Hit Other	"21: Other"	U	0	1	0	0	1	0	0	1	0	0	1	0
384722	384723	Hospitalisation	2025	February	Wednesday	23	Overturned	Single Vehicle	152.92422304946	-27.4346334345771	Mount Nebo Rd	""	""	Enoggera Reservoir	Brisbane City	Locally-controlled	No Roadway Feature	No traffic control	"60 km/h"	Sealed - Dry	Clear	Darkness - Not lighted	Curved - view obscured	Level	805	Off Path-Curve: Out Of Control On Cway	"20: Out of Control on Curve"	E	0	1	0	0	1	1	0	0	0	0	0	0
384723	384724	Hospitalisation	2025	February	Thursday	6	Hit object	Single Vehicle	152.924597031214	-27.579401435758	Wacol Station Rd	""	""	Wacol	Brisbane City	Locally-controlled	No Roadway Feature	No traffic control	"60 km/h"	Sealed - Dry	Clear	Daylight	Curved - view open	Level	803	Off Path-Curve: Off Cway Rt Bend Hit Obj	"19: Off Carriageway on Curve Hit Object"	S	0	1	0	0	1	1	0	0	0	0	0	0
384724	384725	Medical treatment	2025	February	Thursday	8	Angle	Multi-Vehicle	153.027199050362	-27.3398754441438	Warrumbungle Pde	""	""	Fitzgibbon	Brisbane City	Locally-controlled	No Roadway Feature	No traffic control	"0 - 50 km/h"	Sealed - Dry	Clear	Daylight	Straight	Level	401	Vehs Manoeuvring: Leaving Parking	"08: Vehicle Leaving Driveway"	W	0	0	1	1	2	2	0	0	0	0	0	0
384729	384730	Medical treatment	2025	February	Thursday	12	Angle	Multi-Vehicle	152.975357046579	-27.4139604395313	Kedron Ave	Samford Rd	Samford Sub-Arterial Road	Mitchelton	Brisbane City	State-controlled	Intersection - T-Junction	Operating traffic lights	"60 km/h"	Sealed - Dry	Clear	Daylight	Straight	Level	202	Vehs Opposite Approach: Thru-Right	"03: Opposing Vehicles Turning"	W	0	0	1	0	1	3	0	0	0	0	0	0
384731	384732	Medical treatment	2025	February	Thursday	16	Rear-end	Multi-Vehicle	153.050242012527	-27.619937448672	Beaudesert Rd	Ormskirk St	Mount Lindesay Arterial Road	Calamvale	Brisbane City	State-controlled	Intersection - T-Junction	Operating traffic lights	"70 km/h"	Sealed - Dry	Clear	Daylight	Straight	Level	301	Vehs Same Direction: Rear End	"04: Rear-end"	S	0	0	1	0	1	3	0	0	0	0	0	0
384748	384749	Hospitalisation	2025	January	Thursday	11	Hit pedestrian	Hit pedestrian	153.015976049633	-27.3551814431387	Graham Rd	Gympie Rd	Gympie Arterial Road	Carseldine	Brisbane City	State-controlled	Intersection - T-Junction	Operating traffic lights	"0 - 50 km/h"	Sealed - Dry	Clear	Daylight	Straight	Level	8	Pedn: On Ftway Hit By Vehicle On Ftway	"12: Pedestrian"	W	0	1	0	0	1	0	0	0	0	0	1	1
385110	385111	Hospitalisation	2025	March	Monday	6	Hit object	Single Vehicle	153.056296023129	-27.5310084485784	Peronne Rd	""	""	Tarragindi	Brisbane City	Locally-controlled	No Roadway Feature	No traffic control	"0 - 50 km/h"	Sealed - Wet	Raining	Daylight	Straight	Level	400	Vehs Manoeuvring: Other	"21: Other"	N	0	1	0	0	1	1	0	0	0	0	0	0
384974	384975	Medical treatment	2025	May	Wednesday	19	Angle	Multi-Vehicle	153.032021038164	-27.4325944453619	Constitution Rd	Lutwyche Rd	""	Windsor	Brisbane City	Locally-controlled	Intersection - T-Junction	Operating traffic lights	"60 km/h"	Sealed - Dry	Clear	Darkness - Lighted	Straight	Level	202	Vehs Opposite Approach: Thru-Right	"03: Opposing Vehicles Turning"	S	0	0	1	3	4	2	0	0	0	0	0	0
384981	384982	Hospitalisation	2025	May	Wednesday	22	Hit object	Single Vehicle	152.754873051209	-27.5661134187391	Blackwall Rd	""	""	Chuwar	Brisbane City	Locally-controlled	No Roadway Feature	No traffic control	"60 km/h"	Sealed - Dry	Clear	Darkness - Not lighted	Curved - view open	Level	803	Off Path-Curve: Off Cway Rt Bend Hit Obj	"19: Off Carriageway on Curve Hit Object"	N	0	2	0	0	2	1	0	0	0	0	0	0
384982	384983	Hospitalisation	2025	May	Thursday	4	Angle	Multi-Vehicle	153.031011044156	-27.3859184448911	Gympie Rd	Hamilton Rd	Gympie Arterial Road	Chermside	Brisbane City	State-controlled	Intersection - Cross	Operating traffic lights	"60 km/h"	Sealed - Dry	Clear	Darkness - Lighted	Straight	Level	202	Vehs Opposite Approach: Thru-Right	"03: Opposing Vehicles Turning"	N	0	1	0	1	2	2	0	0	0	0	0	0
384983	384984	Minor injury	2025	May	Thursday	5	Hit parked vehicle	Single Vehicle	152.97852002766	-27.5614474410137	Oxley Rd	""	""	Oxley	Brisbane City	Locally-controlled	No Roadway Feature	No traffic control	"60 km/h"	Sealed - Dry	Clear	Dawn/Dusk	Straight	Level	601	Vehs On Path: Parked	"10: Hit Parked Vehicle"	N	0	0	0	1	1	3	0	0	0	0	0	0
384989	384990	Medical treatment	2025	May	Friday	2	Head-on	Multi-Vehicle	153.030996028013	-27.5138904459017	Ipswich Rd	Waterton St	""	Annerley	Brisbane City	Locally-controlled	Intersection - Cross	Operating traffic lights	"0 - 50 km/h"	Sealed - Dry	Clear	Darkness - Lighted	Straight	Level	201	Vehs Opposite Approach: Head On	"02: Head-on"	N	0	0	1	0	1	2	0	0	0	0	0	0
384993	384994	Minor injury	2025	May	Thursday	17	Angle	Multi-Vehicle	153.035366031007	-27.4864704461238	Stanley St	""	""	Woolloongabba	Brisbane City	Locally-controlled	No Roadway Feature	Give way sign	"60 km/h"	Sealed - Dry	Clear	Dawn/Dusk	Straight	Level	408	Vehs Manoeuvring: Entering From Footway	"08: Vehicle Leaving Driveway"	""	0	0	0	1	1	0	0	0	0	1	0	1
384995	384996	Medical treatment	2025	May	Thursday	5	Rear-end	Multi-Vehicle	153.075828045042	-27.3409334490385	Gateway Arterial Rd	""	Gateway Arterial Road (Gateway Motorway - North)	Boondall	Brisbane City	State-controlled	No Roadway Feature	No traffic control	"100 - 110 km/h"	Sealed - Dry	Clear	Darkness - Lighted	Curved - view open	Crest	301	Vehs Same Direction: Rear End	"04: Rear-end"	S	0	0	1	0	1	2	0	0	0	0	0	0
385077	385078	Medical treatment	2025	January	Wednesday	19	Rear-end	Multi-Vehicle	153.034098039473	-27.4204474454743	Bradshaw St	Lutwyche Rd	""	Lutwyche	Brisbane City	Locally-controlled	Intersection - Cross	Operating traffic lights	"60 km/h"	Sealed - Dry	Clear	Darkness - Lighted	Straight	Grade	301	Vehs Same Direction: Rear End	"04: Rear-end"	N	0	0	2	0	2	2	0	0	0	0	0	0
385107	385108	Fatal	2025	January	Sunday	15	Hit object	Single Vehicle	152.99704605289	-27.345352441162	Bridgeman Rd	""	""	Bridgeman Downs	Brisbane City	Locally-controlled	No Roadway Feature	No traffic control	"70 km/h"	Sealed - Dry	Clear	Daylight	Straight	Grade	708	Off Path-Straight: Mounts Traffic Island	"16: Off Carriageway on Straight Hit Object"	N	1	0	0	0	1	0	1	0	0	0	0	0
385109	385110	Medical treatment	2025	January	Friday	9	Rear-end	Multi-Vehicle	153.099212031492	-27.4284544520845	Kingsford Smith Dr	""	""	Eagle Farm	Brisbane City	Locally-controlled	No Roadway Feature	No traffic control	"60 km/h"	Sealed - Dry	Clear	Daylight	Curved - view obscured	Level	301	Vehs Same Direction: Rear End	"04: Rear-end"	W	0	0	1	0	1	1	0	3	0	0	0	0
385271	385272	Fatal	2025	January	Sunday	8	Head-on	Multi-Vehicle	153.181971015241	-27.4867384608904	Rickertt Rd	""	""	Ransome	Brisbane City	Locally-controlled	No Roadway Feature	No traffic control	"80 - 90 km/h"	Sealed - Dry	Clear	Daylight	Straight	Level	201	Vehs Opposite Approach: Head On	"02: Head-on"	E	2	1	0	0	3	2	0	0	0	0	0	0
385342	385343	Medical treatment	2025	March	Wednesday	11	Head-on	Multi-Vehicle	152.984096016042	-27.6486844422607	Johnson Rd	Stapylton Rd	""	Heathwood	Brisbane City	Locally-controlled	Intersection - Cross	Operating traffic lights	"60 km/h"	Sealed - Wet	Clear	Daylight	Straight	Grade	201	Vehs Opposite Approach: Head On	"02: Head-on"	E	0	0	1	0	1	2	0	0	0	0	0	0
385343	385344	Hospitalisation	2025	March	Tuesday	19	Hit pedestrian	Hit pedestrian	153.066090016856	-27.5722434498886	Mccullough St	""	""	Sunnybank	Brisbane City	Locally-controlled	No Roadway Feature	Operating traffic lights	"60 km/h"	Sealed - Wet	Raining	Darkness - Lighted	Straight	Level	7	Pedn: Hit By Vehicle Enter/Leave Dway	"12: Pedestrian"	N	0	1	0	0	1	1	0	0	0	0	1	0
385350	385351	Medical treatment	2025	March	Wednesday	15	Angle	Multi-Vehicle	152.900910039079	-27.5371944330575	Moggill Rd	""	Moggill Sub-Arterial Road	Pinjarra Hills	Brisbane City	State-controlled	No Roadway Feature	No traffic control	"70 km/h"	Sealed - Wet	Raining	Daylight	Curved - view open	Level	306	Vehs Same Direction: Lane Change Right	"05: Lane Change"	W	0	0	1	0	1	2	0	0	0	0	0	0
385351	385352	Medical treatment	2025	March	Tuesday	15	Rear-end	Multi-Vehicle	152.968565027767	-27.5691064400769	Ipswich Mwy	""	Cunningham Arterial Road (Ipswich Motorway)	Oxley	Brisbane City	State-controlled	No Roadway Feature	No traffic control	"80 - 90 km/h"	Sealed - Wet	Clear	Daylight	Straight	Level	301	Vehs Same Direction: Rear End	"04: Rear-end"	E	0	0	1	0	1	2	0	0	0	0	0	0
385352	385353	Minor injury	2025	March	Tuesday	11	Sideswipe	Multi-Vehicle	153.050543020152	-27.5594364482248	Troughton Rd	""	Griffith Arterial Road	Coopers Plains	Brisbane City	State-controlled	No Roadway Feature	No traffic control	"70 km/h"	Sealed - Dry	Clear	Daylight	Straight	Grade	306	Vehs Same Direction: Lane Change Right	"05: Lane Change"	N	0	0	0	1	1	2	0	0	0	0	0	0
385357	385358	Medical treatment	2025	March	Tuesday	10	Rear-end	Multi-Vehicle	153.035851031414	-27.4828344461437	Main St	Princess St	""	Kangaroo Point	Brisbane City	Locally-controlled	Intersection - Cross	Operating traffic lights	"60 km/h"	Sealed - Dry	Clear	Daylight	Straight	Level	302	Vehs Same Direction: Left Rear	"04: Rear-end"	S	0	0	1	0	1	2	0	0	0	0	0	0
385359	385360	Medical treatment	2025	March	Monday	7	Rear-end	Multi-Vehicle	153.076949035829	-27.4129914497218	Southern Cross Wy	""	Southern Cross Way	Hendra	Brisbane City	State-controlled	No Roadway Feature	No traffic control	"80 - 90 km/h"	Sealed - Wet	Raining	Daylight	Straight	Level	301	Vehs Same Direction: Rear End	"04: Rear-end"	S	0	0	1	0	1	1	0	1	0	0	0	0
385360	385361	Medical treatment	2025	May	Friday	10	Angle	Multi-Vehicle	153.172302021921	-27.4422624595623	Bay Tce	Bride St	""	Wynnum	Brisbane City	Locally-controlled	Intersection - Cross	No traffic control	"0 - 50 km/h"	Sealed - Dry	Clear	Daylight	Straight	Level	202	Vehs Opposite Approach: Thru-Right	"03: Opposing Vehicles Turning"	E	0	0	1	0	1	2	0	0	0	0	0	0
385362	385363	Medical treatment	2025	February	Thursday	16	Sideswipe	Multi-Vehicle	152.999549724857	-27.4785090764666	Chasely St	Coronation Dr	""	Auchenflower	Brisbane City	Locally-controlled	Intersection - T-Junction	Operating traffic lights	"60 km/h"	Sealed - Dry	Clear	Daylight	Straight	Level	307	Vehs Same Direction: Lane Change Left	"05: Lane Change"	S	0	0	1	0	1	1	1	0	0	0	0	0
385363	385364	Medical treatment	2025	March	Tuesday	18	Rear-end	Multi-Vehicle	153.115683014296	-27.5502974547064	Gateway Arterial Rd	""	Gateway Motorway (Eight Mile Plains - Nudgee)	Rochedale	Brisbane City	State-controlled	No Roadway Feature	No traffic control	"100 - 110 km/h"	Sealed - Wet	Raining	Darkness - Lighted	Straight	Level	301	Vehs Same Direction: Rear End	"04: Rear-end"	S	0	0	1	0	1	1	0	1	0	0	0	0
385364	385365	Medical treatment	2025	March	Wednesday	6	Sideswipe	Multi-Vehicle	153.013950026846	-27.5376584443785	Ipswich Rd	""	""	Moorooka	Brisbane City	Locally-controlled	No Roadway Feature	No traffic control	"60 km/h"	Sealed - Dry	Clear	Daylight	Straight	Level	306	Vehs Same Direction: Lane Change Right	"05: Lane Change"	S	0	0	1	0	1	1	0	1	0	0	0	0
385365	385366	Minor injury	2025	March	Saturday	11	Rear-end	Multi-Vehicle	153.171184015247	-27.4958014598728	New Cleveland Rd	""	""	Gumdale	Brisbane City	Locally-controlled	No Roadway Feature	No traffic control	"80 - 90 km/h"	Sealed - Wet	Raining	Daylight	Curved - view open	Level	301	Vehs Same Direction: Rear End	"04: Rear-end"	N	0	0	0	1	1	2	0	0	0	0	0	0
385543	385544	Medical treatment	2025	May	Tuesday	7	Rear-end	Multi-Vehicle	152.918955038635	-27.5252664347666	Moggill Rd	""	Moggill Sub-Arterial Road	Pinjarra Hills	Brisbane City	State-controlled	No Roadway Feature	No traffic control	"70 km/h"	Sealed - Dry	Clear	Daylight	Straight	Grade	301	Vehs Same Direction: Rear End	"04: Rear-end"	N	0	0	3	0	3	4	0	0	0	0	0	0
385544	385545	Minor injury	2025	May	Tuesday	8	Sideswipe	Multi-Vehicle	153.028200031092	-27.4918894454471	Park Rd	""	""	Woolloongabba	Brisbane City	Locally-controlled	No Roadway Feature	No traffic control	"0 - 50 km/h"	Sealed - Dry	Clear	Daylight	Straight	Grade	700	Off Path-Straight: Other	"21: Other"	""	0	0	0	1	1	1	0	0	0	1	0	0
385545	385546	Hospitalisation	2025	May	Tuesday	10	Angle	Multi-Vehicle	153.016850042584	-27.4104154436636	Stafford Rd	Webster Rd	East-West Arterial Road	Stafford	Brisbane City	State-controlled	Intersection - Cross	Operating traffic lights	"60 km/h"	Sealed - Dry	Clear	Daylight	Straight	Level	102	Vehs Adjacent Approach: Right-Thru	"01: Intersection: Adjacent Approach"	E	0	1	0	0	1	2	0	0	0	0	0	0
385549	385550	Medical treatment	2025	May	Tuesday	9	Hit pedestrian	Hit pedestrian	153.066913033485	-27.4400504489267	Harbour Rd	""	""	Hamilton	Brisbane City	Locally-controlled	No Roadway Feature	No traffic control	"0 - 50 km/h"	Sealed - Dry	Clear	Daylight	Curved - view open	Level	0	Pedn: Hit Other	"21: Other"	E	0	0	1	0	1	1	0	0	0	0	1	0
385550	385551	Hospitalisation	2025	May	Wednesday	6	Sideswipe	Multi-Vehicle	153.035707033909	-27.463187445974	Story Bridge	""	""	Fortitude Valley	Brisbane City	Locally-controlled	Bridge/Causeway	No traffic control	"60 km/h"	Sealed - Dry	Clear	Daylight	Straight	Level	305	Vehs Same Direction: Lane Side Swipe	"05: Lane Change"	N	0	1	0	0	1	1	1	0	0	0	0	0
385556	385557	Medical treatment	2025	May	Wednesday	6	Rear-end	Multi-Vehicle	152.947001028623	-27.5807664380099	Centenary Hwy	Cunningham Arterial Rd	Centenary Motorway (Ellen Grove - Toowong)	Darra	Brisbane City	State-controlled	No Roadway Feature	No traffic control	"100 - 110 km/h"	Sealed - Dry	Clear	Daylight	Straight	Level	301	Vehs Same Direction: Rear End	"04: Rear-end"	E	0	0	1	0	1	2	0	0	0	0	0	0
385560	385561	Medical treatment	2025	May	Tuesday	18	Rear-end	Multi-Vehicle	153.017896042455	-27.4105494437696	Stafford Rd	""	East-West Arterial Road	Stafford	Brisbane City	State-controlled	No Roadway Feature	No traffic control	"60 km/h"	Sealed - Dry	Clear	Daylight	Straight	Crest	301	Vehs Same Direction: Rear End	"04: Rear-end"	E	0	0	1	0	1	2	0	0	0	0	0	0
385561	385562	Medical treatment	2025	May	Wednesday	6	Rear-end	Multi-Vehicle	153.019950012869	-27.6431014458126	Logan Mwy	""	Logan Motorway (Gailes - Loganholme)	Parkinson	Brisbane City	State-controlled	No Roadway Feature	No traffic control	"100 - 110 km/h"	Sealed - Dry	Clear	Daylight	Straight	Level	301	Vehs Same Direction: Rear End	"04: Rear-end"	W	0	0	1	0	1	2	0	1	0	0	0	0
385687	385688	Hospitalisation	2025	January	Wednesday	6	Head-on	Multi-Vehicle	153.059404030839	-27.4673704483879	Hawthorne Rd	""	""	Hawthorne	Brisbane City	Locally-controlled	No Roadway Feature	No traffic control	"60 km/h"	Sealed - Dry	Clear	Daylight	Straight	Level	201	Vehs Opposite Approach: Head On	"02: Head-on"	S	0	1	0	0	1	2	0	0	0	0	0	0
385694	385695	Hospitalisation	2025	January	Wednesday	21	Struck by external load	Other	152.989806033453	-27.505879441706	Indooroopilly Rd	Lohe St	""	Indooroopilly	Brisbane City	Locally-controlled	Intersection - T-Junction	No traffic control	"0 - 50 km/h"	Sealed - Wet	Raining	Darkness - Not lighted	Straight	Level	600	Vehs On Path: Other	"21: Other"	S	0	1	0	0	1	1	0	0	0	0	0	0
385699	385700	Hospitalisation	2025	January	Wednesday	2	Fall from vehicle	Single Vehicle	152.940760024148	-27.6216114377076	Roxwell St	""	Centenary Motorway (Ellen Grove - Toowong)	Ellen Grove	Brisbane City	State-controlled	No Roadway Feature	No traffic control	"60 km/h"	Sealed - Dry	Clear	Darkness - Not lighted	Straight	Level	705	Off Path-Straight: Out Of Control On Cway	"17: Out of Control on Straight"	S	0	1	0	0	1	1	0	0	0	1	0	0
385701	385702	Medical treatment	2025	January	Wednesday	16	Angle	Multi-Vehicle	153.031766041752	-27.4043554451129	Gympie Rd	""	Gympie Arterial Road	Kedron	Brisbane City	State-controlled	No Roadway Feature	No traffic control	"60 km/h"	Sealed - Dry	Clear	Daylight	Straight	Level	307	Vehs Same Direction: Lane Change Left	"05: Lane Change"	N	0	0	1	0	1	2	0	0	0	0	0	0
385863	385864	Hospitalisation	2025	January	Wednesday	13	Head-on	Multi-Vehicle	153.03716604614	-27.3649504453432	Murphy Rd	""	""	Zillmere	Brisbane City	Locally-controlled	No Roadway Feature	No traffic control	"60 km/h"	Sealed - Dry	Clear	Daylight	Straight	Grade	201	Vehs Opposite Approach: Head On	"02: Head-on"	S	0	1	0	1	2	2	0	0	0	0	0	0
385864	385865	Hospitalisation	2025	January	Saturday	7	Angle	Multi-Vehicle	153.087889029026	-27.457551451175	Colmslie Rd	Lytton Rd	""	Morningside	Brisbane City	Locally-controlled	Intersection - Roundabout	Give way sign	"60 km/h"	Sealed - Dry	Clear	Daylight	Straight	Level	202	Vehs Opposite Approach: Thru-Right	"03: Opposing Vehicles Turning"	W	0	1	0	0	1	1	1	0	0	0	0	0
385869	385870	Hospitalisation	2025	January	Monday	17	Angle	Multi-Vehicle	153.02642904425	-27.389063444456	Farnell St	Wallace St	""	Chermside	Brisbane City	Locally-controlled	Intersection - Cross	Stop sign	"60 km/h"	Sealed - Dry	Clear	Daylight	Straight	Level	106	Vehs Adjacent Approach: Left-Right	"01: Intersection: Adjacent Approach"	S	0	1	0	0	1	1	1	0	0	0	0	0
385885	385886	Hospitalisation	2025	January	Wednesday	15	Angle	Multi-Vehicle	152.990546035966	-27.4853174416177	Jephson St	Sherwood Rd	""	Toowong	Brisbane City	Locally-controlled	Intersection - Cross	Operating traffic lights	"60 km/h"	Sealed - Dry	Clear	Daylight	Straight	Grade	101	Vehs Adjacent Approach: Thru-Thru	"01: Intersection: Adjacent Approach"	N	0	2	0	0	2	2	0	0	0	0	0	0
385886	385887	Hospitalisation	2025	January	Wednesday	18	Hit parked vehicle	Single Vehicle	153.088586027487	-27.4691294513367	Muir St	""	""	Cannon Hill	Brisbane City	Locally-controlled	No Roadway Feature	No traffic control	"0 - 50 km/h"	Sealed - Dry	Clear	Daylight	Straight	Level	601	Vehs On Path: Parked	"10: Hit Parked Vehicle"	N	0	1	0	0	1	2	0	0	0	0	0	0
385890	385891	Medical treatment	2025	January	Wednesday	11	Angle	Multi-Vehicle	153.106137022709	-27.4920084532843	Bethel St	Meadowlands Rd	""	Carina	Brisbane City	Locally-controlled	Intersection - T-Junction	Give way sign	"60 km/h"	Sealed - Dry	Clear	Daylight	Straight	Level	104	Vehs Adjacent Approach: Thru-Right	"01: Intersection: Adjacent Approach"	E	0	0	1	1	2	2	0	0	0	0	0	0
385891	385892	Medical treatment	2025	January	Tuesday	17	Angle	Multi-Vehicle	153.046178046912	-27.3511894461394	Beams Rd	Church Rd	""	Taigum	Brisbane City	Locally-controlled	Intersection - Cross	Operating traffic lights	"60 km/h"	Sealed - Dry	Clear	Daylight	Straight	Level	408	Vehs Manoeuvring: Entering From Footway	"08: Vehicle Leaving Driveway"	""	0	0	1	0	1	1	0	0	0	0	0	1
386099	386100	Hospitalisation	2025	January	Friday	19	Angle	Multi-Vehicle	153.035746034429	-27.4590384459451	Brunswick St	Mclachlan St	""	Fortitude Valley	Brisbane City	Locally-controlled	Intersection - Cross	Operating traffic lights	"0 - 50 km/h"	Sealed - Wet	Clear	Darkness - Lighted	Straight	Level	101	Vehs Adjacent Approach: Thru-Thru	"01: Intersection: Adjacent Approach"	W	0	1	0	2	3	2	0	0	0	0	0	0
386104	386105	Hospitalisation	2025	January	Sunday	14	Hit parked vehicle	Single Vehicle	153.073693708709	-27.559042444549	Worrell St	""	South-East Arterial Road (Pacific Motorway)	Macgregor	Brisbane City	State-controlled	No Roadway Feature	No traffic control	"0 - 50 km/h"	Sealed - Wet	Clear	Daylight	Curved - view obscured	Level	601	Vehs On Path: Parked	"10: Hit Parked Vehicle"	S	0	1	0	0	1	1	0	0	0	0	0	1
386108	386109	Minor injury	2025	May	Wednesday	19	Rear-end	Multi-Vehicle	153.012774051082	-27.3463784427477	Beams Rd	Gympie Rd	Gympie Arterial Road	Carseldine	Brisbane City	State-controlled	Intersection - T-Junction	Give way sign	"60 km/h"	Sealed - Dry	Clear	Darkness - Lighted	Straight	Level	302	Vehs Same Direction: Left Rear	"04: Rear-end"	W	0	0	0	1	1	2	0	0	0	0	0	0
386124	386125	Hospitalisation	2025	January	Monday	22	Hit object	Single Vehicle	153.014007029647	-27.5154214442085	Kadumba St	Kingsley Pde	""	Yeronga	Brisbane City	Locally-controlled	Intersection - Cross	Give way sign	"0 - 50 km/h"	Sealed - Dry	Clear	Darkness - Lighted	Curved - view open	Level	808	Off Path-Curve: Mounts Traffic Island	"19: Off Carriageway on Curve Hit Object"	W	0	1	0	0	1	1	0	0	0	0	0	0
386126	386127	Medical treatment	2025	January	Tuesday	6	Sideswipe	Multi-Vehicle	152.989246035222	-27.4923234415427	Alpha St	Bellevue Pde	""	Taringa	Brisbane City	Locally-controlled	Intersection - Roundabout	Give way sign	"0 - 50 km/h"	Sealed - Dry	Clear	Dawn/Dusk	Curved - view open	Grade	107	Vehs Adjacent Approach: Thru-Left	"01: Intersection: Adjacent Approach"	N	0	0	1	0	1	1	0	0	0	1	0	0
386128	386129	Hospitalisation	2025	January	Tuesday	5	Hit object	Single Vehicle	153.091676016272	-27.555096452327	Dawson Rd	Mt Gravatt - Capalaba Rd	Redland Sub-Arterial Road	Wishart	Brisbane City	State-controlled	Intersection - T-Junction	Give way sign	"60 km/h"	Sealed - Dry	Clear	Dawn/Dusk	Curved - view open	Crest	808	Off Path-Curve: Mounts Traffic Island	"19: Off Carriageway on Curve Hit Object"	W	0	1	0	0	1	1	0	0	0	0	0	0
386139	386140	Medical treatment	2025	January	Monday	6	Rear-end	Multi-Vehicle	153.024755010435	-27.6582204464141	Johnson Rd	""	""	Parkinson	Brisbane City	Locally-controlled	No Roadway Feature	No traffic control	"60 km/h"	Sealed - Dry	Clear	Daylight	Straight	Level	301	Vehs Same Direction: Rear End	"04: Rear-end"	W	0	0	1	0	1	2	0	0	0	0	0	0
386438	386439	Minor injury	2025	January	Tuesday	15	Rear-end	Multi-Vehicle	153.124782020636	-27.492569455167	Gateway Arterial Rd	""	Gateway Motorway (Eight Mile Plains - Nudgee)	Belmont	Brisbane City	State-controlled	No Roadway Feature	No traffic control	"100 - 110 km/h"	Sealed - Dry	Clear	Daylight	Straight	Level	301	Vehs Same Direction: Rear End	"04: Rear-end"	S	0	0	0	1	1	2	0	0	0	0	0	0
386441	386442	Medical treatment	2025	January	Monday	6	Rear-end	Multi-Vehicle	152.987358015473	-27.6503934426011	Johnson Rd	""	""	Heathwood	Brisbane City	Locally-controlled	No Roadway Feature	No traffic control	"60 km/h"	Sealed - Dry	Clear	Daylight	Straight	Level	301	Vehs Same Direction: Rear End	"04: Rear-end"	W	0	0	1	0	1	2	0	0	0	0	0	0
386894	386895	Medical treatment	2025	January	Saturday	23	Rear-end	Multi-Vehicle	153.035893031192	-27.4845514461615	Main St	Vulture St	""	Woolloongabba	Brisbane City	Locally-controlled	Intersection - Cross	Operating traffic lights	"60 km/h"	Sealed - Dry	Clear	Darkness - Lighted	Straight	Grade	301	Vehs Same Direction: Rear End	"04: Rear-end"	S	0	0	1	0	1	2	0	0	0	0	0	0
386901	386902	Medical treatment	2025	January	Monday	15	Angle	Multi-Vehicle	153.094128009517	-27.606302452978	Beenleigh Rd	Besline St	""	Kuraby	Brisbane City	Locally-controlled	Intersection - T-Junction	Give way sign	"60 km/h"	Sealed - Dry	Clear	Daylight	Straight	Level	408	Vehs Manoeuvring: Entering From Footway	"08: Vehicle Leaving Driveway"	""	0	0	1	0	1	0	0	0	0	0	0	2
386903	386904	Hospitalisation	2025	January	Tuesday	17	Hit object	Single Vehicle	152.949884036273	-27.5175784377996	Woonalee St	""	""	Kenmore	Brisbane City	Locally-controlled	No Roadway Feature	No traffic control	"0 - 50 km/h"	Sealed - Dry	Clear	Daylight	Straight	Crest	400	Vehs Manoeuvring: Other	"21: Other"	E	0	1	0	0	1	1	0	0	0	0	0	0
387287	387288	Hospitalisation	2025	January	Wednesday	18	Angle	Multi-Vehicle	152.934451026012	-27.6122364370025	Skepper St	""	""	Ellen Grove	Brisbane City	Locally-controlled	No Roadway Feature	No traffic control	"0 - 50 km/h"	Sealed - Dry	Clear	Daylight	Straight	Level	308	Vehs Same Direction: Right Turn S/Swipe	"06: Parallel Lanes Turning"	N	0	1	1	0	2	2	0	0	0	0	0	0
387296	387297	Minor injury	2025	January	Wednesday	0	Rear-end	Multi-Vehicle	152.991541016153	-27.6414294429498	Logan Mwy	""	Logan Motorway (Gailes - Loganholme)	Heathwood	Brisbane City	State-controlled	No Roadway Feature	No traffic control	"100 - 110 km/h"	Sealed - Dry	Clear	Darkness - Lighted	Straight	Level	301	Vehs Same Direction: Rear End	"04: Rear-end"	E	0	0	0	1	1	1	0	0	0	0	0	1
387602	387603	Hospitalisation	2025	January	Monday	18	Rear-end	Multi-Vehicle	152.995352045277	-27.4073014414826	Everton Park Link Rd	Stafford Rd	East-West Arterial Road	Everton Park	Brisbane City	State-controlled	Intersection - T-Junction	Operating traffic lights	"60 km/h"	Sealed - Dry	Clear	Dawn/Dusk	Straight	Level	301	Vehs Same Direction: Rear End	"04: Rear-end"	E	0	1	0	0	1	1	1	0	0	0	0	0
387604	387605	Hospitalisation	2025	January	Friday	14	Hit object	Single Vehicle	152.922077038728	-27.5218534350517	Moggill Rd	""	Moggill Sub-Arterial Road	Pinjarra Hills	Brisbane City	State-controlled	No Roadway Feature	No traffic control	"70 km/h"	Sealed - Dry	Clear	Daylight	Curved - view open	Crest	803	Off Path-Curve: Off Cway Rt Bend Hit Obj	"19: Off Carriageway on Curve Hit Object"	S	0	1	0	0	1	1	0	0	0	0	0	0
387610	387611	Hospitalisation	2025	February	Monday	12	Rear-end	Multi-Vehicle	153.101163011451	-27.5850654535186	Logan Rd	""	Logan Sub-Arterial Road	Eight Mile Plains	Brisbane City	State-controlled	No Roadway Feature	No traffic control	"60 km/h"	Sealed - Dry	Clear	Daylight	Straight	Level	301	Vehs Same Direction: Rear End	"04: Rear-end"	E	0	1	1	0	2	3	0	0	0	0	0	0
387611	387612	Minor injury	2025	February	Tuesday	17	Fall from vehicle	Single Vehicle	153.136187022319	-27.4696334561352	Wynnum Rd	""	""	Tingalpa	Brisbane City	Locally-controlled	No Roadway Feature	No traffic control	"0 - 50 km/h"	Unsealed - Dry	Clear	Daylight	Straight	Level	400	Vehs Manoeuvring: Other	"21: Other"	""	0	0	0	2	2	1	0	0	0	0	0	1
387613	387614	Hospitalisation	2025	February	Thursday	11	Angle	Multi-Vehicle	153.033101040813	-27.4106664452968	Gympie Rd	Homebush Rd	Gympie Arterial Road	Kedron	Brisbane City	State-controlled	No Roadway Feature	No traffic control	"60 km/h"	Sealed - Wet	Raining	Daylight	Straight	Crest	309	Vehs Same Direction: Left Turn S/Swipe	"06: Parallel Lanes Turning"	N	0	1	0	0	1	2	0	0	0	0	0	0
387788	387789	Medical treatment	2025	February	Monday	13	Angle	Multi-Vehicle	153.110382029713	-27.4330684532457	Savage St	""	""	Pinkenba	Brisbane City	Locally-controlled	No Roadway Feature	No traffic control	"0 - 50 km/h"	Sealed - Dry	Clear	Daylight	Straight	Level	400	Vehs Manoeuvring: Other	"21: Other"	""	0	0	1	0	1	1	0	1	0	0	0	0
387981	387982	Minor injury	2025	February	Thursday	14	Sideswipe	Multi-Vehicle	153.058935047298	-27.3373314473115	Gateway Arterial Rd	""	Gateway Arterial Road (Gateway Motorway - North)	Boondall	Brisbane City	State-controlled	No Roadway Feature	No traffic control	"60 km/h"	Sealed - Dry	Clear	Daylight	Straight	Crest	307	Vehs Same Direction: Lane Change Left	"05: Lane Change"	N	0	0	0	1	1	1	1	0	0	0	0	0
387983	387984	Fatal	2025	February	Monday	15	Hit object	Single Vehicle	152.980672023332	-27.5939014414855	Durrang St	""	""	Durack	Brisbane City	Locally-controlled	No Roadway Feature	No traffic control	"60 km/h"	Sealed - Dry	Clear	Daylight	Curved - view obscured	Level	804	Off Path-Curve: Off Cway Lt Bend Hit Obj	"19: Off Carriageway on Curve Hit Object"	""	1	0	0	0	1	4	0	0	0	0	0	0
388217	388218	Minor injury	2025	May	Sunday	18	Rear-end	Multi-Vehicle	153.126459019824	-27.4975604553755	Belmont Rd	Gateway Art Rd Ramp Vf	Cleveland Sub-Arterial Road	Belmont	Brisbane City	State-controlled	Intersection - T-Junction	Give way sign	"60 km/h"	Sealed - Dry	Clear	Dawn/Dusk	Straight	Level	302	Vehs Same Direction: Left Rear	"04: Rear-end"	S	0	0	0	1	1	2	0	0	0	0	0	0
388223	388224	Hospitalisation	2025	May	Thursday	7	Hit pedestrian	Hit pedestrian	152.976947028459	-27.5564584408167	Oxley Station Rd	""	""	Oxley	Brisbane City	Locally-controlled	No Roadway Feature	No traffic control	"60 km/h"	Sealed - Dry	Clear	Daylight	Straight	Level	8	Pedn: On Ftway Hit By Vehicle On Ftway	"12: Pedestrian"	E	0	1	0	0	1	0	0	0	0	0	1	1
388228	388229	Hospitalisation	2025	May	Thursday	18	Hit object	Single Vehicle	153.011010055106	-27.3158884423292	Bald Hills Rd	""	""	Bald Hills	Brisbane City	Locally-controlled	Intersection - T-Junction	No traffic control	"60 km/h"	Sealed - Dry	Clear	Darkness - Lighted	Straight	Level	607	Vehs On Path: Temporary Object On Cway	"21: Other"	N	0	1	0	0	1	0	0	0	0	0	0	1
388231	388232	Minor injury	2025	May	Thursday	21	Angle	Multi-Vehicle	153.02937403401	-27.4677744453743	Creek St	Elizabeth St	""	Brisbane City	Brisbane City	Locally-controlled	Intersection - Cross	Operating traffic lights	"0 - 50 km/h"	Sealed - Dry	Clear	Darkness - Lighted	Straight	Level	308	Vehs Same Direction: Right Turn S/Swipe	"06: Parallel Lanes Turning"	W	0	0	0	1	1	1	1	0	0	0	0	0
388235	388236	Hospitalisation	2025	May	Sunday	0	Fall from vehicle	Single Vehicle	153.075709020103	-27.5384214505888	Mt Gravatt Outlook Dr	""	""	Mount Gravatt	Brisbane City	Locally-controlled	No Roadway Feature	No traffic control	"0 - 50 km/h"	Sealed - Dry	Clear	Darkness - Lighted	Curved - view open	Grade	805	Off Path-Curve: Out Of Control On Cway	"20: Out of Control on Curve"	S	0	1	0	0	1	0	1	0	0	0	0	0
388241	388242	Hospitalisation	2025	May	Sunday	10	Hit pedestrian	Hit pedestrian	153.033779039201	-27.4228774454615	Lowerson St	Lutwyche Rd	""	Lutwyche	Brisbane City	Locally-controlled	Intersection - T-Junction	No traffic control	"0 - 50 km/h"	Sealed - Dry	Clear	Daylight	Straight	Dip	1	Pedn: Near Side Vehicle Hit From Right	"12: Pedestrian"	S	0	1	0	0	1	1	0	0	0	0	1	0
388242	388243	Hospitalisation	2025	May	Sunday	10	Fall from vehicle	Single Vehicle	153.093099012012	-27.587496452726	Gaskell St	""	""	Eight Mile Plains	Brisbane City	Locally-controlled	No Roadway Feature	No traffic control	"60 km/h"	Sealed - Dry	Clear	Daylight	Straight	Crest	705	Off Path-Straight: Out Of Control On Cway	"17: Out of Control on Straight"	S	0	1	0	0	1	0	0	0	0	0	0	1
388247	388248	Hospitalisation	2025	May	Monday	5	Head-on	Multi-Vehicle	153.079276010809	-27.6087554515029	Persse Rd	Sue Ct	""	Runcorn	Brisbane City	Locally-controlled	Intersection - T-Junction	No traffic control	"60 km/h"	Sealed - Dry	Clear	Darkness - Lighted	Straight	Crest	201	Vehs Opposite Approach: Head On	"02: Head-on"	S	0	1	0	0	1	2	0	0	0	0	0	0
388250	388251	Hospitalisation	2025	May	Monday	8	Hit parked vehicle	Single Vehicle	153.034786052859	-27.3136134446975	Pelleas St	""	""	Bracken Ridge	Brisbane City	Locally-controlled	No Roadway Feature	No traffic control	"0 - 50 km/h"	Sealed - Dry	Clear	Daylight	Straight	Level	601	Vehs On Path: Parked	"10: Hit Parked Vehicle"	S	0	1	0	0	1	3	0	0	0	0	0	0
388251	388252	Medical treatment	2025	May	Monday	5	Rear-end	Multi-Vehicle	153.029403009845	-27.6589034468862	Johnson Rd	""	""	Parkinson	Brisbane City	Locally-controlled	No Roadway Feature	No traffic control	"70 km/h"	Unsealed - Dry	Clear	Darkness - Lighted	Straight	Level	303	Vehs Same Direction: Right Rear	"04: Rear-end"	E	0	0	1	0	1	2	0	0	0	0	0	0
388253	388254	Fatal	2025	May	Wednesday	12	Hit pedestrian	Hit pedestrian	153.036159029577	-27.4971204462876	O'Keefe St	""	""	Woolloongabba	Brisbane City	Locally-controlled	No Roadway Feature	No traffic control	"60 km/h"	Sealed - Dry	Clear	Daylight	Straight	Dip	1	Pedn: Near Side Vehicle Hit From Right	"12: Pedestrian"	W	1	0	1	0	2	1	0	0	0	0	1	0
388254	388255	Minor injury	2025	May	Monday	6	Angle	Multi-Vehicle	152.979482021174	-27.6120124415091	Crossacres St	Joseph Banks Ave	""	Doolandella	Brisbane City	Locally-controlled	Intersection - Roundabout	Give way sign	"60 km/h"	Sealed - Dry	Clear	Daylight	Straight	Level	104	Vehs Adjacent Approach: Thru-Right	"01: Intersection: Adjacent Approach"	W	0	0	0	1	1	1	0	1	0	0	0	0
388271	388272	Hospitalisation	2025	February	Monday	4	Sideswipe	Multi-Vehicle	152.943020024888	-27.6138084378722	Centenary Hwy	""	Centenary Motorway (Ellen Grove - Toowong)	Ellen Grove	Brisbane City	State-controlled	No Roadway Feature	No traffic control	"100 - 110 km/h"	Sealed - Wet	Clear	Darkness - Lighted	Straight	Level	307	Vehs Same Direction: Lane Change Left	"05: Lane Change"	S	0	1	0	0	1	1	0	1	0	0	0	0
388274	388275	Hospitalisation	2025	February	Monday	16	Hit pedestrian	Hit pedestrian	152.992695018162	-27.6245524429324	Cornwall St	Suffolk Pl	""	Pallara	Brisbane City	Locally-controlled	Intersection - T-Junction	No traffic control	"0 - 50 km/h"	Sealed - Dry	Clear	Daylight	Straight	Grade	906	Pass & Misc: Parked Car Ran Away	"21: Other"	""	0	1	0	0	1	1	0	0	0	0	1	0
388275	388276	Hospitalisation	2025	February	Monday	15	Hit pedestrian	Hit pedestrian	153.000160045277	-27.4032134419324	Bertram St	""	""	Stafford	Brisbane City	Locally-controlled	No Roadway Feature	No traffic control	"0 - 50 km/h"	Sealed - Dry	Clear	Daylight	Straight	Level	6	Pedn: Hit Facing Traffic	"12: Pedestrian"	W	0	1	0	0	1	1	0	0	0	0	1	0
388276	388277	Hospitalisation	2025	February	Monday	17	Angle	Multi-Vehicle	153.081076016806	-27.5598954512983	Kessels Rd	Logan Rd	Logan Sub-Arterial Road	Upper Mount Gravatt	Brisbane City	State-controlled	Intersection - Cross	Operating traffic lights	"60 km/h"	Sealed - Dry	Clear	Daylight	Straight	Level	101	Vehs Adjacent Approach: Thru-Thru	"01: Intersection: Adjacent Approach"	E	0	2	0	1	3	2	0	0	0	0	0	0
388280	388281	Minor injury	2025	February	Saturday	11	Hit object	Single Vehicle	152.959988028358	-27.5717574392388	Ipswich Mwy	""	Cunningham Arterial Road (Ipswich Motorway)	Darra	Brisbane City	State-controlled	No Roadway Feature	No traffic control	"80 - 90 km/h"	Sealed - Dry	Clear	Daylight	Straight	Level	708	Off Path-Straight: Mounts Traffic Island	"16: Off Carriageway on Straight Hit Object"	W	0	0	0	1	1	1	0	0	0	0	0	0
388284	388285	Medical treatment	2025	February	Sunday	11	Hit pedestrian	Hit pedestrian	153.011124045452	-27.3925064429473	Appleby Rd	""	""	Stafford Heights	Brisbane City	Locally-controlled	No Roadway Feature	No traffic control	"60 km/h"	Sealed - Dry	Clear	Daylight	Straight	Level	1	Pedn: Near Side Vehicle Hit From Right	"12: Pedestrian"	N	0	0	1	0	1	1	0	0	0	0	1	0
388286	388287	Minor injury	2025	February	Sunday	9	Hit object	Single Vehicle	152.956298032469	-27.5422994386368	Seventeen Mile Rocks Rd	""	""	Seventeen Mile Rocks	Brisbane City	Locally-controlled	No Roadway Feature	No traffic control	"60 km/h"	Sealed - Dry	Clear	Darkness - Lighted	Straight	Grade	703	Off Path-Straight: Left Off Cway Hit Obj	"16: Off Carriageway on Straight Hit Object"	S	0	0	0	1	1	1	0	0	0	0	0	0
388496	388497	Minor injury	2025	May	Sunday	8	Rear-end	Multi-Vehicle	153.063973017119	-27.5719724496736	Mains Rd	Mccullough St	""	Sunnybank	Brisbane City	Locally-controlled	Intersection - Cross	Operating traffic lights	"60 km/h"	Sealed - Dry	Clear	Daylight	Straight	Level	301	Vehs Same Direction: Rear End	"04: Rear-end"	N	0	0	0	1	1	3	0	0	0	0	0	0
388497	388498	Medical treatment	2025	May	Sunday	15	Rear-end	Multi-Vehicle	153.045228026277	-27.515526447344	Pacific Hwy	""	South-East Arterial Road (Pacific Motorway)	Greenslopes	Brisbane City	State-controlled	No Roadway Feature	No traffic control	"100 - 110 km/h"	Sealed - Dry	Clear	Daylight	Curved - view open	Level	301	Vehs Same Direction: Rear End	"04: Rear-end"	W	0	0	1	0	1	2	0	0	0	0	0	0
388500	388501	Minor injury	2025	February	Monday	4	Rear-end	Multi-Vehicle	152.980795037968	-27.4777334405804	Mt Coot-Tha Rd	Western Arterial Rd	Centenary Motorway (Ellen Grove - Toowong)	Mount Coot-tha	Brisbane City	State-controlled	Intersection - Roundabout	Give way sign	"60 km/h"	Sealed - Wet	Raining	Darkness - Lighted	Straight	Dip	301	Vehs Same Direction: Rear End	"04: Rear-end"	N	0	0	0	2	2	1	0	1	0	0	0	0
389236	389237	Medical treatment	2025	April	Wednesday	17	Angle	Multi-Vehicle	153.018511039823	-27.4309144439924	Olney St	""	""	Wilston	Brisbane City	Locally-controlled	No Roadway Feature	No traffic control	"0 - 50 km/h"	Sealed - Dry	Clear	Daylight	Curved - view open	Level	406	Vehs Manoeuvring: Leaving Driveway	"08: Vehicle Leaving Driveway"	W	0	0	1	0	1	2	0	0	0	0	0	0
389239	389240	Hospitalisation	2025	May	Friday	6	Hit object	Single Vehicle	152.958286028445	-27.5725224390745	Ipswich Mwy	""	Cunningham Arterial Road (Ipswich Motorway)	Darra	Brisbane City	State-controlled	No Roadway Feature	No traffic control	"80 - 90 km/h"	Sealed - Dry	Clear	Daylight	Straight	Level	703	Off Path-Straight: Left Off Cway Hit Obj	"16: Off Carriageway on Straight Hit Object"	W	0	1	0	0	1	1	0	0	0	0	0	0
389243	389244	Hospitalisation	2025	May	Friday	18	Rear-end	Multi-Vehicle	153.063008041244	-27.3818914480738	Sandgate Rd	Sandgate Sub-Arterial Rd	Sandgate Sub-Arterial Road	Virginia	Brisbane City	State-controlled	Intersection - Interchange	Give way sign	"60 km/h"	Sealed - Dry	Clear	Darkness - Lighted	Curved - view open	Level	301	Vehs Same Direction: Rear End	"04: Rear-end"	S	0	1	0	0	1	2	0	0	0	0	0	0
389244	389245	Minor injury	2025	May	Friday	11	Rear-end	Multi-Vehicle	153.044045034684	-27.4499674467069	Cunningham St	Skyring Tce	""	Newstead	Brisbane City	Locally-controlled	Intersection - T-Junction	No traffic control	"60 km/h"	Sealed - Dry	Clear	Daylight	Straight	Level	301	Vehs Same Direction: Rear End	"04: Rear-end"	E	0	0	0	1	1	2	0	0	0	0	0	0
389247	389248	Hospitalisation	2025	May	Friday	17	Sideswipe	Multi-Vehicle	152.963271424663	-27.5982460397766	Mira St	""	""	Inala	Brisbane City	Locally-controlled	No Roadway Feature	No traffic control	"0 - 50 km/h"	Sealed - Dry	Clear	Darkness - Lighted	Straight	Level	201	Vehs Opposite Approach: Head On	"02: Head-on"	N	0	1	0	0	1	2	0	0	0	0	0	0
389939	389940	Hospitalisation	2025	June	Friday	7	Hit parked vehicle	Single Vehicle	153.001776025837	-27.5560334433023	Grindle Rd	Permarig Pl	""	Rocklea	Brisbane City	Locally-controlled	Intersection - T-Junction	No traffic control	"0 - 50 km/h"	Sealed - Dry	Clear	Daylight	Straight	Level	601	Vehs On Path: Parked	"10: Hit Parked Vehicle"	W	0	1	0	0	1	1	1	0	0	0	0	0
390197	390198	Hospitalisation	2025	June	Sunday	23	Hit object	Single Vehicle	152.920304049974	-27.4338914341794	Mount Nebo Rd	""	""	Upper Kedron	Brisbane City	Locally-controlled	No Roadway Feature	No traffic control	"0 - 50 km/h"	Sealed - Dry	Clear	Darkness - Not lighted	Curved - view obscured	Crest	804	Off Path-Curve: Off Cway Lt Bend Hit Obj	"19: Off Carriageway on Curve Hit Object"	W	0	1	0	0	1	1	0	0	0	0	0	0
390202	390203	Medical treatment	2025	June	Tuesday	9	Rear-end	Multi-Vehicle	153.088139014893	-27.5689844520807	Pacific Hwy	""	South-East Arterial Road (Pacific Motorway)	Eight Mile Plains	Brisbane City	State-controlled	No Roadway Feature	No traffic control	"100 - 110 km/h"	Sealed - Dry	Clear	Daylight	Straight	Level	301	Vehs Same Direction: Rear End	"04: Rear-end"	W	0	0	1	0	1	3	0	0	0	0	0	0
390215	390216	Hospitalisation	2025	June	Tuesday	7	Angle	Multi-Vehicle	153.034774039504	-27.4196284455358	Felix St	Lutwyche Rd	""	Lutwyche	Brisbane City	Locally-controlled	Intersection - T-Junction	Give way sign	"60 km/h"	Sealed - Dry	Clear	Daylight	Straight	Level	107	Vehs Adjacent Approach: Thru-Left	"01: Intersection: Adjacent Approach"	S	0	1	0	0	1	1	1	0	0	0	0	0
390909	390910	Hospitalisation	2025	April	Wednesday	16	Angle	Multi-Vehicle	153.064397036695	-27.4167654484895	Junction Rd	Zillman Rd	""	Hendra	Brisbane City	Locally-controlled	Intersection - T-Junction	Stop sign	"60 km/h"	Sealed - Dry	Clear	Daylight	Straight	Level	107	Vehs Adjacent Approach: Thru-Left	"01: Intersection: Adjacent Approach"	N	0	1	0	0	1	2	0	0	0	0	0	0
390923	390924	Minor injury	2025	April	Thursday	10	Rear-end	Multi-Vehicle	153.018444747182	-27.5786586411532	Mortimer Rd	""	""	Acacia Ridge	Brisbane City	Locally-controlled	No Roadway Feature	No traffic control	"60 km/h"	Sealed - Wet	Raining	Daylight	Straight	Level	301	Vehs Same Direction: Rear End	"04: Rear-end"	E	0	0	0	2	2	3	0	0	0	0	0	0
390927	390928	Medical treatment	2025	April	Thursday	11	Rear-end	Multi-Vehicle	153.080989016867	-27.5594864512863	Logan Rd	""	Griffith Arterial Road	Upper Mount Gravatt	Brisbane City	State-controlled	No Roadway Feature	No traffic control	"60 km/h"	Sealed - Wet	Raining	Daylight	Straight	Level	301	Vehs Same Direction: Rear End	"04: Rear-end"	S	0	0	2	0	2	2	0	0	0	0	0	0
391260	391261	Hospitalisation	2025	May	Tuesday	23	Sideswipe	Multi-Vehicle	153.014007036908	-27.4578654437536	Kelvin Grove Rd	""	""	Kelvin Grove	Brisbane City	Locally-controlled	No Roadway Feature	No traffic control	"60 km/h"	Sealed - Dry	Clear	Darkness - Lighted	Straight	Level	308	Vehs Same Direction: Right Turn S/Swipe	"06: Parallel Lanes Turning"	""	0	1	0	0	1	1	1	0	0	0	0	0
394183	394184	Medical treatment	2025	June	Saturday	11	Angle	Multi-Vehicle	153.129253022283	-27.4757844554849	Belmont Rd	Palgrave St	""	Tingalpa	Brisbane City	Locally-controlled	Intersection - T-Junction	Give way sign	"60 km/h"	Sealed - Wet	Clear	Daylight	Straight	Level	202	Vehs Opposite Approach: Thru-Right	"03: Opposing Vehicles Turning"	S	0	0	1	0	1	2	0	0	0	0	0	0
394340	394341	Medical treatment	2025	June	Wednesday	6	Angle	Multi-Vehicle	153.055373028804	-27.4869044481371	Birubi St	Stanley St East	""	Coorparoo	Brisbane City	Locally-controlled	Intersection - T-Junction	No traffic control	"60 km/h"	Sealed - Dry	Clear	Dawn/Dusk	Straight	Level	306	Vehs Same Direction: Lane Change Right	"05: Lane Change"	S	0	0	1	0	1	1	0	1	0	0	0	0
394347	394348	Hospitalisation	2025	June	Sunday	21	Rear-end	Multi-Vehicle	153.004732018061	-27.6150584440646	Bill Watson Wy	Ritchie Rd	""	Pallara	Brisbane City	Locally-controlled	Intersection - T-Junction	No traffic control	"60 km/h"	Sealed - Wet	Raining	Darkness - Lighted	Straight	Level	303	Vehs Same Direction: Right Rear	"04: Rear-end"	""	0	2	0	0	2	3	0	0	0	0	0	0
394351	394352	Hospitalisation	2025	June	Monday	14	Rear-end	Multi-Vehicle	153.055791018154	-27.5707654488416	Mccullough St	Station Rd	""	Sunnybank	Brisbane City	Locally-controlled	Intersection - T-Junction	Operating traffic lights	"60 km/h"	Sealed - Wet	Clear	Daylight	Straight	Level	301	Vehs Same Direction: Rear End	"04: Rear-end"	W	0	1	0	1	2	2	0	0	0	0	0	0
394352	394353	Minor injury	2025	June	Tuesday	17	Rear-end	Multi-Vehicle	153.10109801543	-27.5537394532647	Mt Gravatt - Capalaba Rd	""	Redland Sub-Arterial Road	Wishart	Brisbane City	State-controlled	No Roadway Feature	No traffic control	"60 km/h"	Sealed - Dry	Clear	Darkness - Lighted	Straight	Grade	301	Vehs Same Direction: Rear End	"04: Rear-end"	N	0	0	0	1	1	2	0	0	0	0	0	0
394353	394354	Minor injury	2025	June	Monday	11	Rear-end	Multi-Vehicle	153.039125023184	-27.5451904469652	Toohey Rd	""	""	Salisbury	Brisbane City	Locally-controlled	No Roadway Feature	Give way sign	"60 km/h"	Sealed - Wet	Clear	Daylight	Straight	Level	301	Vehs Same Direction: Rear End	"04: Rear-end"	N	0	0	0	1	1	1	0	1	0	0	0	0
394354	394355	Medical treatment	2025	June	Saturday	9	Rear-end	Multi-Vehicle	153.062688183855	-27.3773244200055	Sandgate Rd	""	Sandgate Sub-Arterial Road	Virginia	Brisbane City	State-controlled	No Roadway Feature	No traffic control	"70 km/h"	Sealed - Dry	Clear	Daylight	Straight	Level	301	Vehs Same Direction: Rear End	"04: Rear-end"	N	0	0	1	0	1	3	0	0	0	0	0	0
394355	394356	Medical treatment	2025	June	Sunday	20	Rear-end	Multi-Vehicle	153.006394021589	-27.5857244439998	Bowhill Rd	Sherbrooke Rd	""	Willawong	Brisbane City	Locally-controlled	Intersection - T-Junction	Operating traffic lights	"60 km/h"	Sealed - Wet	Raining	Darkness - Lighted	Straight	Level	303	Vehs Same Direction: Right Rear	"04: Rear-end"	E	0	0	1	0	1	2	0	0	0	0	0	0
394361	394362	Medical treatment	2025	June	Thursday	20	Angle	Multi-Vehicle	153.048376018848	-27.571591448103	Boundary Rd	Mccullough St	""	Sunnybank	Brisbane City	Locally-controlled	Intersection - Cross	Operating traffic lights	"60 km/h"	Sealed - Dry	Clear	Darkness - Lighted	Straight	Grade	202	Vehs Opposite Approach: Thru-Right	"03: Opposing Vehicles Turning"	S	0	0	2	0	2	2	0	0	0	0	0	0
394857	394858	Medical treatment	2025	June	Monday	12	Hit object	Single Vehicle	153.106954021953	-27.4972794534083	Bedivere St	""	""	Carindale	Brisbane City	Locally-controlled	No Roadway Feature	No traffic control	"0 - 50 km/h"	Sealed - Wet	Raining	Daylight	Straight	Level	703	Off Path-Straight: Left Off Cway Hit Obj	"16: Off Carriageway on Straight Hit Object"	S	0	0	1	0	1	1	0	0	0	0	0	0
394858	394859	Hospitalisation	2025	June	Monday	12	Head-on	Multi-Vehicle	153.054026024965	-27.5184164482508	Birdwood Rd	""	""	Holland Park West	Brisbane City	Locally-controlled	No Roadway Feature	No traffic control	"0 - 50 km/h"	Sealed - Dry	Raining	Daylight	Straight	Level	201	Vehs Opposite Approach: Head On	"02: Head-on"	S	0	2	0	0	2	3	0	0	0	0	0	0
394860	394861	Hospitalisation	2025	June	Monday	14	Angle	Multi-Vehicle	153.101547030886	-27.4312764523419	Holt St	Lavarack Ave	""	Pinkenba	Brisbane City	Locally-controlled	Intersection - Roundabout	Give way sign	"60 km/h"	Sealed - Wet	Raining	Daylight	Straight	Level	107	Vehs Adjacent Approach: Thru-Left	"01: Intersection: Adjacent Approach"	W	0	1	0	0	1	1	1	0	0	0	0	0
394862	394863	Minor injury	2025	June	Sunday	20	Rear-end	Multi-Vehicle	153.030591033329	-27.472135445531	Alice St	Edward St	""	Brisbane City	Brisbane City	Locally-controlled	No Roadway Feature	Operating traffic lights	"0 - 50 km/h"	Sealed - Wet	Raining	Darkness - Lighted	Curved - view open	Level	301	Vehs Same Direction: Rear End	"04: Rear-end"	S	0	0	0	2	2	2	0	0	0	0	0	0
394863	394864	Minor injury	2025	June	Thursday	20	Rear-end	Multi-Vehicle	153.031390042623	-27.3977614450229	Boothby St	Gympie Rd	Gympie Arterial Road	Kedron	Brisbane City	State-controlled	Intersection - T-Junction	Operating traffic lights	"60 km/h"	Sealed - Dry	Clear	Darkness - Lighted	Straight	Level	301	Vehs Same Direction: Rear End	"04: Rear-end"	S	0	0	0	1	1	2	0	0	0	0	0	0
395214	395215	Hospitalisation	2025	January	Saturday	14	Angle	Multi-Vehicle	153.007147037943	-27.4554934430467	Balmain Tce	Musgrave Rd	""	Red Hill	Brisbane City	Locally-controlled	Intersection - T-Junction	Give way sign	"60 km/h"	Sealed - Dry	Clear	Daylight	Curved - view open	Level	104	Vehs Adjacent Approach: Thru-Right	"01: Intersection: Adjacent Approach"	W	0	1	0	0	1	1	1	0	0	0	0	0
395950	395951	Hospitalisation	2025	May	Friday	3	Hit object	Single Vehicle	153.047012025959	-27.5165224475311	Pacific Hwy	""	South-East Arterial Road (Pacific Motorway)	Greenslopes	Brisbane City	State-controlled	No Roadway Feature	No traffic control	"100 - 110 km/h"	Sealed - Dry	Clear	Darkness - Lighted	Straight	Level	703	Off Path-Straight: Left Off Cway Hit Obj	"16: Off Carriageway on Straight Hit Object"	W	0	1	0	0	1	0	0	1	0	0	0	0
395951	395952	Medical treatment	2025	May	Saturday	17	Sideswipe	Multi-Vehicle	153.045973125185	-27.5156168194195	South East Arterial Rd	""	South-East Arterial Road (Pacific Motorway)	Greenslopes	Brisbane City	State-controlled	No Roadway Feature	No traffic control	"100 - 110 km/h"	Sealed - Wet	Clear	Darkness - Lighted	Straight	Level	306	Vehs Same Direction: Lane Change Right	"05: Lane Change"	S	0	0	1	0	1	3	0	0	0	0	0	0
395953	395954	Hospitalisation	2025	May	Friday	16	Rear-end	Multi-Vehicle	153.080436016367	-27.5638994512655	Pacific Hwy	""	South-East Arterial Road (Pacific Motorway)	Macgregor	Brisbane City	State-controlled	Intersection - Interchange	No traffic control	"100 - 110 km/h"	Sealed - Dry	Clear	Daylight	Straight	Grade	301	Vehs Same Direction: Rear End	"04: Rear-end"	E	0	1	0	0	1	2	0	0	0	0	0	0
396480	396481	Medical treatment	2025	May	Tuesday	11	Angle	Multi-Vehicle	153.186145018914	-27.4542804610553	Cambridge Pde	""	""	Manly	Brisbane City	Locally-controlled	No Roadway Feature	No traffic control	"0 - 50 km/h"	Sealed - Dry	Clear	Daylight	Straight	Grade	400	Vehs Manoeuvring: Other	"21: Other"	""	0	0	1	0	1	0	0	0	0	0	0	2
396532	396533	Medical treatment	2025	April	Sunday	4	Overturned	Single Vehicle	153.362121050304	-27.0598844757605	Invalid Street From Police	""	""	Moreton Island	Brisbane City	Locally-controlled	No Roadway Feature	No traffic control	"60 km/h"	Unsealed - Dry	Clear	Darkness - Not lighted	Curved - view open	Level	805	Off Path-Curve: Out Of Control On Cway	"20: Out of Control on Curve"	N	0	0	1	0	1	1	0	0	0	0	0	0
396534	396535	Minor injury	2025	June	Friday	21	Hit pedestrian	Hit pedestrian	153.012769034595	-27.4772624437828	Boundary St	Melbourne St	""	South Brisbane	Brisbane City	Locally-controlled	Intersection - Cross	Operating traffic lights	"0 - 50 km/h"	Sealed - Dry	Clear	Darkness - Lighted	Straight	Level	1	Pedn: Near Side Vehicle Hit From Right	"12: Pedestrian"	U	0	0	0	1	1	0	1	0	0	0	2	0
396538	396539	Minor injury	2025	January	Friday	13	Rear-end	Multi-Vehicle	153.030342031654	-27.4856144456125	Allen St	Stanley St	""	Woolloongabba	Brisbane City	Locally-controlled	Intersection - Cross	Operating traffic lights	"0 - 50 km/h"	Sealed - Dry	Clear	Daylight	Straight	Level	301	Vehs Same Direction: Rear End	"04: Rear-end"	U	0	0	0	1	1	2	0	0	0	0	0	0
396540	396541	Minor injury	2025	March	Wednesday	14	Rear-end	Multi-Vehicle	153.094955018766	-27.5326264524796	Wecker Rd	""	""	Mansfield	Brisbane City	Locally-controlled	No Roadway Feature	No traffic control	"60 km/h"	Sealed - Dry	Clear	Daylight	Straight	Level	301	Vehs Same Direction: Rear End	"04: Rear-end"	E	0	0	0	1	1	1	0	1	0	0	0	0
396617	396618	Hospitalisation	2025	June	Saturday	18	Angle	Multi-Vehicle	153.059292027415	-27.4945614485916	Cavendish Rd	Old Cleveland Rd	""	Coorparoo	Brisbane City	Locally-controlled	Intersection - Cross	Operating traffic lights	"0 - 50 km/h"	Sealed - Dry	Clear	Darkness - Lighted	Straight	Grade	202	Vehs Opposite Approach: Thru-Right	"03: Opposing Vehicles Turning"	W	0	1	0	0	1	2	0	0	0	0	0	0
397065	397066	Medical treatment	2025	February	Saturday	13	Angle	Multi-Vehicle	152.984612049098	-27.3860654402379	Beckett Rd	Old Northern Rd	""	Everton Park	Brisbane City	Locally-controlled	Intersection - Roundabout	Give way sign	"60 km/h"	Sealed - Dry	Clear	Daylight	Straight	Level	100	Vehs Adjacent Approach: Other	"01: Intersection: Adjacent Approach"	E	0	0	1	0	1	2	0	0	0	0	0	0
397090	397091	Medical treatment	2025	February	Friday	19	Fall from vehicle	Single Vehicle	153.040912037026	-27.4340634462664	Burrows St	""	""	Bowen Hills	Brisbane City	Locally-controlled	No Roadway Feature	No traffic control	"60 km/h"	Sealed - Dry	Clear	Darkness - Lighted	Straight	Dip	705	Off Path-Straight: Out Of Control On Cway	"17: Out of Control on Straight"	S	0	0	1	0	1	0	1	0	0	0	0	0
397091	397092	Medical treatment	2025	March	Saturday	21	Hit object	Single Vehicle	153.134616017961	-27.5053454562592	Old Cleveland Rd	""	Cleveland Sub-Arterial Road	Belmont	Brisbane City	State-controlled	No Roadway Feature	No traffic control	"80 - 90 km/h"	Sealed - Dry	Clear	Darkness - Lighted	Curved - view open	Level	803	Off Path-Curve: Off Cway Rt Bend Hit Obj	"19: Off Carriageway on Curve Hit Object"	W	0	0	1	0	1	1	0	0	0	0	0	0
397630	397631	Hospitalisation	2025	June	Monday	19	Hit object	Single Vehicle	153.079729032873	-27.4340294501679	Kingsford Smith Dr	Woonah Ave	""	Eagle Farm	Brisbane City	Locally-controlled	Intersection - Cross	Operating traffic lights	"60 km/h"	Sealed - Dry	Clear	Darkness - Lighted	Straight	Level	708	Off Path-Straight: Mounts Traffic Island	"16: Off Carriageway on Straight Hit Object"	W	0	1	0	0	1	1	0	0	0	0	0	0
397662	397663	Medical treatment	2025	June	Tuesday	8	Rear-end	Multi-Vehicle	153.013251036998	-27.4577974436772	Hale St	""	""	Red Hill	Brisbane City	Locally-controlled	No Roadway Feature	No traffic control	"60 km/h"	Sealed - Dry	Clear	Daylight	Curved - view open	Level	301	Vehs Same Direction: Rear End	"04: Rear-end"	S	0	0	1	0	1	1	0	0	0	0	0	1
397697	397698	Hospitalisation	2025	February	Thursday	14	Rear-end	Multi-Vehicle	153.038766999055	-27.5069477436272	South East Arterial Rd	""	South-East Arterial Road (Pacific Motorway)	Greenslopes	Brisbane City	State-controlled	No Roadway Feature	No traffic control	"80 - 90 km/h"	Sealed - Dry	Clear	Daylight	Curved - view open	Level	301	Vehs Same Direction: Rear End	"04: Rear-end"	S	0	1	0	0	1	1	1	0	0	0	0	0
397939	397940	Hospitalisation	2025	May	Saturday	1	Fall from vehicle	Single Vehicle	152.983016041341	-27.4490604405763	Glen Pde	Joffre St	""	Ashgrove	Brisbane City	Locally-controlled	Intersection - T-Junction	No traffic control	"0 - 50 km/h"	Sealed - Dry	Clear	Darkness - Lighted	Curved - view open	Level	803	Off Path-Curve: Off Cway Rt Bend Hit Obj	"19: Off Carriageway on Curve Hit Object"	W	0	1	0	0	1	0	1	0	0	0	0	0
398100	398101	Hospitalisation	2025	June	Saturday	9	Rear-end	Multi-Vehicle	153.096211026578	-27.4698494521098	Creek Rd	Wynnum Rd	""	Cannon Hill	Brisbane City	Locally-controlled	Intersection - T-Junction	No traffic control	"60 km/h"	Sealed - Dry	Clear	Daylight	Straight	Grade	302	Vehs Same Direction: Left Rear	"04: Rear-end"	W	0	1	0	0	1	2	0	0	0	0	0	0
398103	398104	Minor injury	2025	June	Friday	18	Rear-end	Multi-Vehicle	153.035896031192	-27.4845514461618	Main St	Vulture St	""	Woolloongabba	Brisbane City	Locally-controlled	Intersection - Cross	Operating traffic lights	"60 km/h"	Sealed - Dry	Clear	Darkness - Lighted	Straight	Grade	301	Vehs Same Direction: Rear End	"04: Rear-end"	N	0	0	0	1	1	2	0	0	0	0	0	0
398128	398129	Medical treatment	2025	June	Monday	21	Angle	Multi-Vehicle	152.98320402529	-27.5762244415997	Oakmont Ave	""	""	Oxley	Brisbane City	Locally-controlled	No Roadway Feature	No traffic control	"0 - 50 km/h"	Sealed - Dry	Clear	Darkness - Lighted	Curved - view open	Grade	406	Vehs Manoeuvring: Leaving Driveway	"08: Vehicle Leaving Driveway"	N	0	0	1	0	1	2	0	0	0	0	0	0
398129	398130	Medical treatment	2025	January	Thursday	9	Hit parked vehicle	Single Vehicle	153.026369027951	-27.5183214454721	Frederick St	""	""	Annerley	Brisbane City	Locally-controlled	No Roadway Feature	No traffic control	"0 - 50 km/h"	Sealed - Dry	Clear	Daylight	Straight	Level	604	Vehs On Path: Car Door	"10: Hit Parked Vehicle"	S	0	0	1	0	1	1	0	0	0	1	0	0
398130	398131	Medical treatment	2025	June	Monday	22	Angle	Multi-Vehicle	153.0830940115	-27.6000484518183	Beenleigh Rd	Warrigal Rd	""	Runcorn	Brisbane City	Locally-controlled	Intersection - T-Junction	Operating traffic lights	"70 km/h"	Sealed - Dry	Clear	Darkness - Lighted	Straight	Level	104	Vehs Adjacent Approach: Thru-Right	"01: Intersection: Adjacent Approach"	E	0	0	1	0	1	2	0	0	0	0	0	0
398152	398153	Minor injury	2025	May	Wednesday	13	Hit parked vehicle	Single Vehicle	153.059581033883	-27.4431234482139	Mcconnell St	""	""	Bulimba	Brisbane City	Locally-controlled	No Roadway Feature	No traffic control	"0 - 50 km/h"	Sealed - Dry	Clear	Daylight	Straight	Level	406	Vehs Manoeuvring: Leaving Driveway	"08: Vehicle Leaving Driveway"	S	0	0	0	1	1	2	0	0	0	0	0	0
398154	398155	Medical treatment	2025	May	Saturday	9	Fall from vehicle	Single Vehicle	153.086946015653	-27.5640034519213	Link St	Logan Rd	Logan Sub-Arterial Road	Upper Mount Gravatt	Brisbane City	State-controlled	Intersection - Cross	Operating traffic lights	"60 km/h"	Sealed - Wet	Raining	Daylight	Straight	Level	707	Off Path-Straight: Right Turn	"15: Off Carriageway on Straight"	W	0	0	1	0	1	0	1	0	0	0	0	0
398156	398157	Hospitalisation	2025	May	Saturday	15	Hit pedestrian	Hit pedestrian	153.035023039242	-27.4214934455755	Chalk St	""	""	Lutwyche	Brisbane City	Locally-controlled	No Roadway Feature	No traffic control	"0 - 50 km/h"	Sealed - Wet	Raining	Darkness - Not lighted	Straight	Dip	7	Pedn: Hit By Vehicle Enter/Leave Dway	"12: Pedestrian"	N	0	1	0	0	1	1	0	0	0	0	1	0
398159	398160	Hospitalisation	2025	May	Saturday	17	Rear-end	Multi-Vehicle	153.107115027245	-27.4553414530929	Gateway Arterial Rd	Lytton Rd	Port Of Brisbane Road	Murarrie	Brisbane City	State-controlled	Intersection - Interchange	Operating traffic lights	"60 km/h"	Sealed - Wet	Raining	Darkness - Lighted	Straight	Grade	303	Vehs Same Direction: Right Rear	"04: Rear-end"	S	0	2	1	0	3	3	0	0	0	0	0	0
398161	398162	Minor injury	2025	June	Sunday	19	Head-on	Multi-Vehicle	153.048286036996	-27.4280464469596	Christian St	Sandgate Rd	""	Ascot	Brisbane City	Locally-controlled	No Roadway Feature	No traffic control	"60 km/h"	Sealed - Dry	Clear	Darkness - Lighted	Straight	Level	202	Vehs Opposite Approach: Thru-Right	"03: Opposing Vehicles Turning"	S	0	0	0	1	1	1	1	0	0	0	0	0
398163	398164	Hospitalisation	2025	June	Monday	6	Angle	Multi-Vehicle	152.955036022197	-27.6248384391618	Roxwell St	Woogaroo St	""	Ellen Grove	Brisbane City	Locally-controlled	Intersection - Roundabout	Give way sign	"0 - 50 km/h"	Sealed - Dry	Clear	Dawn/Dusk	Straight	Level	101	Vehs Adjacent Approach: Thru-Thru	"01: Intersection: Adjacent Approach"	S	0	1	0	0	1	1	0	0	0	0	0	1
398164	398165	Hospitalisation	2025	June	Monday	9	Hit object	Single Vehicle	153.092334014147	-27.5713054525212	South East Arterial Rd	""	South-East Arterial Road (Pacific Motorway)	Eight Mile Plains	Brisbane City	State-controlled	Intersection - Interchange	No traffic control	"100 - 110 km/h"	Sealed - Dry	Clear	Daylight	Straight	Grade	704	Off Path-Straight: Right Off Cway Hit Obj	"16: Off Carriageway on Straight Hit Object"	W	0	1	0	0	1	1	0	0	0	0	0	0
398170	398171	Minor injury	2025	June	Sunday	18	Rear-end	Multi-Vehicle	153.098613008946	-27.6069834534349	Beenleigh Rd	Stiller Dr	""	Kuraby	Brisbane City	Locally-controlled	Intersection - Cross	Operating traffic lights	"60 km/h"	Sealed - Dry	Clear	Daylight	Straight	Level	301	Vehs Same Direction: Rear End	"04: Rear-end"	""	0	0	0	1	1	2	0	0	0	0	0	0
398179	398180	Minor injury	2025	February	Thursday	12	Angle	Multi-Vehicle	152.984906049092	-27.3858594402658	Beckett Rd	Old Northern Rd	Everton Park - Albany Creek Road	Mcdowall	Brisbane City	State-controlled	Intersection - Roundabout	Give way sign	"60 km/h"	Sealed - Dry	Clear	Daylight	Curved - view open	Level	308	Vehs Same Direction: Right Turn S/Swipe	"06: Parallel Lanes Turning"	S	0	0	0	1	1	1	1	0	0	0	0	0
398180	398181	Medical treatment	2025	February	Friday	16	Angle	Multi-Vehicle	152.938236038866	-27.50693443655	Brookfield Rd	""	Moggill Sub-Arterial Road	Kenmore	Brisbane City	State-controlled	No Roadway Feature	Stop sign	"60 km/h"	Sealed - Dry	Clear	Daylight	Straight	Grade	400	Vehs Manoeuvring: Other	"21: Other"	N	0	0	1	0	1	1	0	0	0	1	0	0
398181	398182	Hospitalisation	2025	February	Friday	19	Hit pedestrian	Hit pedestrian	153.035890030947	-27.4864954461766	Ipswich Rd	Stanley St	""	Woolloongabba	Brisbane City	Locally-controlled	Intersection - Cross	Pedestrian operated lights	"60 km/h"	Sealed - Dry	Clear	Darkness - Lighted	Straight	Level	3	Pedn: Far Side Vehicle Hit From Left	"12: Pedestrian"	N	0	1	0	0	1	1	0	0	0	0	1	0
398184	398185	Minor injury	2025	June	Monday	7	Rear-end	Multi-Vehicle	153.017256201402	-27.363875043336	Gympie Rd	Robinson Rd W	Gympie Arterial Road	Aspley	Brisbane City	State-controlled	Intersection - Cross	Operating traffic lights	"60 km/h"	Sealed - Dry	Clear	Daylight	Straight	Level	301	Vehs Same Direction: Rear End	"04: Rear-end"	U	0	0	0	1	1	1	0	1	0	0	0	0
398189	398190	Hospitalisation	2025	February	Saturday	20	Hit parked vehicle	Single Vehicle	153.104543013464	-27.566322453711	Blue Grass Cr	""	""	Eight Mile Plains	Brisbane City	Locally-controlled	No Roadway Feature	No traffic control	"0 - 50 km/h"	Sealed - Dry	Clear	Darkness - Lighted	Curved - view obscured	Grade	601	Vehs On Path: Parked	"10: Hit Parked Vehicle"	E	0	1	0	1	2	3	0	0	0	0	0	0
398253	398254	Medical treatment	2025	January	Saturday	10	Hit pedestrian	Hit pedestrian	153.034708030055	-27.4945644461217	Ipswich Rd	Reis St	""	Woolloongabba	Brisbane City	Locally-controlled	Intersection - T-Junction	Stop sign	"0 - 50 km/h"	Sealed - Dry	Clear	Daylight	Straight	Level	1	Pedn: Near Side Vehicle Hit From Right	"12: Pedestrian"	W	0	0	1	0	1	1	0	0	0	0	1	0
398257	398258	Medical treatment	2025	January	Saturday	21	Rear-end	Multi-Vehicle	153.022077034584	-27.4694244446549	Ann St	George St	South-East Arterial Road (Pacific Motorway)	Brisbane City	Brisbane City	State-controlled	Intersection - Cross	Operating traffic lights	"0 - 50 km/h"	Sealed - Wet	Raining	Darkness - Lighted	Straight	Grade	301	Vehs Same Direction: Rear End	"04: Rear-end"	S	0	0	1	0	1	2	0	0	0	0	0	0
398260	398261	Medical treatment	2025	January	Saturday	23	Hit object	Single Vehicle	153.051548121043	-27.583151269513	Beenleigh Rd	""	""	Sunnybank	Brisbane City	Locally-controlled	No Roadway Feature	No traffic control	"60 km/h"	Sealed - Wet	Raining	Darkness - Lighted	Straight	Level	700	Off Path-Straight: Other	"21: Other"	W	0	0	1	0	1	1	0	0	0	0	0	0
398262	398263	Hospitalisation	2025	January	Sunday	0	Hit object	Single Vehicle	153.081377317625	-27.5531679222755	Dawson Rd	""	""	Upper Mount Gravatt	Brisbane City	Locally-controlled	No Roadway Feature	No traffic control	"0 - 50 km/h"	Sealed - Dry	Clear	Daylight	Straight	Level	703	Off Path-Straight: Left Off Cway Hit Obj	"16: Off Carriageway on Straight Hit Object"	W	0	1	0	0	1	1	0	0	0	0	0	0
398263	398264	Minor injury	2025	January	Saturday	17	Rear-end	Multi-Vehicle	152.993213035594	-27.4859914418904	Benson St	High St	""	Toowong	Brisbane City	Locally-controlled	Intersection - T-Junction	Operating traffic lights	"60 km/h"	Sealed - Dry	Clear	Daylight	Straight	Level	303	Vehs Same Direction: Right Rear	"04: Rear-end"	S	0	0	0	1	1	2	0	0	0	0	0	0
398264	398265	Hospitalisation	2025	January	Sunday	17	Hit object	Single Vehicle	153.142825023443	-27.45515345669	Kianawah Rd	""	""	Wynnum West	Brisbane City	Locally-controlled	No Roadway Feature	No traffic control	"60 km/h"	Sealed - Dry	Clear	Daylight	Straight	Level	704	Off Path-Straight: Right Off Cway Hit Obj	"16: Off Carriageway on Straight Hit Object"	S	0	1	0	0	1	1	0	0	0	0	0	0
398316	398317	Medical treatment	2025	January	Sunday	9	Angle	Multi-Vehicle	153.067863014148	-27.5921174502237	Beenleigh Rd	Penarth St	""	Runcorn	Brisbane City	Locally-controlled	Intersection - Cross	Operating traffic lights	"70 km/h"	Sealed - Dry	Clear	Daylight	Straight	Level	202	Vehs Opposite Approach: Thru-Right	"03: Opposing Vehicles Turning"	W	0	0	1	0	1	2	0	0	0	0	0	0
398356	398357	Minor injury	2025	June	Friday	7	Hit object	Single Vehicle	152.926062030014	-27.5876704359697	Invalid Street From Police	""	""	Wacol	Brisbane City	Locally-controlled	Intersection - Interchange	No traffic control	"0 - 50 km/h"	Sealed - Dry	Clear	Daylight	Curved - view open	Grade	201	Vehs Opposite Approach: Head On	"02: Head-on"	E	0	0	0	1	1	2	0	0	0	0	0	0
398358	398359	Hospitalisation	2025	June	Friday	16	Rear-end	Multi-Vehicle	153.040176030654	-27.4851704465966	Vulture St	Wellington Rd	""	East Brisbane	Brisbane City	Locally-controlled	Intersection - Cross	Operating traffic lights	"60 km/h"	Sealed - Dry	Clear	Dawn/Dusk	Straight	Level	301	Vehs Same Direction: Rear End	"04: Rear-end"	N	0	1	0	0	1	3	0	0	0	0	0	0
398359	398360	Minor injury	2025	June	Saturday	7	Hit pedestrian	Hit pedestrian	153.008830033782	-27.487059443465	Dornoch Tce	""	""	West End	Brisbane City	Locally-controlled	No Roadway Feature	No traffic control	"0 - 50 km/h"	Sealed - Dry	Clear	Daylight	Straight	Level	4	Pedn: Play; Work; Stand; Lie On Cway	"12: Pedestrian"	W	0	0	0	1	1	1	0	0	0	0	1	0
398407	398408	Minor injury	2025	April	Friday	22	Hit parked vehicle	Single Vehicle	153.030591033329	-27.472135445531	Alice St	Edward St	""	Brisbane City	Brisbane City	Locally-controlled	No Roadway Feature	No traffic control	"0 - 50 km/h"	Sealed - Dry	Clear	Darkness - Lighted	Straight	Level	601	Vehs On Path: Parked	"10: Hit Parked Vehicle"	S	0	0	0	1	1	3	0	0	0	0	0	0
398414	398415	Minor injury	2025	May	Thursday	3	Angle	Multi-Vehicle	153.054485017327	-27.5784104487707	Station Rd	""	""	Sunnybank	Brisbane City	Locally-controlled	No Roadway Feature	No traffic control	"0 - 50 km/h"	Sealed - Dry	Clear	Darkness - Lighted	Straight	Level	406	Vehs Manoeuvring: Leaving Driveway	"08: Vehicle Leaving Driveway"	N	0	0	0	1	1	2	0	0	0	0	0	0
398416	398417	Hospitalisation	2025	April	Sunday	12	Angle	Multi-Vehicle	153.07660601152	-27.605418451208	Nemies Rd	""	""	Runcorn	Brisbane City	Locally-controlled	No Roadway Feature	No traffic control	"60 km/h"	Sealed - Dry	Clear	Daylight	Straight	Level	406	Vehs Manoeuvring: Leaving Driveway	"08: Vehicle Leaving Driveway"	W	0	1	0	1	2	3	0	0	0	0	0	0
398425	398426	Medical treatment	2025	May	Monday	9	Rear-end	Multi-Vehicle	153.044616052589	-27.3074374456358	Deagon Deviation	""	Redcliffe Sub-Arterial Road	Bracken Ridge	Brisbane City	State-controlled	No Roadway Feature	No traffic control	"80 - 90 km/h"	Sealed - Dry	Clear	Daylight	Straight	Level	301	Vehs Same Direction: Rear End	"04: Rear-end"	W	0	0	1	0	1	2	0	0	0	0	0	0
398426	398427	Hospitalisation	2025	May	Monday	13	Head-on	Multi-Vehicle	153.053245024071	-27.5261534482334	Marshall Rd	""	""	Tarragindi	Brisbane City	Locally-controlled	No Roadway Feature	No traffic control	"60 km/h"	Sealed - Dry	Clear	Daylight	Curved - view open	Dip	201	Vehs Opposite Approach: Head On	"02: Head-on"	W	0	1	1	0	2	2	0	0	0	0	0	0
398430	398431	Hospitalisation	2025	May	Tuesday	16	Angle	Multi-Vehicle	152.992889043555	-27.4230734413604	Bond St	Samford Rd	""	Enoggera	Brisbane City	Locally-controlled	Intersection - Cross	Give way sign	"60 km/h"	Sealed - Dry	Clear	Daylight	Straight	Level	101	Vehs Adjacent Approach: Thru-Thru	"01: Intersection: Adjacent Approach"	N	0	1	0	0	1	1	1	0	0	0	0	0
398432	398433	Hospitalisation	2025	May	Tuesday	18	Hit parked vehicle	Single Vehicle	153.007697049655	-27.3620264423623	Albany Creek Rd	""	Albany Creek Sub-Arterial Road	Aspley	Brisbane City	State-controlled	No Roadway Feature	No traffic control	"70 km/h"	Sealed - Dry	Clear	Darkness - Lighted	Straight	Level	601	Vehs On Path: Parked	"10: Hit Parked Vehicle"	E	0	1	0	0	1	2	0	0	0	0	0	0
398433	398434	Minor injury	2025	May	Saturday	7	Rear-end	Multi-Vehicle	153.053064008638	-27.6482284491787	Logan Mwy	""	Logan Motorway (Gailes - Loganholme)	Drewvale	Brisbane City	State-controlled	No Roadway Feature	No traffic control	"100 - 110 km/h"	Sealed - Dry	Clear	Daylight	Straight	Level	301	Vehs Same Direction: Rear End	"04: Rear-end"	W	0	0	0	1	1	1	0	1	0	0	0	0
398435	398436	Medical treatment	2025	May	Monday	12	Angle	Multi-Vehicle	152.955044022196	-27.6248384391626	Roxwell St	Woogaroo St	""	Ellen Grove	Brisbane City	Locally-controlled	Intersection - Roundabout	Give way sign	"0 - 50 km/h"	Sealed - Dry	Clear	Daylight	Straight	Level	101	Vehs Adjacent Approach: Thru-Thru	"01: Intersection: Adjacent Approach"	N	0	0	2	0	2	2	0	0	0	0	0	0
398438	398439	Minor injury	2025	May	Tuesday	16	Rear-end	Multi-Vehicle	153.021622034454	-27.4708424446204	Pacific Hwy	""	South-East Arterial Road (Pacific Motorway)	Brisbane City	Brisbane City	State-controlled	Intersection - Interchange	No traffic control	"60 km/h"	Sealed - Dry	Clear	Daylight	Curved - view open	Level	301	Vehs Same Direction: Rear End	"04: Rear-end"	S	0	0	0	1	1	2	0	0	0	0	0	0
398440	398441	Minor injury	2025	February	Wednesday	15	Hit pedestrian	Hit pedestrian	152.993548035273	-27.4882544419419	Brisbane St	Glen Rd	""	Toowong	Brisbane City	Locally-controlled	No Roadway Feature	Operating traffic lights	"60 km/h"	Sealed - Dry	Clear	Daylight	Curved - view open	Level	1	Pedn: Near Side Vehicle Hit From Right	"12: Pedestrian"	E	0	0	0	1	1	1	0	0	0	0	1	0
398549	398550	Minor injury	2025	February	Sunday	12	Angle	Multi-Vehicle	152.979726032543	-27.5216954408207	Graceville Ave	Oxley Rd	""	Graceville	Brisbane City	Locally-controlled	Intersection - T-Junction	Operating traffic lights	"60 km/h"	Sealed - Dry	Clear	Daylight	Straight	Level	104	Vehs Adjacent Approach: Thru-Right	"01: Intersection: Adjacent Approach"	S	0	0	0	2	2	2	0	0	0	0	0	0
398558	398559	Hospitalisation	2025	February	Friday	8	Rear-end	Multi-Vehicle	153.171530011386	-27.5259114601458	Mt Gravatt - Capalaba Rd	""	""	Chandler	Brisbane City	Locally-controlled	No Roadway Feature	No traffic control	"80 - 90 km/h"	Sealed - Dry	Clear	Daylight	Straight	Grade	303	Vehs Same Direction: Right Rear	"04: Rear-end"	S	0	1	0	1	2	2	0	0	0	0	0	0
398564	398565	Hospitalisation	2025	March	Saturday	20	Angle	Multi-Vehicle	153.062821017264	-27.5718054495565	Mccullough St	""	""	Sunnybank	Brisbane City	Locally-controlled	No Roadway Feature	No traffic control	"60 km/h"	Sealed - Dry	Clear	Darkness - Lighted	Straight	Level	400	Vehs Manoeuvring: Other	"21: Other"	""	0	1	0	0	1	1	0	0	0	1	0	0
398717	398718	Hospitalisation	2025	January	Sunday	18	Angle	Multi-Vehicle	153.03580803162	-27.4812394461268	Baines St	Main St	""	Kangaroo Point	Brisbane City	Locally-controlled	Intersection - T-Junction	Operating traffic lights	"60 km/h"	Sealed - Dry	Clear	Dawn/Dusk	Straight	Level	104	Vehs Adjacent Approach: Thru-Right	"01: Intersection: Adjacent Approach"	S	0	1	1	1	3	2	0	0	0	0	0	0
398721	398722	Hospitalisation	2025	January	Thursday	16	Hit pedestrian	Hit pedestrian	153.028246033681	-27.4713374452892	Mary St	""	""	Brisbane City	Brisbane City	Locally-controlled	No Roadway Feature	Pedestrian crossing sign	"0 - 50 km/h"	Sealed - Dry	Clear	Daylight	Straight	Level	3	Pedn: Far Side Vehicle Hit From Left	"12: Pedestrian"	S	0	1	0	0	1	1	0	0	0	0	1	0
398768	398769	Minor injury	2025	January	Thursday	17	Rear-end	Multi-Vehicle	153.100772011525	-27.5848184534773	Gateway Art Rd Off Ramp	Gateway Art Rd On Ramp	Gateway Extension Motorway (Drewvale - Eight Mile Plains)	Eight Mile Plains	Brisbane City	State-controlled	Intersection - Interchange	Give way sign	"60 km/h"	Sealed - Dry	Clear	Daylight	Curved - view open	Grade	302	Vehs Same Direction: Left Rear	"04: Rear-end"	S	0	0	0	1	1	2	0	0	0	0	0	0
411449	411450	Hospitalisation	2025	January	Monday	16	Angle	Multi-Vehicle	153.056364028775	-27.4862924482319	Stanley St East	Tiber St	""	Coorparoo	Brisbane City	Locally-controlled	Intersection - T-Junction	No traffic control	"60 km/h"	Sealed - Dry	Clear	Daylight	Curved - view open	Level	202	Vehs Opposite Approach: Thru-Right	"03: Opposing Vehicles Turning"	N	0	1	0	0	1	1	1	0	0	0	0	0
411474	411475	Hospitalisation	2025	January	Friday	2	Sideswipe	Multi-Vehicle	153.043809030835	-27.4806524469258	Latrobe St	""	""	East Brisbane	Brisbane City	Locally-controlled	No Roadway Feature	No traffic control	"60 km/h"	Sealed - Dry	Clear	Darkness - Lighted	Straight	Level	307	Vehs Same Direction: Lane Change Left	"05: Lane Change"	S	0	1	0	0	1	1	1	0	0	0	0	0
411522	411523	Medical treatment	2025	February	Tuesday	6	Sideswipe	Multi-Vehicle	153.045648014664	-27.6069794481082	Beaudesert Rd	""	Mount Lindesay Arterial Road	Calamvale	Brisbane City	State-controlled	No Roadway Feature	No traffic control	"70 km/h"	Sealed - Dry	Clear	Daylight	Straight	Level	307	Vehs Same Direction: Lane Change Left	"05: Lane Change"	N	0	0	1	0	1	0	1	0	0	0	0	1
411523	411524	Hospitalisation	2025	February	Friday	12	Rear-end	Multi-Vehicle	153.028966053797	-27.3110794440931	Bracken Ridge Rd	Norris Rd	""	Bracken Ridge	Brisbane City	Locally-controlled	Intersection - T-Junction	Operating traffic lights	"60 km/h"	Sealed - Dry	Clear	Daylight	Straight	Level	301	Vehs Same Direction: Rear End	"04: Rear-end"	E	0	1	0	0	1	1	1	0	0	0	0	0
411526	411527	Minor injury	2025	February	Friday	18	Rear-end	Multi-Vehicle	153.089804014741	-27.5687704522466	Holmead Rd	South East Arterial Rd	Logan Sub-Arterial Road	Eight Mile Plains	Brisbane City	State-controlled	Intersection - Interchange	No traffic control	"60 km/h"	Sealed - Dry	Clear	Daylight	Curved - view open	Level	301	Vehs Same Direction: Rear End	"04: Rear-end"	N	0	0	0	1	1	3	0	0	0	0	0	0
411530	411531	Hospitalisation	2025	January	Saturday	8	Angle	Multi-Vehicle	153.027832017785	-27.5975094462442	Learoyd Rd	Paradise Rd	""	Willawong	Brisbane City	Locally-controlled	Intersection - T-Junction	Operating traffic lights	"70 km/h"	Sealed - Dry	Clear	Daylight	Straight	Level	104	Vehs Adjacent Approach: Thru-Right	"01: Intersection: Adjacent Approach"	W	0	1	0	0	1	1	0	1	0	0	0	0
411539	411540	Medical treatment	2025	March	Thursday	19	Hit parked vehicle	Single Vehicle	152.999442042165	-27.4285354420607	Braeside Tce	""	""	Alderley	Brisbane City	Locally-controlled	No Roadway Feature	No traffic control	"0 - 50 km/h"	Sealed - Wet	Raining	Darkness - Not lighted	Curved - view obscured	Crest	601	Vehs On Path: Parked	"10: Hit Parked Vehicle"	N	0	0	1	0	1	3	0	0	0	0	0	0
411543	411544	Medical treatment	2025	March	Wednesday	16	Rear-end	Multi-Vehicle	152.986406049777	-27.379143440363	Hamilton Rd	Speilberg St	""	Mcdowall	Brisbane City	Locally-controlled	No Roadway Feature	No traffic control	"60 km/h"	Sealed - Dry	Clear	Daylight	Straight	Grade	301	Vehs Same Direction: Rear End	"04: Rear-end"	W	0	0	1	0	1	2	0	0	0	0	0	0
411549	411550	Hospitalisation	2025	March	Thursday	8	Rear-end	Multi-Vehicle	153.038717036283	-27.4418154461072	Inner City Bypass	""	""	Bowen Hills	Brisbane City	Locally-controlled	Intersection - Interchange	No traffic control	"70 km/h"	Sealed - Dry	Clear	Daylight	Straight	Level	301	Vehs Same Direction: Rear End	"04: Rear-end"	S	0	1	0	0	1	2	0	0	0	0	0	0
411562	411563	Medical treatment	2025	January	Friday	12	Rear-end	Multi-Vehicle	153.086216041981	-27.3564144502062	Gateway Arterial Rd	""	Gateway Arterial Road (Gateway Motorway - North)	Nudgee	Brisbane City	State-controlled	No Roadway Feature	No traffic control	"100 - 110 km/h"	Sealed - Dry	Clear	Daylight	Straight	Level	301	Vehs Same Direction: Rear End	"04: Rear-end"	N	0	0	1	0	1	1	0	1	0	0	0	0
411564	411565	Medical treatment	2025	April	Saturday	13	Rear-end	Multi-Vehicle	153.096437026605	-27.4694454521294	Creek Rd	Wynnum Rd	""	Murarrie	Brisbane City	Locally-controlled	Intersection - T-Junction	No traffic control	"60 km/h"	Sealed - Dry	Clear	Daylight	Straight	Level	302	Vehs Same Direction: Left Rear	"04: Rear-end"	W	0	0	1	1	2	2	0	0	0	0	0	0
411570	411571	Minor injury	2025	January	Saturday	11	Angle	Multi-Vehicle	153.009416045181	-27.3961134428045	Farrant St	Giles St	""	Stafford Heights	Brisbane City	Locally-controlled	Intersection - T-Junction	Give way sign	"0 - 50 km/h"	Sealed - Dry	Clear	Daylight	Straight	Crest	105	Vehs Adjacent Approach: Right-Right	"01: Intersection: Adjacent Approach"	W	0	0	0	1	1	1	1	0	0	0	0	0
411572	411573	Medical treatment	2025	January	Saturday	9	Rear-end	Multi-Vehicle	153.108050025109	-27.4714254533143	Wynnum Rd	""	""	Tingalpa	Brisbane City	Locally-controlled	No Roadway Feature	No traffic control	"70 km/h"	Sealed - Dry	Clear	Daylight	Straight	Level	400	Vehs Manoeuvring: Other	"21: Other"	""	0	0	1	0	1	0	0	0	0	2	0	0
411574	411575	Minor injury	2025	January	Saturday	12	Fall from vehicle	Single Vehicle	153.022478025655	-27.5398184452513	Currey Ave	Fegen Dr	""	Moorooka	Brisbane City	Locally-controlled	Intersection - T-Junction	No traffic control	"0 - 50 km/h"	Sealed - Dry	Clear	Daylight	Straight	Level	100	Vehs Adjacent Approach: Other	"01: Intersection: Adjacent Approach"	""	0	0	0	1	1	1	0	0	0	1	0	0
411575	411576	Hospitalisation	2025	January	Sunday	17	Angle	Multi-Vehicle	153.080621012199	-27.5966384515426	Hinton St	Lemon St	""	Runcorn	Brisbane City	Locally-controlled	Intersection - Cross	Give way sign	"0 - 50 km/h"	Sealed - Dry	Clear	Daylight	Straight	Level	101	Vehs Adjacent Approach: Thru-Thru	"01: Intersection: Adjacent Approach"	S	0	1	0	0	1	2	0	0	0	0	0	0
411578	411579	Hospitalisation	2025	January	Sunday	20	Hit pedestrian	Hit pedestrian	152.962861020403	-27.6323484400045	Hermitage Pl	""	""	Forest Lake	Brisbane City	Locally-controlled	No Roadway Feature	No traffic control	"0 - 50 km/h"	Sealed - Dry	Clear	Darkness - Lighted	Straight	Level	4	Pedn: Play; Work; Stand; Lie On Cway	"12: Pedestrian"	S	0	1	0	0	1	0	1	0	0	0	1	0
411581	411582	Hospitalisation	2025	January	Tuesday	0	Hit object	Single Vehicle	153.078065010401	-27.6130034514146	Compton Rd	Persse Rd	""	Runcorn	Brisbane City	Locally-controlled	Intersection - T-Junction	Give way sign	"60 km/h"	Sealed - Dry	Clear	Darkness - Lighted	Straight	Level	708	Off Path-Straight: Mounts Traffic Island	"16: Off Carriageway on Straight Hit Object"	E	0	1	0	0	1	1	0	0	0	0	0	0
411587	411588	Minor injury	2025	January	Wednesday	12	Angle	Multi-Vehicle	153.07973549207	-27.5510514510936	Hertford St	Logan Rd	""	Upper Mount Gravatt	Brisbane City	Locally-controlled	Intersection - T-Junction	No traffic control	"60 km/h"	Sealed - Dry	Clear	Daylight	Straight	Level	104	Vehs Adjacent Approach: Thru-Right	"01: Intersection: Adjacent Approach"	S	0	0	0	1	1	2	0	0	0	0	0	0
411589	411590	Minor injury	2025	January	Friday	16	Angle	Multi-Vehicle	152.941418034917	-27.5355864370946	Timbarra Cres	""	""	Jindalee	Brisbane City	Locally-controlled	No Roadway Feature	No traffic control	"0 - 50 km/h"	Sealed - Dry	Clear	Daylight	Straight	Level	406	Vehs Manoeuvring: Leaving Driveway	"08: Vehicle Leaving Driveway"	N	0	0	0	1	1	2	0	0	0	0	0	0
411590	411591	Minor injury	2025	January	Tuesday	13	Angle	Multi-Vehicle	153.01817904926	-27.3562784433684	Zillmere Rd	""	""	Aspley	Brisbane City	Locally-controlled	Intersection - T-Junction	Give way sign	"60 km/h"	Sealed - Dry	Clear	Daylight	Straight	Level	202	Vehs Opposite Approach: Thru-Right	"03: Opposing Vehicles Turning"	W	0	0	0	1	1	2	0	0	0	0	0	0
411629	411630	Minor injury	2025	February	Sunday	20	Angle	Multi-Vehicle	152.997204053082	-27.3436884411647	Beams Rd	Bridgeman Rd	""	Bridgeman Downs	Brisbane City	Locally-controlled	Intersection - Cross	Operating traffic lights	"60 km/h"	Sealed - Dry	Clear	Daylight	Straight	Level	102	Vehs Adjacent Approach: Right-Thru	"01: Intersection: Adjacent Approach"	W	0	0	0	1	1	2	0	0	0	0	0	0
411630	411631	Medical treatment	2025	March	Monday	11	Angle	Multi-Vehicle	153.07939401015	-27.613853451555	Compton Rd	""	Gateway Extension Motorway (Drewvale - Eight Mile Plains)	Stretton	Brisbane City	State-controlled	Intersection - Interchange	Operating traffic lights	"60 km/h"	Sealed - Dry	Clear	Daylight	Straight	Dip	202	Vehs Opposite Approach: Thru-Right	"03: Opposing Vehicles Turning"	E	0	0	1	0	1	2	0	0	0	0	0	0
411631	411632	Minor injury	2025	March	Thursday	8	Rear-end	Multi-Vehicle	153.010046052612	-27.336536442396	Gympie Arterial Rd	""	Gympie Arterial Road	Carseldine	Brisbane City	State-controlled	No Roadway Feature	No traffic control	"70 km/h"	Sealed - Dry	Clear	Daylight	Curved - view open	Level	301	Vehs Same Direction: Rear End	"04: Rear-end"	N	0	0	0	1	1	2	0	0	0	0	0	0
411636	411637	Medical treatment	2025	January	Saturday	20	Angle	Multi-Vehicle	153.029551034351	-27.4649214453695	Adelaide St	Wharf St	""	Brisbane City	Brisbane City	Locally-controlled	Intersection - 5+ way	Operating traffic lights	"0 - 50 km/h"	Sealed - Dry	Clear	Darkness - Lighted	Straight	Level	202	Vehs Opposite Approach: Thru-Right	"03: Opposing Vehicles Turning"	N	0	0	2	1	3	2	0	0	0	0	0	0
411743	411744	Hospitalisation	2025	March	Friday	15	Angle	Multi-Vehicle	153.015706041816	-27.4174834436047	Billabong St	Webster Rd	""	Stafford	Brisbane City	Locally-controlled	Intersection - Cross	Operating traffic lights	"60 km/h"	Sealed - Dry	Clear	Daylight	Straight	Grade	202	Vehs Opposite Approach: Thru-Right	"03: Opposing Vehicles Turning"	N	0	1	1	0	2	2	0	0	0	0	0	0
411729	411730	Hospitalisation	2025	March	Tuesday	16	Angle	Multi-Vehicle	153.163968008003	-27.5589434596434	Alperton Rd	Mt Cotton Rd	Redland Sub-Arterial Road	Burbank	Brisbane City	State-controlled	Intersection - T-Junction	No traffic control	"60 km/h"	Sealed - Dry	Clear	Daylight	Straight	Level	104	Vehs Adjacent Approach: Thru-Right	"01: Intersection: Adjacent Approach"	W	0	1	0	0	1	1	0	1	0	0	0	0
411734	411735	Hospitalisation	2025	March	Thursday	13	Angle	Multi-Vehicle	152.959466025872	-27.5919124393456	Archerfield Rd	Azalea St	""	Inala	Brisbane City	Locally-controlled	Intersection - Cross	Stop sign	"60 km/h"	Sealed - Dry	Clear	Daylight	Straight	Level	101	Vehs Adjacent Approach: Thru-Thru	"01: Intersection: Adjacent Approach"	""	0	1	0	0	1	3	0	0	0	0	0	0
411740	411741	Hospitalisation	2025	March	Thursday	22	Hit parked vehicle	Single Vehicle	153.023856026316	-27.5334114453391	Hansen St	""	""	Moorooka	Brisbane City	Locally-controlled	No Roadway Feature	No traffic control	"0 - 50 km/h"	Unsealed - Dry	Clear	Darkness - Not lighted	Curved - view open	Dip	601	Vehs On Path: Parked	"10: Hit Parked Vehicle"	W	0	1	0	0	1	3	0	0	0	0	0	0
411745	411746	Minor injury	2025	March	Thursday	11	Rear-end	Multi-Vehicle	153.163968008003	-27.5589434596434	Alperton Rd	Mt Cotton Rd	Redland Sub-Arterial Road	Burbank	Brisbane City	State-controlled	Intersection - T-Junction	Operating traffic lights	"70 km/h"	Sealed - Dry	Clear	Daylight	Straight	Level	303	Vehs Same Direction: Right Rear	"04: Rear-end"	E	0	0	0	1	1	1	0	1	0	0	0	0
411749	411750	Minor injury	2025	March	Thursday	15	Rear-end	Multi-Vehicle	153.102769011854	-27.5805214536445	Pacific Hwy	""	South-East Arterial Road (Pacific Motorway)	Rochedale	Brisbane City	State-controlled	No Roadway Feature	No traffic control	"100 - 110 km/h"	Sealed - Dry	Clear	Daylight	Straight	Level	301	Vehs Same Direction: Rear End	"04: Rear-end"	S	0	0	0	1	1	2	0	0	0	0	0	0
411765	411766	Hospitalisation	2025	January	Sunday	3	Hit parked vehicle	Single Vehicle	153.050683025169	-27.5196514479246	Esher St	""	""	Tarragindi	Brisbane City	Locally-controlled	No Roadway Feature	No traffic control	"60 km/h"	Sealed - Dry	Clear	Darkness - Lighted	Straight	Grade	601	Vehs On Path: Parked	"10: Hit Parked Vehicle"	W	0	1	0	0	1	2	0	0	0	0	0	0
411777	411778	Medical treatment	2025	January	Tuesday	17	Rear-end	Multi-Vehicle	153.128672019952	-27.4946714555757	Belmont Rd	Grassdale Rd	""	Belmont	Brisbane City	Locally-controlled	Intersection - T-Junction	Stop sign	"60 km/h"	Sealed - Dry	Clear	Daylight	Curved - view open	Level	303	Vehs Same Direction: Right Rear	"04: Rear-end"	W	0	0	1	0	1	2	0	0	0	0	0	0
411785	411786	Medical treatment	2025	January	Wednesday	18	Head-on	Multi-Vehicle	153.08129001678	-27.55991645132	Kessels Rd	Logan Rd	Redland Sub-Arterial Road	Upper Mount Gravatt	Brisbane City	State-controlled	Intersection - Cross	Operating traffic lights	"60 km/h"	Sealed - Dry	Clear	Daylight	Straight	Crest	101	Vehs Adjacent Approach: Thru-Thru	"01: Intersection: Adjacent Approach"	E	0	0	1	0	1	3	0	0	0	0	0	0
411787	411788	Medical treatment	2025	January	Wednesday	18	Angle	Multi-Vehicle	153.027076038073	-27.4375144449043	Cox Rd	Green Tce	""	Windsor	Brisbane City	Locally-controlled	Intersection - Cross	Operating traffic lights	"60 km/h"	Sealed - Dry	Clear	Dawn/Dusk	Straight	Grade	102	Vehs Adjacent Approach: Right-Thru	"01: Intersection: Adjacent Approach"	N	0	0	1	0	1	2	0	0	0	0	0	0
411794	411795	Hospitalisation	2025	January	Tuesday	21	Sideswipe	Multi-Vehicle	153.033385030736	-27.4902944459551	Clem 7	""	South-East Arterial Road (Pacific Motorway)	Woolloongabba	Brisbane City	State-controlled	Intersection - Interchange	No traffic control	"60 km/h"	Sealed - Dry	Clear	Darkness - Lighted	Curved - view obscured	Level	307	Vehs Same Direction: Lane Change Left	"05: Lane Change"	N	0	1	1	0	2	1	0	0	1	0	0	0
412026	412027	Hospitalisation	2025	February	Wednesday	10	Rear-end	Multi-Vehicle	153.011438260232	-27.4574792494928	Musgrave Rd	""	""	Red Hill	Brisbane City	Locally-controlled	No Roadway Feature	No traffic control	"60 km/h"	Sealed - Dry	Clear	Daylight	Curved - view open	Level	301	Vehs Same Direction: Rear End	"04: Rear-end"	E	0	1	0	0	1	1	1	0	0	0	0	0
412027	412028	Hospitalisation	2025	February	Wednesday	12	Rear-end	Multi-Vehicle	153.072241034382	-27.4284364493706	Hampden St	Nudgee Rd	""	Ascot	Brisbane City	Locally-controlled	Intersection - T-Junction	Operating traffic lights	"60 km/h"	Sealed - Wet	Clear	Daylight	Straight	Grade	301	Vehs Same Direction: Rear End	"04: Rear-end"	S	0	1	0	0	1	0	0	3	0	0	0	0
412031	412032	Hospitalisation	2025	February	Thursday	13	Angle	Multi-Vehicle	153.023306046525	-27.3736524440205	Gympie Rd	Webster Rd	Gympie Arterial Road	Aspley	Brisbane City	State-controlled	No Roadway Feature	Operating traffic lights	"60 km/h"	Sealed - Dry	Clear	Daylight	Straight	Level	202	Vehs Opposite Approach: Thru-Right	"03: Opposing Vehicles Turning"	S	0	4	0	0	4	2	0	0	0	0	0	0
412032	412033	Hospitalisation	2025	February	Friday	7	Rear-end	Multi-Vehicle	152.927895029939	-27.5866914361453	Cunningham Arterial Rd	""	Cunningham Arterial Road (Ipswich Motorway)	Wacol	Brisbane City	State-controlled	Intersection - Interchange	Operating traffic lights	"80 - 90 km/h"	Sealed - Dry	Clear	Daylight	Straight	Level	301	Vehs Same Direction: Rear End	"04: Rear-end"	N	0	1	0	0	1	1	0	1	0	0	0	0
412035	412036	Hospitalisation	2025	February	Friday	16	Rear-end	Multi-Vehicle	153.060364030074	-27.4726144485258	Wynnum Rd	""	""	Norman Park	Brisbane City	Locally-controlled	No Roadway Feature	No traffic control	"60 km/h"	Sealed - Dry	Clear	Daylight	Straight	Grade	301	Vehs Same Direction: Rear End	"04: Rear-end"	W	0	2	0	0	2	1	0	0	1	0	0	0
412039	412040	Medical treatment	2025	February	Saturday	14	Angle	Multi-Vehicle	153.063617031019	-27.4623704487718	Riding Rd	""	""	Balmoral	Brisbane City	Locally-controlled	No Roadway Feature	No traffic control	"0 - 50 km/h"	Sealed - Dry	Clear	Daylight	Straight	Level	408	Vehs Manoeuvring: Entering From Footway	"08: Vehicle Leaving Driveway"	""	0	0	1	0	1	3	0	0	0	0	0	0
412133	412134	Minor injury	2025	February	Saturday	11	Rear-end	Multi-Vehicle	153.039336016454	-27.598217447405	Beaudesert Rd	""	Mount Lindesay Arterial Road	Acacia Ridge	Brisbane City	State-controlled	No Roadway Feature	No traffic control	"70 km/h"	Sealed - Dry	Clear	Daylight	Straight	Grade	301	Vehs Same Direction: Rear End	"04: Rear-end"	E	0	0	0	1	1	1	0	0	0	0	0	1
412135	412136	Medical treatment	2025	February	Friday	16	Rear-end	Multi-Vehicle	153.037487028891	-27.5014164464549	Carl St	Cornwall St	""	Annerley	Brisbane City	Locally-controlled	Intersection - T-Junction	Give way sign	"60 km/h"	Sealed - Dry	Clear	Daylight	Straight	Level	301	Vehs Same Direction: Rear End	"04: Rear-end"	E	0	0	1	0	1	2	0	0	0	0	0	0
412136	412137	Medical treatment	2025	February	Wednesday	11	Rear-end	Multi-Vehicle	153.062890041252	-27.3819324480623	Sandgate Sub-Arterial Rd	""	Sandgate Sub-Arterial Road	Virginia	Brisbane City	State-controlled	No Roadway Feature	No traffic control	"60 km/h"	Sealed - Dry	Clear	Daylight	Straight	Level	301	Vehs Same Direction: Rear End	"04: Rear-end"	N	0	0	1	0	1	2	0	0	0	0	0	0
412152	412153	Hospitalisation	2025	June	Sunday	18	Hit object	Single Vehicle	153.026298032424	-27.4829564451855	Dock St	Vulture St	""	South Brisbane	Brisbane City	Locally-controlled	Intersection - 5+ way	Operating traffic lights	"60 km/h"	Sealed - Wet	Raining	Darkness - Lighted	Curved - view open	Level	708	Off Path-Straight: Mounts Traffic Island	"16: Off Carriageway on Straight Hit Object"	E	0	1	0	0	1	1	0	0	0	0	0	0
413898	413899	Minor injury	2025	February	Friday	7	Rear-end	Multi-Vehicle	153.038714027763	-27.5093014466404	Pacific Hwy	""	South-East Arterial Road (Pacific Motorway)	Greenslopes	Brisbane City	State-controlled	No Roadway Feature	No traffic control	"100 - 110 km/h"	Sealed - Dry	Clear	Daylight	Curved - view open	Level	301	Vehs Same Direction: Rear End	"04: Rear-end"	N	0	0	0	2	2	3	0	0	0	0	0	0
413910	413911	Minor injury	2025	February	Tuesday	17	Fall from vehicle	Single Vehicle	152.993893035446	-27.4865864419633	Archer St	Glen Rd	""	Toowong	Brisbane City	Locally-controlled	Intersection - T-Junction	Give way sign	"0 - 50 km/h"	Sealed - Dry	Clear	Daylight	Curved - view open	Level	807	Vehicle Right-Turning At I/S (Or Driveway)	"20: Out of Control on Curve"	N	0	0	0	1	1	1	0	0	0	1	0	0
413911	413912	Minor injury	2025	February	Monday	5	Rear-end	Multi-Vehicle	153.10655701222	-27.5744234539778	Gateway Arterial Rd	""	Gateway Motorway (Eight Mile Plains - Nudgee)	Rochedale	Brisbane City	State-controlled	No Roadway Feature	No traffic control	"100 - 110 km/h"	Sealed - Dry	Clear	Daylight	Straight	Level	301	Vehs Same Direction: Rear End	"04: Rear-end"	N	0	0	0	1	1	1	0	2	0	0	0	0
413913	413914	Medical treatment	2025	March	Sunday	21	Angle	Multi-Vehicle	153.041372031315	-27.4789194466673	Lytton Rd	Shafston Ave	""	East Brisbane	Brisbane City	Locally-controlled	Intersection - Cross	No traffic control	"60 km/h"	Sealed - Dry	Clear	Darkness - Lighted	Straight	Level	202	Vehs Opposite Approach: Thru-Right	"03: Opposing Vehicles Turning"	""	0	0	1	0	1	2	0	0	0	0	0	0
85036	85036	Hospitalisation	2025	April	Thursday	18	Rear-end	Multi-Vehicle	153.157627020694	-27.4643254582557	Randall Rd	Wondall Rd	""	Wynnum West	Brisbane City	Locally-controlled	Intersection - T-Junction	Operating traffic lights	"60 km/h"	Sealed - Wet	Raining	Darkness - Lighted	Curved - view open	Level	301	Vehs Same Direction: Rear End	"04: Rear-end"	S	0	1	0	0	1	2	0	0	0	0	0	0
93976	93976	Hospitalisation	2025	April	Friday	22	Angle	Multi-Vehicle	152.955044022196	-27.6248384391626	Roxwell St	Woogaroo St	""	Ellen Grove	Brisbane City	Locally-controlled	Intersection - Roundabout	Give way sign	"60 km/h"	Sealed - Dry	Clear	Darkness - Lighted	Straight	Level	101	Vehs Adjacent Approach: Thru-Thru	"01: Intersection: Adjacent Approach"	E	0	1	1	1	3	2	0	0	0	0	0	0
93994	93994	Medical treatment	2025	April	Saturday	5	Angle	Multi-Vehicle	153.104664010818	-27.587080453887	Logan Rd	""	Logan Sub-Arterial Road	Eight Mile Plains	Brisbane City	State-controlled	No Roadway Feature	No traffic control	"80 - 90 km/h"	Sealed - Wet	Clear	Darkness - Lighted	Curved - view open	Level	406	Vehs Manoeuvring: Leaving Driveway	"08: Vehicle Leaving Driveway"	S	0	0	1	0	1	2	0	0	0	0	0	0
94893	94893	Minor injury	2025	February	Wednesday	7	Angle	Multi-Vehicle	153.036157017105	-27.5957844470665	Beaudesert Rd	Bradman St	Mount Lindesay Arterial Road	Acacia Ridge	Brisbane City	State-controlled	Intersection - Cross	Operating traffic lights	"60 km/h"	Sealed - Dry	Clear	Daylight	Straight	Level	203	Vehs Opposite Approach: Right-Left	"03: Opposing Vehicles Turning"	S	0	0	0	2	2	2	0	1	0	0	0	0
94904	94904	Minor injury	2025	February	Thursday	8	Rear-end	Multi-Vehicle	152.985670047965	-27.3941734404081	Old Northern Rd	Russell St	Everton Park - Albany Creek Road	Everton Park	Brisbane City	State-controlled	No Roadway Feature	No traffic control	"60 km/h"	Sealed - Dry	Clear	Daylight	Straight	Crest	301	Vehs Same Direction: Rear End	"04: Rear-end"	E	0	0	0	1	1	2	0	0	0	0	0	0
94908	94908	Minor injury	2025	February	Thursday	7	Angle	Multi-Vehicle	153.063248012211	-27.6113424499114	Compton Rd	""	""	Stretton	Brisbane City	Locally-controlled	No Roadway Feature	No traffic control	"60 km/h"	Sealed - Dry	Clear	Daylight	Straight	Grade	306	Vehs Same Direction: Lane Change Right	"05: Lane Change"	S	0	0	0	1	1	2	0	0	0	0	0	0
94928	94928	Medical treatment	2025	March	Thursday	11	Sideswipe	Multi-Vehicle	153.030066053646	-27.3113504442057	Bracken Ridge Rd	""	""	Bracken Ridge	Brisbane City	Locally-controlled	No Roadway Feature	No traffic control	"60 km/h"	Sealed - Dry	Clear	Daylight	Straight	Level	408	Vehs Manoeuvring: Entering From Footway	"08: Vehicle Leaving Driveway"	""	0	0	1	0	1	1	0	0	1	0	0	0
94934	94934	Hospitalisation	2025	March	Friday	0	Hit object	Single Vehicle	152.927955038934	-27.5151904355869	Moggill Rd	""	Moggill Sub-Arterial Road	Kenmore	Brisbane City	State-controlled	No Roadway Feature	No traffic control	"60 km/h"	Sealed - Wet	Raining	Darkness - Lighted	Straight	Crest	703	Off Path-Straight: Left Off Cway Hit Obj	"16: Off Carriageway on Straight Hit Object"	S	0	1	0	0	1	1	0	0	0	0	0	0
94936	94936	Hospitalisation	2025	March	Friday	1	Hit object	Single Vehicle	153.047354037081	-27.4281614468668	Highlands St	Sandgate Rd	""	Albion	Brisbane City	Locally-controlled	Intersection - T-Junction	No traffic control	"60 km/h"	Sealed - Wet	Raining	Darkness - Lighted	Curved - view open	Level	803	Off Path-Curve: Off Cway Rt Bend Hit Obj	"19: Off Carriageway on Curve Hit Object"	W	0	1	0	0	1	1	0	0	0	0	0	0
94951	94951	Medical treatment	2025	March	Monday	11	Rear-end	Multi-Vehicle	153.074420433256	-27.5304053783959	Thelma St	""	""	Mount Gravatt East	Brisbane City	Locally-controlled	Intersection - T-Junction	No traffic control	"0 - 50 km/h"	Sealed - Dry	Clear	Daylight	Straight	Dip	303	Vehs Same Direction: Right Rear	"04: Rear-end"	W	0	0	5	0	5	3	0	0	0	0	0	0
94952	94952	Hospitalisation	2025	March	Monday	14	Angle	Multi-Vehicle	153.052387018589	-27.5702204484952	Mccullough St	Romulus St	""	Sunnybank	Brisbane City	Locally-controlled	Intersection - T-Junction	No traffic control	"60 km/h"	Sealed - Dry	Clear	Daylight	Straight	Dip	408	Vehs Manoeuvring: Entering From Footway	"08: Vehicle Leaving Driveway"	""	0	1	0	0	1	1	0	0	0	0	0	1
94953	94953	Medical treatment	2025	March	Monday	14	Angle	Multi-Vehicle	153.108904015144	-27.5493684540162	Greenidge St	Redpath St	Redland Sub-Arterial Road	Wishart	Brisbane City	State-controlled	Intersection - T-Junction	No traffic control	"0 - 50 km/h"	Sealed - Dry	Clear	Daylight	Straight	Level	104	Vehs Adjacent Approach: Thru-Right	"01: Intersection: Adjacent Approach"	N	0	0	1	0	1	2	0	0	0	0	0	0
94956	94956	Hospitalisation	2025	April	Tuesday	18	Angle	Multi-Vehicle	153.030516027894	-27.5152414458641	Chester Rd	Ipswich Rd	""	Annerley	Brisbane City	Locally-controlled	Intersection - Cross	Operating traffic lights	"0 - 50 km/h"	Sealed - Wet	Raining	Darkness - Lighted	Straight	Level	202	Vehs Opposite Approach: Thru-Right	"03: Opposing Vehicles Turning"	N	0	1	0	0	1	1	1	0	0	0	0	0
94963	94963	Medical treatment	2025	April	Wednesday	9	Rear-end	Multi-Vehicle	153.059516030902	-27.4667744483944	Billington St	Hawthorne Rd	""	Hawthorne	Brisbane City	Locally-controlled	Intersection - T-Junction	No traffic control	"60 km/h"	Sealed - Wet	Raining	Daylight	Straight	Grade	301	Vehs Same Direction: Rear End	"04: Rear-end"	N	0	0	2	0	2	3	0	0	0	0	0	0
94965	94965	Medical treatment	2025	March	Monday	8	Rear-end	Multi-Vehicle	153.0164770564	-27.3009624427594	Gympie Arterial Rd	""	Gympie Arterial Road	Bald Hills	Brisbane City	State-controlled	No Roadway Feature	No traffic control	"100 - 110 km/h"	Sealed - Dry	Clear	Daylight	Straight	Level	301	Vehs Same Direction: Rear End	"04: Rear-end"	S	0	0	2	0	2	2	0	0	0	0	0	0
94968	94968	Minor injury	2025	March	Monday	13	Rear-end	Multi-Vehicle	153.006797055411	-27.3170334419156	Strathpine Rd	""	Strathpine Sub-Arterial Road	Bald Hills	Brisbane City	State-controlled	No Roadway Feature	Operating traffic lights	"70 km/h"	Sealed - Dry	Clear	Daylight	Straight	Level	301	Vehs Same Direction: Rear End	"04: Rear-end"	N	0	0	0	1	1	3	0	0	0	0	0	0
94970	94970	Minor injury	2025	March	Monday	13	Head-on	Multi-Vehicle	152.959197028606	-27.5704664391494	Harcourt Rd	""	""	Darra	Brisbane City	Locally-controlled	No Roadway Feature	No traffic control	"0 - 50 km/h"	Sealed - Dry	Clear	Daylight	Curved - view open	Level	201	Vehs Opposite Approach: Head On	"02: Head-on"	N	0	0	0	1	1	2	0	0	0	0	0	0
94973	94973	Minor injury	2025	April	Wednesday	7	Rear-end	Multi-Vehicle	153.032651028395	-27.5094574460328	Annerley Rd	""	""	Annerley	Brisbane City	Locally-controlled	No Roadway Feature	No traffic control	"0 - 50 km/h"	Sealed - Dry	Clear	Daylight	Straight	Level	301	Vehs Same Direction: Rear End	"04: Rear-end"	""	0	0	0	1	1	1	0	1	0	0	0	0
95086	95086	Medical treatment	2025	March	Friday	7	Hit pedestrian	Hit pedestrian	153.024678035029	-27.4636884448706	Astor Tce	Upper Edward St	""	Spring Hill	Brisbane City	Locally-controlled	Intersection - T-Junction	Operating traffic lights	"0 - 50 km/h"	Sealed - Dry	Clear	Daylight	Straight	Level	3	Pedn: Far Side Vehicle Hit From Left	"12: Pedestrian"	U	0	0	1	0	1	0	1	0	0	0	1	0
95100	95100	Hospitalisation	2025	March	Monday	4	Angle	Multi-Vehicle	153.043221030549	-27.4834174468886	Elfin St	Mowbray Tce	""	East Brisbane	Brisbane City	Locally-controlled	Intersection - Cross	Operating traffic lights	"60 km/h"	Sealed - Wet	Raining	Darkness - Lighted	Straight	Level	101	Vehs Adjacent Approach: Thru-Thru	"01: Intersection: Adjacent Approach"	E	0	1	0	0	1	2	0	0	0	0	0	0
95101	95101	Medical treatment	2025	March	Monday	7	Angle	Multi-Vehicle	152.99402705196	-27.3553064409382	Albany Creek Rd	Beckett Rd	Albany Creek Sub-Arterial Road	Bridgeman Downs	Brisbane City	State-controlled	Intersection - Cross	Operating traffic lights	"60 km/h"	Sealed - Wet	Raining	Daylight	Straight	Level	107	Vehs Adjacent Approach: Thru-Left	"01: Intersection: Adjacent Approach"	W	0	0	1	0	1	1	1	0	0	0	0	0
95105	95105	Medical treatment	2025	March	Monday	10	Sideswipe	Multi-Vehicle	152.927716033875	-27.5555894358819	Horizon Dr	""	""	Middle Park	Brisbane City	Locally-controlled	No Roadway Feature	No traffic control	"60 km/h"	Sealed - Dry	Clear	Daylight	Straight	Crest	401	Vehs Manoeuvring: Leaving Parking	"08: Vehicle Leaving Driveway"	E	0	0	1	0	1	3	0	0	0	0	0	0
95112	95112	Hospitalisation	2025	March	Tuesday	7	Angle	Multi-Vehicle	153.073726035388	-27.4192134494469	Gerler Rd	Nudgee Rd	""	Hendra	Brisbane City	Locally-controlled	Intersection - T-Junction	Operating traffic lights	"60 km/h"	Sealed - Dry	Clear	Daylight	Straight	Level	202	Vehs Opposite Approach: Thru-Right	"03: Opposing Vehicles Turning"	S	0	1	0	0	1	3	0	0	0	0	0	0
95120	95120	Medical treatment	2025	March	Tuesday	7	Rear-end	Multi-Vehicle	153.029121031805	-27.4854554454887	Annerley Rd	Stanley St	""	Woolloongabba	Brisbane City	Locally-controlled	Intersection - T-Junction	Operating traffic lights	"60 km/h"	Sealed - Wet	Clear	Darkness - Lighted	Straight	Level	301	Vehs Same Direction: Rear End	"04: Rear-end"	E	0	0	1	0	1	3	0	0	0	0	0	0
95247	95247	Medical treatment	2025	January	Wednesday	0	Overturned	Single Vehicle	152.903185052113	-27.4314694324495	Mount Nebo Rd	""	""	Enoggera Reservoir	Brisbane City	Locally-controlled	No Roadway Feature	No traffic control	"70 km/h"	Sealed - Dry	Clear	Darkness - Not lighted	Curved - view open	Grade	803	Off Path-Curve: Off Cway Rt Bend Hit Obj	"19: Off Carriageway on Curve Hit Object"	E	0	0	1	0	1	1	0	0	0	0	0	0
95333	95333	Hospitalisation	2025	January	Thursday	7	Angle	Multi-Vehicle	153.059596045225	-27.3532174475038	Beams Rd	Jalomy St	Sandgate Sub-Arterial Road	Boondall	Brisbane City	State-controlled	Intersection - T-Junction	Give way sign	"60 km/h"	Sealed - Dry	Clear	Daylight	Straight	Grade	104	Vehs Adjacent Approach: Thru-Right	"01: Intersection: Adjacent Approach"	E	0	1	1	0	2	2	0	0	0	0	0	0
95334	95334	Hospitalisation	2025	January	Thursday	7	Angle	Multi-Vehicle	153.019396044585	-27.3923714437763	Ashworth St	Rode Rd	""	Chermside West	Brisbane City	Locally-controlled	Intersection - T-Junction	Give way sign	"60 km/h"	Sealed - Dry	Clear	Daylight	Straight	Grade	202	Vehs Opposite Approach: Thru-Right	"03: Opposing Vehicles Turning"	W	0	2	0	0	2	2	0	0	0	0	0	0
95338	95338	Medical treatment	2025	January	Tuesday	17	Rear-end	Multi-Vehicle	152.982533037733	-27.4781174407576	Dean St	Mt Coot-Tha Rd	Centenary Motorway (Ellen Grove - Toowong)	Toowong	Brisbane City	State-controlled	Intersection - T-Junction	Give way sign	"60 km/h"	Sealed - Dry	Clear	Daylight	Straight	Level	302	Vehs Same Direction: Left Rear	"04: Rear-end"	W	0	0	1	0	1	2	0	0	0	0	0	0
95342	95342	Medical treatment	2025	January	Wednesday	20	Rear-end	Multi-Vehicle	152.955044022196	-27.6248384391626	Roxwell St	Woogaroo St	""	Ellen Grove	Brisbane City	Locally-controlled	Intersection - Roundabout	Give way sign	"60 km/h"	Sealed - Dry	Clear	Darkness - Lighted	Straight	Level	301	Vehs Same Direction: Rear End	"04: Rear-end"	S	0	0	2	0	2	2	0	0	0	0	0	0
95351	95351	Medical treatment	2025	May	Friday	9	Sideswipe	Multi-Vehicle	152.944124026033	-27.6037814379035	Centenary Hwy	""	Centenary Motorway (Ellen Grove - Toowong)	Richlands	Brisbane City	State-controlled	No Roadway Feature	No traffic control	"100 - 110 km/h"	Sealed - Dry	Clear	Daylight	Straight	Level	307	Vehs Same Direction: Lane Change Left	"05: Lane Change"	N	0	0	1	0	1	1	0	1	0	0	0	0
95352	95352	Minor injury	2025	May	Friday	11	Sideswipe	Multi-Vehicle	153.041865035608	-27.4444934464446	Edmondstone Rd	Folkestone St	""	Bowen Hills	Brisbane City	Locally-controlled	Intersection - Roundabout	Give way sign	"60 km/h"	Sealed - Dry	Clear	Daylight	Curved - view open	Level	202	Vehs Opposite Approach: Thru-Right	"03: Opposing Vehicles Turning"	N	0	0	0	1	1	1	0	0	1	0	0	0
95355	95355	Hospitalisation	2025	May	Friday	14	Rear-end	Multi-Vehicle	153.068772036912	-27.4113414488864	East - West Arterial Rd	""	East-West Arterial Road	Hendra	Brisbane City	State-controlled	Merge Lane	No traffic control	"80 - 90 km/h"	Sealed - Dry	Clear	Daylight	Straight	Level	301	Vehs Same Direction: Rear End	"04: Rear-end"	S	0	1	0	0	1	4	0	0	0	0	0	0
95358	95358	Medical treatment	2025	May	Friday	15	Sideswipe	Multi-Vehicle	153.11656002459	-27.4683204541469	Gateway Arterial Rd	""	Gateway Motorway (Eight Mile Plains - Nudgee)	Tingalpa	Brisbane City	State-controlled	No Roadway Feature	No traffic control	"100 - 110 km/h"	Sealed - Dry	Clear	Daylight	Curved - view open	Level	307	Vehs Same Direction: Lane Change Left	"05: Lane Change"	N	0	0	1	0	1	2	0	1	0	0	0	0
95365	95365	Minor injury	2025	May	Saturday	13	Rear-end	Multi-Vehicle	152.963520036671	-27.5027724390478	Western Arterial Rd	Western Fwy Bikeway	Centenary Motorway (Ellen Grove - Toowong)	Indooroopilly	Brisbane City	State-controlled	Intersection - T-Junction	Give way sign	"60 km/h"	Sealed - Dry	Clear	Daylight	Curved - view open	Grade	302	Vehs Same Direction: Left Rear	"04: Rear-end"	S	0	0	0	1	1	2	0	0	0	0	0	0
95472	95472	Medical treatment	2025	May	Friday	16	Rear-end	Multi-Vehicle	153.038581027865	-27.5086064466216	Pacific Hwy	""	South-East Arterial Road (Pacific Motorway)	Greenslopes	Brisbane City	State-controlled	No Roadway Feature	No traffic control	"100 - 110 km/h"	Sealed - Wet	Clear	Daylight	Straight	Level	301	Vehs Same Direction: Rear End	"04: Rear-end"	N	0	0	2	0	2	2	0	0	0	0	0	0
95473	95473	Minor injury	2025	May	Sunday	0	Fall from vehicle	Single Vehicle	153.027931034658	-27.4638624451985	Turbot St	""	""	Spring Hill	Brisbane City	Locally-controlled	No Roadway Feature	No traffic control	"60 km/h"	Sealed - Dry	Clear	Daylight	Straight	Level	306	Vehs Same Direction: Lane Change Right	"05: Lane Change"	N	0	0	0	1	1	1	1	0	0	0	0	0
95476	95476	Medical treatment	2025	May	Thursday	18	Rear-end	Multi-Vehicle	153.003904722922	-27.3313272407388	Linkfield Rd	""	Linkfield Connection Road	Bald Hills	Brisbane City	State-controlled	Intersection - T-Junction	Operating traffic lights	"70 km/h"	Sealed - Dry	Clear	Daylight	Straight	Level	301	Vehs Same Direction: Rear End	"04: Rear-end"	W	0	0	3	0	3	3	0	0	0	0	0	0
95478	95478	Minor injury	2025	May	Thursday	18	Sideswipe	Multi-Vehicle	153.035628033869	-27.4635704459691	Story Bridge	""	""	Fortitude Valley	Brisbane City	Locally-controlled	Bridge/Causeway	No traffic control	"60 km/h"	Sealed - Dry	Clear	Darkness - Lighted	Straight	Level	307	Vehs Same Direction: Lane Change Left	"05: Lane Change"	N	0	0	0	1	1	2	0	0	0	0	0	0
95479	95479	Hospitalisation	2025	June	Thursday	21	Angle	Multi-Vehicle	153.048328012275	-27.6235604485083	Beaudesert Rd	Muirhead St	Mount Lindesay Arterial Road	Calamvale	Brisbane City	State-controlled	Intersection - Cross	Operating traffic lights	"70 km/h"	Sealed - Dry	Clear	Darkness - Lighted	Straight	Level	202	Vehs Opposite Approach: Thru-Right	"03: Opposing Vehicles Turning"	N	0	2	1	0	3	3	0	0	0	0	0	0
95487	95487	Medical treatment	2025	May	Thursday	16	Angle	Multi-Vehicle	153.014411041004	-27.4250304435345	Evelyn St	Grange Rd	""	Grange	Brisbane City	Locally-controlled	Intersection - Cross	No traffic control	"60 km/h"	Sealed - Dry	Clear	Dawn/Dusk	Straight	Level	202	Vehs Opposite Approach: Thru-Right	"03: Opposing Vehicles Turning"	N	0	0	1	0	1	2	0	0	0	0	0	0
95490	95490	Medical treatment	2025	May	Wednesday	8	Rear-end	Multi-Vehicle	153.039229014573	-27.6131684475122	Algester Rd	""	""	Algester	Brisbane City	Locally-controlled	No Roadway Feature	No traffic control	"60 km/h"	Sealed - Dry	Clear	Daylight	Straight	Level	301	Vehs Same Direction: Rear End	"04: Rear-end"	N	0	0	1	0	1	2	0	0	0	0	0	0
95491	95491	Medical treatment	2025	May	Wednesday	22	Angle	Multi-Vehicle	153.027447031215	-27.4915574453689	Annerley Rd	Park Rd	""	Woolloongabba	Brisbane City	Locally-controlled	Intersection - T-Junction	Operating traffic lights	"0 - 50 km/h"	Sealed - Dry	Clear	Darkness - Lighted	Straight	Level	202	Vehs Opposite Approach: Thru-Right	"03: Opposing Vehicles Turning"	N	0	0	1	0	1	2	0	0	0	0	0	0
95495	95495	Medical treatment	2025	January	Tuesday	8	Angle	Multi-Vehicle	153.073302038631	-27.3938874492038	Landy St	Toombul Rd	""	Northgate	Brisbane City	Locally-controlled	Intersection - T-Junction	Give way sign	"60 km/h"	Sealed - Dry	Clear	Daylight	Straight	Level	107	Vehs Adjacent Approach: Thru-Left	"01: Intersection: Adjacent Approach"	""	0	0	1	0	1	2	0	1	0	0	0	0
95499	95499	Medical treatment	2025	April	Wednesday	13	Hit parked vehicle	Single Vehicle	153.012912034328	-27.4792544438129	O'Connell St	Russell St	""	West End	Brisbane City	Locally-controlled	Intersection - T-Junction	No traffic control	"0 - 50 km/h"	Sealed - Wet	Raining	Daylight	Straight	Level	601	Vehs On Path: Parked	"10: Hit Parked Vehicle"	S	0	0	1	0	1	4	0	0	0	0	0	0
95500	95500	Medical treatment	2025	June	Saturday	11	Angle	Multi-Vehicle	152.9836099344	-27.5670834125683	Factory Rd	""	""	Oxley	Brisbane City	Locally-controlled	No Roadway Feature	Give way sign	"60 km/h"	Sealed - Dry	Clear	Daylight	Straight	Grade	406	Vehs Manoeuvring: Leaving Driveway	"08: Vehicle Leaving Driveway"	S	0	0	1	0	1	2	0	0	0	0	0	0
95504	95504	Medical treatment	2025	June	Friday	23	Hit object	Single Vehicle	153.060008028903	-27.4821834485657	Canara St	""	""	Norman Park	Brisbane City	Locally-controlled	No Roadway Feature	No traffic control	"60 km/h"	Sealed - Dry	Clear	Darkness - Lighted	Curved - view open	Level	808	Off Path-Curve: Mounts Traffic Island	"19: Off Carriageway on Curve Hit Object"	S	0	0	1	2	3	1	0	0	0	0	0	0
95505	95505	Hospitalisation	2025	June	Saturday	6	Fall from vehicle	Single Vehicle	153.052187049544	-27.3252094465373	Sandgate Sub-Arterial Rd	""	Gateway Arterial Road (Gateway Motorway - North)	Deagon	Brisbane City	State-controlled	Intersection - Interchange	No traffic control	"60 km/h"	Sealed - Dry	Clear	Daylight	Curved - view open	Level	805	Off Path-Curve: Out Of Control On Cway	"20: Out of Control on Curve"	E	0	1	0	0	1	0	1	0	0	0	0	0
96053	96053	Hospitalisation	2025	June	Saturday	21	Angle	Multi-Vehicle	152.980227026846	-27.5664414412242	Blunder Rd	Ipswich Mwy	""	Oxley	Brisbane City	Locally-controlled	Intersection - Roundabout	Give way sign	"60 km/h"	Sealed - Dry	Clear	Darkness - Lighted	Straight	Level	100	Vehs Adjacent Approach: Other	"01: Intersection: Adjacent Approach"	""	0	2	0	0	2	1	0	0	0	0	0	1
96056	96056	Hospitalisation	2025	June	Saturday	8	Rear-end	Multi-Vehicle	152.993548035273	-27.4882544419419	Brisbane St	Glen Rd	""	Toowong	Brisbane City	Locally-controlled	Intersection - T-Junction	Operating traffic lights	"60 km/h"	Sealed - Dry	Clear	Daylight	Straight	Level	301	Vehs Same Direction: Rear End	"04: Rear-end"	S	0	1	0	0	1	1	1	0	0	0	0	0
97668	97668	Hospitalisation	2025	June	Wednesday	5	Sideswipe	Multi-Vehicle	153.012262045477	-27.3913464430523	Cranbourne St	Rode Rd	""	Chermside West	Brisbane City	Locally-controlled	Intersection - Cross	No traffic control	"60 km/h"	Sealed - Dry	Clear	Darkness - Lighted	Straight	Crest	308	Vehs Same Direction: Right Turn S/Swipe	"06: Parallel Lanes Turning"	E	0	2	0	0	2	2	0	0	0	0	0	0
97772	97772	Hospitalisation	2025	March	Thursday	16	Rear-end	Multi-Vehicle	152.940766031713	-27.5615874372346	Centenary Hwy	""	Centenary Motorway (Ellen Grove - Toowong)	Darra	Brisbane City	State-controlled	No Roadway Feature	No traffic control	"100 - 110 km/h"	Sealed - Dry	Clear	Daylight	Straight	Dip	301	Vehs Same Direction: Rear End	"04: Rear-end"	S	0	1	0	0	1	1	1	0	0	0	0	0
97773	97773	Medical treatment	2025	March	Friday	9	Rear-end	Multi-Vehicle	152.948870049345	-27.4145264368836	Samford Rd	Settlement Rd	Samford Sub-Arterial Road	Keperra	Brisbane City	State-controlled	Intersection - T-Junction	Give way sign	"60 km/h"	Sealed - Dry	Clear	Daylight	Straight	Grade	302	Vehs Same Direction: Left Rear	"04: Rear-end"	N	0	0	1	0	1	2	0	0	0	0	0	0
97777	97777	Hospitalisation	2025	March	Wednesday	21	Sideswipe	Multi-Vehicle	153.04463302406	-27.5335694474267	Toohey Rd	""	""	Tarragindi	Brisbane City	Locally-controlled	No Roadway Feature	No traffic control	"60 km/h"	Sealed - Dry	Clear	Darkness - Lighted	Straight	Grade	305	Vehs Same Direction: Lane Side Swipe	"05: Lane Change"	N	0	1	0	0	1	1	1	0	0	0	0	0
97782	97782	Hospitalisation	2025	March	Thursday	14	Angle	Multi-Vehicle	152.989601044458	-27.4186994409962	Pickering St	Tunba St	""	Enoggera	Brisbane City	Locally-controlled	Intersection - T-Junction	No traffic control	"60 km/h"	Sealed - Dry	Clear	Daylight	Straight	Level	408	Vehs Manoeuvring: Entering From Footway	"08: Vehicle Leaving Driveway"	S	0	1	0	0	1	1	0	0	0	1	0	0
97788	97788	Hospitalisation	2025	March	Friday	15	Rear-end	Multi-Vehicle	153.028209032667	-27.4794014453493	South East Arterial Rd	""	South-East Arterial Road (Pacific Motorway)	Brisbane City	Brisbane City	State-controlled	Bridge/Causeway	No traffic control	"80 - 90 km/h"	Sealed - Dry	Clear	Daylight	Straight	Level	301	Vehs Same Direction: Rear End	"04: Rear-end"	S	0	1	0	1	2	3	0	0	0	0	0	0
97792	97792	Minor injury	2025	March	Saturday	20	Sideswipe	Multi-Vehicle	153.015412036088	-27.4631704439365	Countess St	""	""	Petrie Terrace	Brisbane City	Locally-controlled	No Roadway Feature	No traffic control	"60 km/h"	Sealed - Dry	Clear	Darkness - Lighted	Straight	Grade	305	Vehs Same Direction: Lane Side Swipe	"05: Lane Change"	S	0	0	0	1	1	2	0	0	0	0	0	0
97795	97795	Medical treatment	2025	March	Thursday	7	Rear-end	Multi-Vehicle	152.962795036992	-27.50084443896	Western Arterial Rd	""	Centenary Motorway (Ellen Grove - Toowong)	Indooroopilly	Brisbane City	State-controlled	No Roadway Feature	No traffic control	"80 - 90 km/h"	Sealed - Wet	Raining	Daylight	Curved - view open	Level	301	Vehs Same Direction: Rear End	"04: Rear-end"	S	0	0	1	2	3	4	0	0	0	0	0	0
97797	97797	Medical treatment	2025	March	Friday	12	Rear-end	Multi-Vehicle	153.027866018787	-27.5895574461849	Beaudesert Rd	Elizabeth St	Mount Lindesay Arterial Road	Acacia Ridge	Brisbane City	State-controlled	No Roadway Feature	Operating traffic lights	"70 km/h"	Sealed - Dry	Clear	Daylight	Straight	Level	301	Vehs Same Direction: Rear End	"04: Rear-end"	W	0	0	1	0	1	2	0	0	0	0	0	0
97826	97826	Medical treatment	2025	January	Friday	7	Hit parked vehicle	Single Vehicle	152.999360036334	-27.4748834424189	Lang Pde	""	""	Auchenflower	Brisbane City	Locally-controlled	No Roadway Feature	No traffic control	"0 - 50 km/h"	Sealed - Dry	Clear	Daylight	Straight	Level	601	Vehs On Path: Parked	"10: Hit Parked Vehicle"	S	0	0	1	0	1	2	0	0	0	0	0	0
97834	97834	Minor injury	2025	June	Tuesday	17	Angle	Multi-Vehicle	153.05805001005	-27.6328314495584	Gowan Rd	Honeysuckle Way	""	Calamvale	Brisbane City	Locally-controlled	Intersection - T-Junction	No traffic control	"60 km/h"	Sealed - Dry	Clear	Dawn/Dusk	Straight	Level	202	Vehs Opposite Approach: Thru-Right	"03: Opposing Vehicles Turning"	S	0	0	0	1	1	2	0	0	0	0	0	0
97837	97837	Medical treatment	2025	June	Wednesday	16	Hit object	Single Vehicle	153.041426037605	-27.4290414462783	Hudson Rd	""	""	Albion	Brisbane City	Locally-controlled	No Roadway Feature	No traffic control	"0 - 50 km/h"	Sealed - Dry	Clear	Daylight	Straight	Level	706	Off Path-Straight: Left Turn	"15: Off Carriageway on Straight"	S	0	0	1	0	1	1	0	0	0	0	0	0
97838	97838	Hospitalisation	2025	June	Wednesday	20	Angle	Multi-Vehicle	153.061138044633	-27.3566094476857	Northumbria Rd	Sandgate Rd	Sandgate Sub-Arterial Road	Boondall	Brisbane City	State-controlled	Intersection - Cross	Operating traffic lights	"60 km/h"	Sealed - Dry	Clear	Darkness - Lighted	Straight	Level	202	Vehs Opposite Approach: Thru-Right	"03: Opposing Vehicles Turning"	N	0	2	0	0	2	1	0	1	0	0	0	0
97947	97947	Medical treatment	2025	June	Wednesday	11	Angle	Multi-Vehicle	152.946816035154	-27.5290894375834	Centenary Hwy	""	Centenary Motorway (Ellen Grove - Toowong)	Jindalee	Brisbane City	State-controlled	Bridge/Causeway	No traffic control	"80 - 90 km/h"	Sealed - Dry	Clear	Daylight	Straight	Level	307	Vehs Same Direction: Lane Change Left	"05: Lane Change"	S	0	0	1	0	1	1	0	1	0	0	0	0
98087	98087	Medical treatment	2025	February	Monday	18	Hit object	Single Vehicle	153.01318203472	-27.4759204438136	Boundary St	Edmondstone St	""	South Brisbane	Brisbane City	Locally-controlled	Intersection - T-Junction	No traffic control	"0 - 50 km/h"	Sealed - Wet	Raining	Daylight	Curved - view open	Grade	808	Off Path-Curve: Mounts Traffic Island	"19: Off Carriageway on Curve Hit Object"	S	0	0	1	0	1	1	0	0	0	0	0	0
98090	98090	Medical treatment	2025	February	Monday	16	Angle	Multi-Vehicle	153.174406019354	-27.4607204599207	Daisy Rd	Manly Rd	""	Manly West	Brisbane City	Locally-controlled	Intersection - T-Junction	Stop sign	"60 km/h"	Sealed - Dry	Clear	Daylight	Curved - view open	Level	104	Vehs Adjacent Approach: Thru-Right	"01: Intersection: Adjacent Approach"	N	0	0	1	0	1	2	0	0	0	0	0	0
98092	98092	Minor injury	2025	February	Friday	12	Sideswipe	Multi-Vehicle	153.006257021524	-27.5863514439911	Sherbrooke Rd	""	""	Willawong	Brisbane City	Locally-controlled	No Roadway Feature	No traffic control	"60 km/h"	Sealed - Dry	Clear	Daylight	Straight	Level	504	Vehs Overtaking: Cutting In	"05: Lane Change"	S	0	0	0	1	1	2	0	1	0	0	0	0
98093	98093	Hospitalisation	2025	February	Friday	16	Hit parked vehicle	Single Vehicle	153.086882008999	-27.6165534523297	Compton Rd	""	""	Kuraby	Brisbane City	Locally-controlled	No Roadway Feature	No traffic control	"70 km/h"	Sealed - Dry	Clear	Daylight	Straight	Grade	601	Vehs On Path: Parked	"10: Hit Parked Vehicle"	W	0	1	0	0	1	2	0	1	0	0	0	0
98103	98103	Medical treatment	2025	February	Friday	15	Angle	Multi-Vehicle	153.035047039243	-27.4214724455777	Chalk St	""	""	Lutwyche	Brisbane City	Locally-controlled	No Roadway Feature	No traffic control	"60 km/h"	Sealed - Dry	Clear	Daylight	Straight	Level	406	Vehs Manoeuvring: Leaving Driveway	"08: Vehicle Leaving Driveway"	W	0	0	1	0	1	2	0	0	0	0	0	0
98217	98217	Hospitalisation	2025	March	Sunday	1	Head-on	Multi-Vehicle	153.036012030932	-27.486512446189	Ipswich Rd	Stanley St	""	Woolloongabba	Brisbane City	Locally-controlled	Intersection - Cross	Operating traffic lights	"60 km/h"	Sealed - Wet	Clear	Darkness - Lighted	Straight	Level	101	Vehs Adjacent Approach: Thru-Thru	"01: Intersection: Adjacent Approach"	S	0	1	0	0	1	2	0	0	0	0	0	0
98223	98223	Hospitalisation	2025	April	Sunday	0	Hit object	Single Vehicle	152.997051035726	-27.4816744422411	Coronation Dr	""	""	Toowong	Brisbane City	Locally-controlled	No Roadway Feature	Operating traffic lights	"60 km/h"	Sealed - Dry	Clear	Darkness - Lighted	Straight	Level	703	Off Path-Straight: Left Off Cway Hit Obj	"16: Off Carriageway on Straight Hit Object"	N	0	1	0	0	1	0	0	0	0	0	0	1
98226	98226	Hospitalisation	2025	January	Thursday	11	Angle	Multi-Vehicle	153.090349016493	-27.5544824521886	Dawson Rd	Newnham Rd	""	Upper Mount Gravatt	Brisbane City	Locally-controlled	Intersection - Cross	Operating traffic lights	"0 - 50 km/h"	Sealed - Dry	Clear	Daylight	Straight	Grade	101	Vehs Adjacent Approach: Thru-Thru	"01: Intersection: Adjacent Approach"	E	0	1	1	0	2	2	0	0	0	0	0	0
98231	98231	Medical treatment	2025	April	Tuesday	10	Angle	Multi-Vehicle	153.060145042519	-27.3742094477252	Pritchard Rd	""	""	Virginia	Brisbane City	Locally-controlled	No Roadway Feature	No traffic control	"60 km/h"	Sealed - Dry	Clear	Daylight	Straight	Level	308	Vehs Same Direction: Right Turn S/Swipe	"06: Parallel Lanes Turning"	""	0	0	3	0	3	2	0	0	0	0	0	0
98808	98808	Minor injury	2025	May	Wednesday	17	Angle	Multi-Vehicle	153.068913029149	-27.4726704493858	Jack Flynn Memorial Dr	Waminda St	""	Morningside	Brisbane City	Locally-controlled	No Roadway Feature	No traffic control	"60 km/h"	Sealed - Wet	Raining	Darkness - Lighted	Straight	Level	107	Vehs Adjacent Approach: Thru-Left	"01: Intersection: Adjacent Approach"	N	0	0	0	1	1	3	0	0	0	0	0	0
99168	99168	Minor injury	2025	January	Monday	8	Fall from vehicle	Single Vehicle	153.02904403159	-27.4872234454949	Annerley Rd	""	""	Woolloongabba	Brisbane City	Locally-controlled	No Roadway Feature	No traffic control	"0 - 50 km/h"	Sealed - Dry	Clear	Daylight	Straight	Level	408	Vehs Manoeuvring: Entering From Footway	"08: Vehicle Leaving Driveway"	""	0	0	0	1	1	0	0	1	0	1	0	0
103007	103007	Medical treatment	2025	April	Tuesday	11	Angle	Multi-Vehicle	153.011107045427	-27.3927244429474	Appleby Rd	""	""	Stafford Heights	Brisbane City	Locally-controlled	No Roadway Feature	No traffic control	"60 km/h"	Sealed - Dry	Clear	Daylight	Straight	Dip	406	Vehs Manoeuvring: Leaving Driveway	"08: Vehicle Leaving Driveway"	N	0	0	1	0	1	1	1	0	0	0	0	0
103013	103013	Minor injury	2025	April	Tuesday	16	Angle	Multi-Vehicle	153.032674036279	-27.4469814455412	Clem 7	""	Airport Link (Bowen Hills - Toombul)	Bowen Hills	Brisbane City	State-controlled	No Roadway Feature	No traffic control	"80 - 90 km/h"	Sealed - Dry	Clear	Daylight	Straight	Grade	306	Vehs Same Direction: Lane Change Right	"05: Lane Change"	N	0	0	0	1	1	2	0	1	0	0	0	0
104556	104556	Hospitalisation	2025	May	Friday	13	Rear-end	Multi-Vehicle	153.185415014803	-27.4872724612425	Rickertt Rd	""	""	Ransome	Brisbane City	Locally-controlled	No Roadway Feature	No traffic control	"80 - 90 km/h"	Sealed - Dry	Clear	Daylight	Straight	Level	301	Vehs Same Direction: Rear End	"04: Rear-end"	W	0	1	0	0	1	2	0	0	0	0	0	0
113105	113105	Hospitalisation	2025	February	Saturday	21	Hit pedestrian	Hit pedestrian	153.035021034579	-27.4584644458677	Ann St	Brunswick St	""	Fortitude Valley	Brisbane City	Locally-controlled	Intersection - Cross	Operating traffic lights	"0 - 50 km/h"	Sealed - Dry	Clear	Darkness - Lighted	Straight	Level	1	Pedn: Near Side Vehicle Hit From Right	"12: Pedestrian"	W	0	1	0	0	1	1	0	0	0	0	1	0
113536	113536	Medical treatment	2025	March	Sunday	5	Hit parked vehicle	Single Vehicle	153.080810019936	-27.5353994510781	Raffles St	Selborne St	""	Mount Gravatt East	Brisbane City	Locally-controlled	Intersection - T-Junction	Give way sign	"0 - 50 km/h"	Sealed - Dry	Clear	Darkness - Not lighted	Straight	Grade	601	Vehs On Path: Parked	"10: Hit Parked Vehicle"	N	0	0	1	0	1	2	0	0	0	0	0	0
121547	121547	Minor injury	2025	April	Thursday	18	Hit pedestrian	Hit pedestrian	153.088678024125	-27.4956284515555	Jones Rd	Old Cleveland Rd	""	Carina	Brisbane City	Locally-controlled	Intersection - T-Junction	Operating traffic lights	"60 km/h"	Sealed - Wet	Raining	Darkness - Lighted	Straight	Level	4	Pedn: Play; Work; Stand; Lie On Cway	"12: Pedestrian"	U	0	0	0	1	1	1	0	0	0	0	1	0
121814	121814	Medical treatment	2025	April	Friday	12	Sideswipe	Multi-Vehicle	152.953037025496	-27.6003984387689	Government Rd	""	""	Richlands	Brisbane City	Locally-controlled	No Roadway Feature	No traffic control	"60 km/h"	Sealed - Dry	Clear	Daylight	Straight	Level	406	Vehs Manoeuvring: Leaving Driveway	"08: Vehicle Leaving Driveway"	W	0	0	1	0	1	2	0	0	0	0	0	0
122244	122244	Minor injury	2025	April	Friday	10	Rear-end	Multi-Vehicle	153.001075036765	-27.4700074425524	Milton Rd	""	""	Milton	Brisbane City	Locally-controlled	No Roadway Feature	No traffic control	"60 km/h"	Sealed - Dry	Clear	Daylight	Straight	Level	308	Vehs Same Direction: Right Turn S/Swipe	"06: Parallel Lanes Turning"	""	0	0	0	1	1	1	1	0	0	0	0	0
122248	122248	Medical treatment	2025	April	Tuesday	12	Rear-end	Multi-Vehicle	153.01225705124	-27.3455654426894	Beams Rd	Gympie Rd	Gympie Arterial Road	Carseldine	Brisbane City	State-controlled	Intersection - T-Junction	Give way sign	"70 km/h"	Sealed - Dry	Clear	Daylight	Straight	Dip	107	Vehs Adjacent Approach: Thru-Left	"01: Intersection: Adjacent Approach"	N	0	0	1	0	1	2	0	0	0	0	0	0
123493	123493	Medical treatment	2025	February	Monday	7	Rear-end	Multi-Vehicle	153.063173016696	-27.5759964496249	Mains Rd	""	""	Sunnybank	Brisbane City	Locally-controlled	No Roadway Feature	No traffic control	"60 km/h"	Sealed - Dry	Clear	Daylight	Straight	Level	301	Vehs Same Direction: Rear End	"04: Rear-end"	N	0	0	1	1	2	3	0	0	0	0	0	0
124889	124889	Hospitalisation	2025	February	Friday	9	Angle	Multi-Vehicle	153.061763039768	-27.3946474480496	Cameron St	Cavendish St	""	Nundah	Brisbane City	Locally-controlled	Intersection - Cross	Give way sign	"0 - 50 km/h"	Sealed - Dry	Clear	Daylight	Straight	Grade	101	Vehs Adjacent Approach: Thru-Thru	"01: Intersection: Adjacent Approach"	W	0	1	0	0	1	3	0	0	0	0	0	0
124841	124841	Minor injury	2025	May	Wednesday	15	Angle	Multi-Vehicle	153.022223034437	-27.4704654446778	Adelaide St	""	""	Brisbane City	Brisbane City	Locally-controlled	No Roadway Feature	No traffic control	"0 - 50 km/h"	Sealed - Dry	Clear	Daylight	Straight	Grade	400	Vehs Manoeuvring: Other	"21: Other"	""	0	0	0	1	1	0	0	0	0	1	0	1
124843	124843	Medical treatment	2025	May	Thursday	7	Rear-end	Multi-Vehicle	153.035798033005	-27.4702754460391	Bradfield Hwy	""	""	Kangaroo Point	Brisbane City	Locally-controlled	Bridge/Causeway	No traffic control	"60 km/h"	Sealed - Dry	Clear	Daylight	Straight	Level	301	Vehs Same Direction: Rear End	"04: Rear-end"	N	0	0	1	0	1	2	0	1	0	0	0	0
124849	124849	Hospitalisation	2025	June	Friday	14	Angle	Multi-Vehicle	153.026635018938	-27.5894154460602	Elizabeth St	Mitchell St	""	Acacia Ridge	Brisbane City	Locally-controlled	Intersection - Cross	Give way sign	"60 km/h"	Sealed - Dry	Clear	Daylight	Straight	Level	101	Vehs Adjacent Approach: Thru-Thru	"01: Intersection: Adjacent Approach"	S	0	1	1	0	2	3	0	0	0	0	0	0
124851	124851	Medical treatment	2025	June	Friday	14	Rear-end	Multi-Vehicle	153.021914045301	-27.3845514439671	Hamilton Rd	Webster Rd	""	Chermside	Brisbane City	Locally-controlled	Intersection - Roundabout	Give way sign	"60 km/h"	Sealed - Dry	Clear	Daylight	Straight	Level	601	Vehs On Path: Parked	"10: Hit Parked Vehicle"	W	0	0	1	0	1	2	0	0	0	0	0	0
124855	124855	Medical treatment	2025	June	Wednesday	17	Rear-end	Multi-Vehicle	152.979980029094	-27.5488334410604	Oxley Rd	""	""	Corinda	Brisbane City	Locally-controlled	No Roadway Feature	No traffic control	"0 - 50 km/h"	Sealed - Dry	Clear	Darkness - Lighted	Straight	Level	301	Vehs Same Direction: Rear End	"04: Rear-end"	S	0	0	1	0	1	3	0	0	0	0	0	0
124873	124873	Minor injury	2025	May	Thursday	14	Rear-end	Multi-Vehicle	153.11570902491	-27.4665094540468	Gateway Arterial Rd	""	Gateway Motorway (Eight Mile Plains - Nudgee)	Tingalpa	Brisbane City	State-controlled	No Roadway Feature	No traffic control	"100 - 110 km/h"	Sealed - Dry	Clear	Daylight	Straight	Level	301	Vehs Same Direction: Rear End	"04: Rear-end"	E	0	0	0	1	1	1	0	1	0	0	0	0
124874	124874	Medical treatment	2025	May	Thursday	9	Rear-end	Multi-Vehicle	152.975716036072	-27.4971144402247	Coonan St	""	""	Indooroopilly	Brisbane City	Locally-controlled	No Roadway Feature	No traffic control	"0 - 50 km/h"	Sealed - Dry	Clear	Daylight	Straight	Grade	301	Vehs Same Direction: Rear End	"04: Rear-end"	S	0	0	1	0	1	2	0	0	0	0	0	0
124875	124875	Medical treatment	2025	May	Tuesday	15	Angle	Multi-Vehicle	153.034686014389	-27.618499447098	Algester Rd	Ormskirk St	""	Calamvale	Brisbane City	Locally-controlled	Intersection - T-Junction	Give way sign	"60 km/h"	Sealed - Dry	Clear	Daylight	Straight	Level	107	Vehs Adjacent Approach: Thru-Left	"01: Intersection: Adjacent Approach"	S	0	0	1	0	1	2	0	0	0	0	0	0
124883	124883	Minor injury	2025	February	Thursday	15	Rear-end	Multi-Vehicle	153.068995036901	-27.4112394489081	East - West Arterial Rd	""	East-West Arterial Road	Hendra	Brisbane City	State-controlled	No Roadway Feature	No traffic control	"80 - 90 km/h"	Sealed - Dry	Clear	Daylight	Curved - view open	Level	301	Vehs Same Direction: Rear End	"04: Rear-end"	W	0	0	0	1	1	4	0	0	0	0	0	0
124887	124887	Hospitalisation	2025	February	Friday	7	Fall from vehicle	Single Vehicle	153.109826034062	-27.3991514529213	Airport Dr	Nancy Bird Wy	""	Brisbane Airport	Brisbane City	Locally-controlled	Intersection - Roundabout	Give way sign	"60 km/h"	Sealed - Dry	Clear	Daylight	Curved - view obscured	Level	101	Vehs Adjacent Approach: Thru-Thru	"01: Intersection: Adjacent Approach"	W	0	1	0	0	1	1	0	0	0	1	0	0
124894	124894	Hospitalisation	2025	March	Tuesday	9	Angle	Multi-Vehicle	152.975989046933	-27.4106104395681	Mcconaghy St	""	""	Mitchelton	Brisbane City	Locally-controlled	No Roadway Feature	No traffic control	"0 - 50 km/h"	Sealed - Dry	Clear	Daylight	Straight	Level	408	Vehs Manoeuvring: Entering From Footway	"08: Vehicle Leaving Driveway"	""	0	1	0	0	1	1	0	0	0	1	0	0
124895	124895	Minor injury	2025	March	Saturday	20	Rear-end	Multi-Vehicle	153.073480017028	-27.5646004505714	Parkway St	""	""	Macgregor	Brisbane City	Locally-controlled	No Roadway Feature	No traffic control	"0 - 50 km/h"	Sealed - Wet	Raining	Darkness - Lighted	Curved - view open	Level	301	Vehs Same Direction: Rear End	"04: Rear-end"	S	0	0	0	1	1	2	0	0	0	0	0	0
124904	124904	Hospitalisation	2025	March	Saturday	16	Angle	Multi-Vehicle	153.041263033617	-27.460783446513	Kent St	""	""	New Farm	Brisbane City	Locally-controlled	No Roadway Feature	No traffic control	"0 - 50 km/h"	Sealed - Dry	Clear	Daylight	Straight	Level	308	Vehs Same Direction: Right Turn S/Swipe	"06: Parallel Lanes Turning"	""	0	1	0	0	1	1	1	0	0	0	0	0
124914	124914	Hospitalisation	2025	March	Sunday	20	Angle	Multi-Vehicle	153.039278034945	-27.4519454462437	Murri Wy	Wickham St	""	Fortitude Valley	Brisbane City	Locally-controlled	Intersection - Cross	Operating traffic lights	"60 km/h"	Sealed - Dry	Clear	Darkness - Lighted	Straight	Level	102	Vehs Adjacent Approach: Right-Thru	"01: Intersection: Adjacent Approach"	W	0	1	0	0	1	2	0	0	0	0	0	0
124919	124919	Hospitalisation	2025	March	Sunday	6	Hit object	Single Vehicle	153.10259101976	-27.5182964531351	Pine Mountain Rd	""	""	Carindale	Brisbane City	Locally-controlled	No Roadway Feature	No traffic control	"60 km/h"	Sealed - Dry	Clear	Darkness - Lighted	Straight	Grade	708	Off Path-Straight: Mounts Traffic Island	"16: Off Carriageway on Straight Hit Object"	E	0	1	0	0	1	1	0	0	0	1	0	0
124967	124967	Medical treatment	2025	February	Monday	5	Rear-end	Multi-Vehicle	153.01871603502	-27.4688304443129	Pacific Hwy	""	South-East Arterial Road (Pacific Motorway)	Brisbane City	Brisbane City	State-controlled	No Roadway Feature	No traffic control	"70 km/h"	Sealed - Dry	Clear	Daylight	Straight	Level	301	Vehs Same Direction: Rear End	"04: Rear-end"	N	0	0	1	0	1	1	0	1	0	0	0	0
124979	124979	Medical treatment	2025	February	Saturday	23	Rear-end	Multi-Vehicle	153.035723034697	-27.4569344459261	Ballow St	""	""	Fortitude Valley	Brisbane City	Locally-controlled	No Roadway Feature	No traffic control	"0 - 50 km/h"	Sealed - Dry	Clear	Darkness - Lighted	Straight	Grade	400	Vehs Manoeuvring: Other	"21: Other"	""	0	0	2	0	2	3	0	0	0	0	0	0
124980	124980	Hospitalisation	2025	February	Sunday	2	Hit object	Single Vehicle	153.019111034919	-27.4692964443562	Pacific Hwy	""	South-East Arterial Road (Pacific Motorway)	Brisbane City	Brisbane City	State-controlled	Intersection - Interchange	No traffic control	"70 km/h"	Sealed - Dry	Clear	Darkness - Lighted	Straight	Level	300	Vehs Same Direction: Other	"21: Other"	W	0	1	0	1	2	2	0	0	0	0	0	0
124982	124982	Minor injury	2025	February	Tuesday	6	Angle	Multi-Vehicle	153.00364103411	-27.4888774429589	Hoogley St	Ryan St	""	West End	Brisbane City	Locally-controlled	Intersection - Cross	Stop sign	"0 - 50 km/h"	Sealed - Dry	Clear	Daylight	Straight	Level	101	Vehs Adjacent Approach: Thru-Thru	"01: Intersection: Adjacent Approach"	S	0	0	0	2	2	0	0	0	0	2	0	0
124983	124983	Hospitalisation	2025	February	Sunday	20	Sideswipe	Multi-Vehicle	153.125360022862	-27.4745144550825	Tenbar St	Wynnum Rd	""	Tingalpa	Brisbane City	Locally-controlled	Intersection - Cross	Operating traffic lights	"60 km/h"	Sealed - Dry	Clear	Darkness - Lighted	Straight	Level	305	Vehs Same Direction: Lane Side Swipe	"05: Lane Change"	E	0	1	0	0	1	1	0	0	0	0	0	1
124985	124985	Minor injury	2025	February	Saturday	23	Head-on	Multi-Vehicle	153.035600032311	-27.475939446064	Main St	River Tce	""	Kangaroo Point	Brisbane City	Locally-controlled	Intersection - T-Junction	Operating traffic lights	"60 km/h"	Sealed - Dry	Clear	Darkness - Lighted	Straight	Level	400	Vehs Manoeuvring: Other	"21: Other"	""	0	0	0	1	1	0	0	0	0	1	0	1
124997	124997	Hospitalisation	2025	February	Wednesday	16	Fall from vehicle	Single Vehicle	153.015988035674	-27.4659654440164	Countess St	Roma St	""	Brisbane City	Brisbane City	Locally-controlled	Intersection - Cross	Operating traffic lights	"0 - 50 km/h"	Sealed - Dry	Clear	Daylight	Straight	Level	408	Vehs Manoeuvring: Entering From Footway	"08: Vehicle Leaving Driveway"	N	0	1	0	0	1	1	0	0	0	0	0	1
125000	125000	Minor injury	2025	February	Wednesday	17	Rear-end	Multi-Vehicle	153.114270024237	-27.4730434539535	Wynnum Rd	""	""	Tingalpa	Brisbane City	Locally-controlled	No Roadway Feature	No traffic control	"70 km/h"	Sealed - Dry	Clear	Daylight	Straight	Grade	301	Vehs Same Direction: Rear End	"04: Rear-end"	E	0	0	0	1	1	2	0	0	0	0	0	0
125001	125001	Medical treatment	2025	February	Sunday	9	Rear-end	Multi-Vehicle	153.052855014944	-27.5986234487664	Hellawell Rd	""	""	Sunnybank Hills	Brisbane City	Locally-controlled	No Roadway Feature	No traffic control	"60 km/h"	Sealed - Dry	Clear	Daylight	Straight	Level	301	Vehs Same Direction: Rear End	"04: Rear-end"	E	0	0	1	0	1	2	0	0	0	0	0	0
125003	125003	Medical treatment	2025	February	Wednesday	5	Angle	Multi-Vehicle	153.049903033292	-27.4560184473433	Florence St	Vernon Tce	""	Teneriffe	Brisbane City	Locally-controlled	Intersection - T-Junction	Stop sign	"0 - 50 km/h"	Sealed - Dry	Clear	Dawn/Dusk	Straight	Level	408	Vehs Manoeuvring: Entering From Footway	"08: Vehicle Leaving Driveway"	""	0	0	1	0	1	1	0	0	0	1	0	0
125049	125049	Medical treatment	2025	March	Friday	16	Angle	Multi-Vehicle	153.044466045939	-27.36036044604	Church Rd	Zillmere Rd	""	Zillmere	Brisbane City	Locally-controlled	Intersection - T-Junction	Operating traffic lights	"0 - 50 km/h"	Sealed - Wet	Raining	Daylight	Straight	Grade	202	Vehs Opposite Approach: Thru-Right	"03: Opposing Vehicles Turning"	W	0	0	1	0	1	2	0	0	0	0	0	0
125050	125050	Medical treatment	2025	March	Thursday	19	Angle	Multi-Vehicle	153.032616035533	-27.4529414455826	Constance St	Costin St	""	Fortitude Valley	Brisbane City	Locally-controlled	Intersection - Cross	Stop sign	"0 - 50 km/h"	Sealed - Dry	Raining	Darkness - Lighted	Straight	Level	101	Vehs Adjacent Approach: Thru-Thru	"01: Intersection: Adjacent Approach"	N	0	0	1	0	1	1	1	0	0	0	0	0
125053	125053	Minor injury	2025	March	Wednesday	18	Rear-end	Multi-Vehicle	153.086218015276	-27.5675974518765	Pacific Hwy	""	South-East Arterial Road (Pacific Motorway)	Macgregor	Brisbane City	State-controlled	No Roadway Feature	No traffic control	"100 - 110 km/h"	Sealed - Wet	Clear	Darkness - Lighted	Straight	Level	301	Vehs Same Direction: Rear End	"04: Rear-end"	S	0	0	0	1	1	2	0	0	0	0	0	0
125054	125054	Medical treatment	2025	March	Thursday	9	Rear-end	Multi-Vehicle	153.012736037288	-27.4559354436108	Kelvin Grove Rd	Lower Clifton Tce	""	Kelvin Grove	Brisbane City	Locally-controlled	Intersection - Cross	Operating traffic lights	"60 km/h"	Sealed - Dry	Clear	Daylight	Straight	Level	301	Vehs Same Direction: Rear End	"04: Rear-end"	E	0	0	1	0	1	2	0	0	0	0	0	0
125057	125057	Medical treatment	2025	March	Friday	13	Rear-end	Multi-Vehicle	153.000408048018	-27.3812294417832	Hamilton Rd	Trouts Rd	""	Chermside West	Brisbane City	Locally-controlled	Intersection - Cross	Operating traffic lights	"0 - 50 km/h"	Sealed - Wet	Clear	Daylight	Straight	Level	301	Vehs Same Direction: Rear End	"04: Rear-end"	W	0	0	1	0	1	2	0	0	0	0	0	0
125069	125069	Medical treatment	2025	March	Monday	18	Fall from vehicle	Single Vehicle	152.924521029685	-27.5915994358466	Akenside St	Ipswich Mwy	""	Wacol	Brisbane City	Locally-controlled	No Roadway Feature	No traffic control	"0 - 50 km/h"	Sealed - Dry	Clear	Darkness - Not lighted	Curved - view obscured	Level	805	Off Path-Curve: Out Of Control On Cway	"20: Out of Control on Curve"	N	0	0	1	0	1	0	1	0	0	0	0	0
125072	125072	Hospitalisation	2025	March	Monday	22	Hit object	Single Vehicle	153.032464038953	-27.4259624453539	Lutwyche Rd	""	""	Windsor	Brisbane City	Locally-controlled	No Roadway Feature	No traffic control	"60 km/h"	Sealed - Dry	Clear	Darkness - Lighted	Curved - view open	Level	804	Off Path-Curve: Off Cway Lt Bend Hit Obj	"19: Off Carriageway on Curve Hit Object"	S	0	1	0	0	1	1	0	0	0	0	0	0
125073	125073	Hospitalisation	2025	March	Monday	23	Angle	Multi-Vehicle	153.015972029014	-27.518758444432	Fairfield Rd	Yeronga St	""	Yeronga	Brisbane City	Locally-controlled	Intersection - T-Junction	Operating traffic lights	"60 km/h"	Sealed - Dry	Clear	Darkness - Lighted	Straight	Level	202	Vehs Opposite Approach: Thru-Right	"03: Opposing Vehicles Turning"	S	0	1	0	0	1	1	1	0	0	0	0	0
125074	125074	Minor injury	2025	April	Tuesday	5	Angle	Multi-Vehicle	153.05521704459	-27.3619594471329	Groth Rd	Zillmere Rd	""	Boondall	Brisbane City	Locally-controlled	Intersection - T-Junction	Give way sign	"0 - 50 km/h"	Sealed - Dry	Clear	Dawn/Dusk	Straight	Level	408	Vehs Manoeuvring: Entering From Footway	"08: Vehicle Leaving Driveway"	""	0	0	0	1	1	1	0	0	0	1	0	0
125079	125079	Hospitalisation	2025	April	Wednesday	12	Angle	Multi-Vehicle	153.040636021497	-27.5572444472122	Kessels Rd	Orange Grove Rd	""	Salisbury	Brisbane City	Locally-controlled	Intersection - T-Junction	Operating traffic lights	"60 km/h"	Sealed - Wet	Raining	Daylight	Straight	Level	102	Vehs Adjacent Approach: Right-Thru	"01: Intersection: Adjacent Approach"	N	0	1	0	0	1	3	0	0	0	0	0	0
125080	125080	Hospitalisation	2025	April	Wednesday	17	Rear-end	Multi-Vehicle	153.083881032554	-27.4330374505778	Kingsford Smith Dr	""	Southern Cross Way	Eagle Farm	Brisbane City	State-controlled	No Roadway Feature	No traffic control	"60 km/h"	Sealed - Wet	Raining	Darkness - Lighted	Straight	Level	301	Vehs Same Direction: Rear End	"04: Rear-end"	W	0	1	0	0	1	2	0	0	0	0	0	0
125089	125089	Medical treatment	2025	April	Wednesday	12	Hit pedestrian	Hit pedestrian	153.029248034347	-27.4652094453414	Adelaide St	""	""	Brisbane City	Brisbane City	Locally-controlled	No Roadway Feature	No traffic control	"0 - 50 km/h"	Sealed - Wet	Raining	Daylight	Straight	Level	7	Pedn: Hit By Vehicle Enter/Leave Dway	"12: Pedestrian"	W	0	0	1	0	1	1	0	0	0	0	1	0
125099	125099	Medical treatment	2025	June	Thursday	17	Rear-end	Multi-Vehicle	153.068300014165	-27.5916134502637	Nathan Rd	""	""	Runcorn	Brisbane City	Locally-controlled	No Roadway Feature	No traffic control	"60 km/h"	Sealed - Dry	Clear	Dawn/Dusk	Straight	Level	301	Vehs Same Direction: Rear End	"04: Rear-end"	N	0	0	1	0	1	2	0	0	0	0	0	0
125100	125100	Medical treatment	2025	June	Thursday	16	Rear-end	Multi-Vehicle	153.081550016158	-27.5646064513832	Pacific Hwy	""	South-East Arterial Road (Pacific Motorway)	Macgregor	Brisbane City	State-controlled	No Roadway Feature	No traffic control	"100 - 110 km/h"	Sealed - Dry	Clear	Daylight	Straight	Grade	601	Vehs On Path: Parked	"10: Hit Parked Vehicle"	U	0	0	1	0	1	3	0	0	0	0	0	1
125101	125101	Medical treatment	2025	June	Thursday	2	Hit parked vehicle	Single Vehicle	153.079640025664	-27.4911304506105	Ferguson Rd	""	""	Camp Hill	Brisbane City	Locally-controlled	No Roadway Feature	No traffic control	"60 km/h"	Sealed - Dry	Clear	Darkness - Lighted	Straight	Level	601	Vehs On Path: Parked	"10: Hit Parked Vehicle"	S	0	0	1	0	1	2	0	0	0	0	0	0
125117	125117	Hospitalisation	2025	April	Sunday	2	Hit parked vehicle	Single Vehicle	153.03149903428	-27.4638214455564	Queen St	""	""	Brisbane City	Brisbane City	Locally-controlled	No Roadway Feature	No traffic control	"0 - 50 km/h"	Sealed - Dry	Clear	Darkness - Lighted	Curved - view open	Grade	601	Vehs On Path: Parked	"10: Hit Parked Vehicle"	S	0	1	0	0	1	1	1	0	0	0	0	0
125124	125124	Medical treatment	2025	May	Wednesday	16	Rear-end	Multi-Vehicle	153.089674027441	-27.4685694514417	Marsh St	Wynnum Rd	""	Cannon Hill	Brisbane City	Locally-controlled	Intersection - T-Junction	Operating traffic lights	"60 km/h"	Sealed - Dry	Clear	Daylight	Straight	Level	301	Vehs Same Direction: Rear End	"04: Rear-end"	W	0	0	1	0	1	3	0	0	0	0	0	0
125130	125130	Medical treatment	2025	June	Wednesday	17	Rear-end	Multi-Vehicle	153.023603010581	-27.6580544462972	Johnson Rd	Peverell St	""	Parkinson	Brisbane City	Locally-controlled	Intersection - Cross	Operating traffic lights	"60 km/h"	Sealed - Dry	Clear	Dawn/Dusk	Straight	Level	301	Vehs Same Direction: Rear End	"04: Rear-end"	W	0	0	1	1	2	3	0	0	0	0	0	0
125131	125131	Medical treatment	2025	June	Wednesday	8	Rear-end	Multi-Vehicle	153.026740038119	-27.43743944487	Newmarket Rd	""	""	Windsor	Brisbane City	Locally-controlled	No Roadway Feature	No traffic control	"60 km/h"	Sealed - Dry	Clear	Daylight	Straight	Grade	301	Vehs Same Direction: Rear End	"04: Rear-end"	""	0	0	1	0	1	2	0	0	0	0	0	0
125132	125132	Minor injury	2025	June	Wednesday	21	Angle	Multi-Vehicle	153.03337603127	-27.4860724459208	Reid St	Stanley St	""	Woolloongabba	Brisbane City	Locally-controlled	Intersection - T-Junction	No traffic control	"0 - 50 km/h"	Sealed - Dry	Clear	Darkness - Lighted	Straight	Level	408	Vehs Manoeuvring: Entering From Footway	"08: Vehicle Leaving Driveway"	""	0	0	0	1	1	0	0	0	0	1	0	1
125133	125133	Hospitalisation	2025	June	Friday	9	Rear-end	Multi-Vehicle	153.027372030477	-27.497468445408	Annerley Rd	Gladstone Rd	""	Dutton Park	Brisbane City	Locally-controlled	Intersection - Cross	Operating traffic lights	"0 - 50 km/h"	Sealed - Dry	Clear	Daylight	Straight	Level	301	Vehs Same Direction: Rear End	"04: Rear-end"	E	0	2	0	0	2	3	0	0	0	0	0	0
125135	125135	Medical treatment	2025	May	Saturday	15	Rear-end	Multi-Vehicle	152.986130026377	-27.5651084418053	Cunningham Arterial Rd	Ipswich Mwy	Cunningham Arterial Road (Ipswich Motorway)	Oxley	Brisbane City	State-controlled	Intersection - Interchange	No traffic control	"80 - 90 km/h"	Sealed - Dry	Clear	Daylight	Straight	Level	301	Vehs Same Direction: Rear End	"04: Rear-end"	W	0	0	1	0	1	2	0	0	0	0	0	0
125150	125150	Medical treatment	2025	June	Friday	13	Rear-end	Multi-Vehicle	152.979229036235	-27.4928264405428	Moggill Rd	""	""	Taringa	Brisbane City	Locally-controlled	No Roadway Feature	No traffic control	"60 km/h"	Sealed - Dry	Clear	Daylight	Straight	Level	301	Vehs Same Direction: Rear End	"04: Rear-end"	S	0	0	1	0	1	2	0	0	0	0	0	0
125154	125154	Medical treatment	2025	April	Tuesday	5	Rear-end	Multi-Vehicle	153.065645007119	-27.6494714504532	Logan Mwy	""	Logan Motorway (Gailes - Loganholme)	Drewvale	Brisbane City	State-controlled	No Roadway Feature	No traffic control	"100 - 110 km/h"	Sealed - Dry	Clear	Dawn/Dusk	Straight	Level	301	Vehs Same Direction: Rear End	"04: Rear-end"	W	0	0	1	0	1	1	0	1	0	0	0	0
125157	125157	Hospitalisation	2025	February	Saturday	12	Angle	Multi-Vehicle	152.992043044139	-27.4191514412446	Pickering St	Western Art Rd On/Off Ramp	Western Arterial Road (Toowong - Everton Park)	Enoggera	Brisbane City	State-controlled	Intersection - Interchange	Stop sign	"60 km/h"	Sealed - Dry	Clear	Daylight	Straight	Level	104	Vehs Adjacent Approach: Thru-Right	"01: Intersection: Adjacent Approach"	E	0	3	0	0	3	2	0	0	0	0	0	0
125164	125164	Hospitalisation	2025	February	Saturday	14	Rear-end	Multi-Vehicle	153.152594017367	-27.4948124579889	Tilley Rd	""	""	Gumdale	Brisbane City	Locally-controlled	No Roadway Feature	No traffic control	"60 km/h"	Sealed - Dry	Clear	Daylight	Straight	Level	301	Vehs Same Direction: Rear End	"04: Rear-end"	N	0	1	0	0	1	1	1	0	0	0	0	0
125165	125165	Medical treatment	2025	February	Monday	8	Rear-end	Multi-Vehicle	153.100888022391	-27.4989674528108	Creek Rd	Old Cleveland Rd	""	Carindale	Brisbane City	Locally-controlled	Intersection - T-Junction	Give way sign	"60 km/h"	Sealed - Dry	Clear	Daylight	Curved - view open	Grade	302	Vehs Same Direction: Left Rear	"04: Rear-end"	S	0	0	1	0	1	2	0	0	0	0	0	0
125171	125171	Medical treatment	2025	February	Monday	7	Rear-end	Multi-Vehicle	153.037148034457	-27.4576234460747	Mclachlan St	""	""	Fortitude Valley	Brisbane City	Locally-controlled	No Roadway Feature	No traffic control	"0 - 50 km/h"	Sealed - Dry	Clear	Daylight	Straight	Level	404	Vehs Manoeuvring: Reversing	"10: Hit Parked Vehicle"	N	0	0	1	0	1	0	0	1	0	1	0	0
125176	125176	Hospitalisation	2025	February	Tuesday	17	Angle	Multi-Vehicle	152.972687038451	-27.4808124397924	Western Arterial Rd	""	Centenary Motorway (Ellen Grove - Toowong)	Mount Coot-tha	Brisbane City	State-controlled	Intersection - Interchange	No traffic control	"80 - 90 km/h"	Sealed - Dry	Clear	Daylight	Straight	Level	307	Vehs Same Direction: Lane Change Left	"05: Lane Change"	N	0	1	0	0	1	2	0	0	0	0	0	0
125179	125179	Hospitalisation	2025	February	Tuesday	19	Sideswipe	Multi-Vehicle	153.002234033099	-27.4980904428906	Carmody Rd	Mitre St	""	St Lucia	Brisbane City	Locally-controlled	Intersection - Cross	Stop sign	"60 km/h"	Sealed - Dry	Clear	Darkness - Lighted	Curved - view obscured	Grade	101	Vehs Adjacent Approach: Thru-Thru	"01: Intersection: Adjacent Approach"	S	0	1	0	0	1	2	0	0	0	0	0	0
125180	125180	Minor injury	2025	February	Tuesday	22	Angle	Multi-Vehicle	153.052926046261	-27.3506444468131	Muller Rd	Parklands Crct	""	Boondall	Brisbane City	Locally-controlled	Intersection - T-Junction	No traffic control	"60 km/h"	Sealed - Dry	Clear	Darkness - Lighted	Straight	Level	408	Vehs Manoeuvring: Entering From Footway	"08: Vehicle Leaving Driveway"	""	0	0	0	1	1	0	0	0	0	0	0	2
125182	125182	Hospitalisation	2025	February	Monday	16	Angle	Multi-Vehicle	153.048381038681	-27.4146104468628	Bonney Ave	Junction Rd	East-West Arterial Road	Clayfield	Brisbane City	State-controlled	Intersection - T-Junction	Give way sign	"60 km/h"	Sealed - Dry	Clear	Daylight	Straight	Level	104	Vehs Adjacent Approach: Thru-Right	"01: Intersection: Adjacent Approach"	W	0	1	0	0	1	1	1	0	0	0	0	0
125183	125183	Hospitalisation	2025	February	Monday	13	Angle	Multi-Vehicle	153.040186030653	-27.4851714465976	Vulture St	Wellington Rd	""	East Brisbane	Brisbane City	Locally-controlled	Intersection - Cross	Operating traffic lights	"60 km/h"	Sealed - Dry	Clear	Daylight	Straight	Level	101	Vehs Adjacent Approach: Thru-Thru	"01: Intersection: Adjacent Approach"	N	0	2	0	0	2	2	0	0	0	0	0	0
125187	125187	Medical treatment	2025	February	Sunday	16	Angle	Multi-Vehicle	152.953757025436	-27.6002574388399	Government Rd	""	""	Richlands	Brisbane City	Locally-controlled	No Roadway Feature	No traffic control	"0 - 50 km/h"	Sealed - Dry	Clear	Daylight	Curved - view open	Dip	309	Vehs Same Direction: Left Turn S/Swipe	"06: Parallel Lanes Turning"	W	0	0	1	0	1	1	0	0	0	1	0	0
125189	125189	Medical treatment	2025	February	Monday	14	Angle	Multi-Vehicle	153.041856035609	-27.4444934464437	Edmondstone Rd	Folkestone St	""	Bowen Hills	Brisbane City	Locally-controlled	Intersection - Roundabout	Give way sign	"60 km/h"	Sealed - Dry	Clear	Daylight	Straight	Level	101	Vehs Adjacent Approach: Thru-Thru	"01: Intersection: Adjacent Approach"	N	0	0	1	0	1	1	1	0	0	0	0	0
125190	125190	Medical treatment	2025	February	Saturday	13	Angle	Multi-Vehicle	153.063562016944	-27.5737014496459	Elva St	Mains Rd	""	Sunnybank	Brisbane City	Locally-controlled	Intersection - T-Junction	No traffic control	"60 km/h"	Sealed - Dry	Clear	Daylight	Straight	Grade	202	Vehs Opposite Approach: Thru-Right	"03: Opposing Vehicles Turning"	S	0	0	1	0	1	2	0	0	0	0	0	0
125191	125191	Medical treatment	2025	February	Monday	4	Rear-end	Multi-Vehicle	153.01622103674	-27.4573164439715	Inner City Bypass	""	""	Kelvin Grove	Brisbane City	Locally-controlled	No Roadway Feature	No traffic control	"60 km/h"	Sealed - Dry	Clear	Daylight	Straight	Level	301	Vehs Same Direction: Rear End	"04: Rear-end"	N	0	0	1	0	1	2	0	0	0	0	0	0
125192	125192	Minor injury	2025	February	Monday	8	Rear-end	Multi-Vehicle	153.035928031549	-27.4816964461425	Main St	""	""	Kangaroo Point	Brisbane City	Locally-controlled	No Roadway Feature	No traffic control	"60 km/h"	Sealed - Dry	Clear	Daylight	Straight	Level	301	Vehs Same Direction: Rear End	"04: Rear-end"	S	0	0	0	1	1	0	0	1	1	0	0	0
125194	125194	Hospitalisation	2025	February	Saturday	15	Fall from vehicle	Single Vehicle	153.047870040237	-27.4027084467173	Huet St	Shaw Rd	""	Wavell Heights	Brisbane City	Locally-controlled	Intersection - Cross	No traffic control	"60 km/h"	Sealed - Dry	Clear	Daylight	Straight	Level	705	Off Path-Straight: Out Of Control On Cway	"17: Out of Control on Straight"	N	0	1	0	0	1	1	0	0	0	1	0	0
125240	125240	Medical treatment	2025	January	Thursday	5	Rear-end	Multi-Vehicle	153.04348501519	-27.6046674478727	Beaudesert Rd	""	Mount Lindesay Arterial Road	Calamvale	Brisbane City	State-controlled	No Roadway Feature	No traffic control	"60 km/h"	Sealed - Dry	Clear	Daylight	Straight	Level	301	Vehs Same Direction: Rear End	"04: Rear-end"	W	0	0	1	0	1	4	0	0	0	0	0	0
125241	125241	Minor injury	2025	January	Wednesday	13	Angle	Multi-Vehicle	153.078757019896	-27.5374594508878	Logan Rd	""	""	Mount Gravatt	Brisbane City	Locally-controlled	No Roadway Feature	No traffic control	"0 - 50 km/h"	Sealed - Dry	Clear	Daylight	Straight	Level	400	Vehs Manoeuvring: Other	"21: Other"	""	0	0	0	1	1	1	0	0	0	0	0	1
125245	125245	Minor injury	2025	January	Thursday	14	Angle	Multi-Vehicle	152.933526028001	-27.5972474367917	Boundary Rd	Mcroyle St	""	Wacol	Brisbane City	Locally-controlled	Intersection - Cross	Operating traffic lights	"60 km/h"	Sealed - Dry	Clear	Daylight	Straight	Level	202	Vehs Opposite Approach: Thru-Right	"03: Opposing Vehicles Turning"	N	0	0	0	1	1	2	0	0	0	0	0	0
125246	125246	Hospitalisation	2025	January	Thursday	13	Hit parked vehicle	Single Vehicle	153.013489033578	-27.4847094439139	Baynes St	""	""	Highgate Hill	Brisbane City	Locally-controlled	No Roadway Feature	No traffic control	"0 - 50 km/h"	Sealed - Dry	Clear	Daylight	Straight	Level	601	Vehs On Path: Parked	"10: Hit Parked Vehicle"	E	0	1	0	0	1	2	0	0	0	0	0	0
125247	125247	Minor injury	2025	May	Wednesday	9	Rear-end	Multi-Vehicle	153.040400027197	-27.5123464468339	Pacific Hwy	""	South-East Arterial Road (Pacific Motorway)	Greenslopes	Brisbane City	State-controlled	No Roadway Feature	No traffic control	"80 - 90 km/h"	Sealed - Wet	Raining	Dawn/Dusk	Curved - view open	Level	301	Vehs Same Direction: Rear End	"04: Rear-end"	N	0	0	0	1	1	3	0	0	0	0	0	0
125249	125249	Hospitalisation	2025	May	Thursday	14	Sideswipe	Multi-Vehicle	153.032470034823	-27.4586984456134	Gipps St	Wickham St	""	Fortitude Valley	Brisbane City	Locally-controlled	Intersection - Cross	Operating traffic lights	"60 km/h"	Sealed - Dry	Clear	Daylight	Straight	Level	308	Vehs Same Direction: Right Turn S/Swipe	"06: Parallel Lanes Turning"	N	0	1	0	0	1	1	1	0	0	0	0	0
125253	125253	Medical treatment	2025	January	Wednesday	15	Rear-end	Multi-Vehicle	153.054384013166	-27.6113584490206	Calam Rd	Compton Rd	""	Sunnybank Hills	Brisbane City	Locally-controlled	Intersection - T-Junction	Give way sign	"60 km/h"	Sealed - Dry	Clear	Daylight	Straight	Level	302	Vehs Same Direction: Left Rear	"04: Rear-end"	S	0	0	1	0	1	2	0	0	0	0	0	0
125254	125254	Medical treatment	2025	January	Wednesday	12	Rear-end	Multi-Vehicle	153.121170023321	-27.4744354546597	Wynnum Rd	""	""	Tingalpa	Brisbane City	Locally-controlled	No Roadway Feature	No traffic control	"60 km/h"	Sealed - Dry	Clear	Daylight	Straight	Grade	301	Vehs Same Direction: Rear End	"04: Rear-end"	E	0	0	1	0	1	2	0	0	0	0	0	0
125259	125259	Medical treatment	2025	January	Saturday	7	Angle	Multi-Vehicle	153.015712041815	-27.4174824436053	Billabong St	Webster Rd	""	Stafford	Brisbane City	Locally-controlled	Intersection - Cross	Operating traffic lights	"60 km/h"	Sealed - Dry	Clear	Daylight	Straight	Level	202	Vehs Opposite Approach: Thru-Right	"03: Opposing Vehicles Turning"	N	0	0	1	0	1	2	0	0	0	0	0	0
125262	125262	Medical treatment	2025	May	Friday	11	Hit object	Single Vehicle	153.023208026086	-27.5357814452927	Beaudesert Rd	Gainsborough St	""	Moorooka	Brisbane City	Locally-controlled	Intersection - T-Junction	Operating traffic lights	"60 km/h"	Sealed - Dry	Clear	Daylight	Straight	Level	700	Off Path-Straight: Other	"21: Other"	E	0	0	1	1	2	1	0	0	0	0	0	0
125263	125263	Medical treatment	2025	May	Friday	13	Rear-end	Multi-Vehicle	153.051238841632	-27.3253173964429	Gateway Arterial Rd	""	Gateway Arterial Road (Gateway Motorway - North)	Deagon	Brisbane City	State-controlled	No Roadway Feature	No traffic control	"80 - 90 km/h"	Sealed - Dry	Clear	Daylight	Curved - view open	Level	301	Vehs Same Direction: Rear End	"04: Rear-end"	N	0	0	1	0	1	2	0	0	0	0	0	0
125264	125264	Hospitalisation	2025	May	Friday	13	Hit object	Single Vehicle	153.079584019647	-27.538727450981	Gowrie St	Logan Rd	""	Mount Gravatt	Brisbane City	Locally-controlled	No Roadway Feature	No traffic control	"60 km/h"	Sealed - Dry	Clear	Daylight	Straight	Level	708	Off Path-Straight: Mounts Traffic Island	"16: Off Carriageway on Straight Hit Object"	N	0	1	0	0	1	0	0	0	0	0	0	1
125271	125271	Hospitalisation	2025	May	Tuesday	17	Hit pedestrian	Hit pedestrian	153.041176034891	-27.450764446425	Ann St	Longland St	""	Newstead	Brisbane City	Locally-controlled	Intersection - T-Junction	Give way sign	"0 - 50 km/h"	Sealed - Dry	Clear	Dawn/Dusk	Straight	Level	1	Pedn: Near Side Vehicle Hit From Right	"12: Pedestrian"	W	0	1	0	0	1	1	0	0	0	0	1	0
125278	125278	Medical treatment	2025	May	Wednesday	14	Angle	Multi-Vehicle	153.047867051729	-27.3115204459948	Bracken Ridge Rd	Gateway Arterial Rd	Gateway Arterial Road (Gateway Motorway - North)	Sandgate	Brisbane City	State-controlled	Intersection - T-Junction	Give way sign	"60 km/h"	Sealed - Dry	Clear	Daylight	Curved - view open	Dip	104	Vehs Adjacent Approach: Thru-Right	"01: Intersection: Adjacent Approach"	E	0	0	1	1	2	2	0	0	0	0	0	0
125463	125463	Hospitalisation	2025	February	Tuesday	7	Fall from vehicle	Single Vehicle	153.028020022808	-27.5576254459483	Riawena Rd	""	""	Salisbury	Brisbane City	Locally-controlled	No Roadway Feature	No traffic control	"70 km/h"	Sealed - Dry	Clear	Daylight	Straight	Level	705	Off Path-Straight: Out Of Control On Cway	"17: Out of Control on Straight"	W	0	1	0	0	1	1	1	0	0	0	0	0
125474	125474	Medical treatment	2025	May	Friday	15	Angle	Multi-Vehicle	152.947656028335	-27.5824914380891	Centenary Hwy	""	Centenary Motorway (Ellen Grove - Toowong)	Richlands	Brisbane City	State-controlled	No Roadway Feature	No traffic control	"60 km/h"	Sealed - Wet	Raining	Dawn/Dusk	Straight	Level	307	Vehs Same Direction: Lane Change Left	"05: Lane Change"	W	0	0	1	0	1	2	0	0	0	0	0	0
125480	125480	Medical treatment	2025	June	Saturday	16	Rear-end	Multi-Vehicle	153.020876023458	-27.5585754452387	Beaudesert Rd	Granard Rd	Mount Lindesay Arterial Road	Coopers Plains	Brisbane City	State-controlled	Intersection - Cross	Operating traffic lights	"60 km/h"	Sealed - Wet	Raining	Dawn/Dusk	Straight	Level	303	Vehs Same Direction: Right Rear	"04: Rear-end"	E	0	0	2	0	2	2	0	0	0	0	0	0
125481	125481	Medical treatment	2025	June	Friday	6	Rear-end	Multi-Vehicle	153.037251010681	-27.6456024475694	Logan Mwy Ramp Da	""	Logan Motorway (Gailes - Loganholme)	Parkinson	Brisbane City	State-controlled	No Roadway Feature	No traffic control	"100 - 110 km/h"	Sealed - Dry	Clear	Darkness - Lighted	Straight	Level	301	Vehs Same Direction: Rear End	"04: Rear-end"	W	0	0	1	1	2	2	0	0	0	0	0	0
125490	125490	Hospitalisation	2025	June	Thursday	17	Fall from vehicle	Single Vehicle	152.944469029244	-27.5780114377348	Cunningham Arterial Rd	""	Centenary Motorway (Ellen Grove - Toowong)	Darra	Brisbane City	State-controlled	Intersection - Interchange	No traffic control	"60 km/h"	Sealed - Dry	Clear	Darkness - Lighted	Curved - view open	Grade	804	Off Path-Curve: Off Cway Lt Bend Hit Obj	"19: Off Carriageway on Curve Hit Object"	N	0	1	0	0	1	0	1	0	0	0	0	0
125491	125491	Medical treatment	2025	June	Wednesday	16	Angle	Multi-Vehicle	152.992132044619	-27.4152644412228	Orchid St	South Pine Rd	Western Arterial Road (Toowong - Everton Park)	Enoggera	Brisbane City	State-controlled	Intersection - T-Junction	No traffic control	"60 km/h"	Sealed - Dry	Clear	Daylight	Straight	Level	306	Vehs Same Direction: Lane Change Right	"05: Lane Change"	N	0	0	1	0	1	1	1	0	0	0	0	0
125496	125496	Minor injury	2025	March	Saturday	16	Angle	Multi-Vehicle	152.972689024737	-27.5896014406517	Azalea St	""	""	Inala	Brisbane City	Locally-controlled	No Roadway Feature	No traffic control	"0 - 50 km/h"	Sealed - Dry	Clear	Daylight	Straight	Level	506	Vehs Overtaking: Overtake-Right Turn	"09: Overtaking Same Direction"	W	0	0	0	1	1	2	0	0	0	0	0	0
125498	125498	Medical treatment	2025	March	Saturday	8	Angle	Multi-Vehicle	153.106040033717	-27.405080452587	Brisbane Int Airport Terminal	""	""	Brisbane Airport	Brisbane City	Locally-controlled	No Roadway Feature	Stop sign	"60 km/h"	Sealed - Dry	Clear	Daylight	Straight	Level	406	Vehs Manoeuvring: Leaving Driveway	"08: Vehicle Leaving Driveway"	W	0	0	1	0	1	2	0	0	0	0	0	0
125501	125501	Medical treatment	2025	March	Sunday	6	Angle	Multi-Vehicle	152.92428203014	-27.5881924357958	Wacol Station Rd	Wilruna St	""	Wacol	Brisbane City	Locally-controlled	Intersection - T-Junction	Give way sign	"60 km/h"	Sealed - Dry	Clear	Daylight	Straight	Level	301	Vehs Same Direction: Rear End	"04: Rear-end"	N	0	0	1	0	1	2	0	0	0	0	0	0
125502	125502	Medical treatment	2025	March	Friday	8	Sideswipe	Multi-Vehicle	152.975212550322	-27.5669542037258	Ipswich Mwy	""	Cunningham Arterial Road (Ipswich Motorway)	Oxley	Brisbane City	State-controlled	No Roadway Feature	No traffic control	"60 km/h"	Sealed - Dry	Clear	Daylight	Straight	Level	307	Vehs Same Direction: Lane Change Left	"05: Lane Change"	E	0	0	1	0	1	2	0	0	0	0	0	0
125508	125508	Medical treatment	2025	June	Saturday	13	Rear-end	Multi-Vehicle	153.013137028362	-27.5263454442075	Fairfield Rd	Fairfield Rd On Ramp	""	Yeerongpilly	Brisbane City	Locally-controlled	Intersection - Interchange	No traffic control	"70 km/h"	Sealed - Dry	Clear	Daylight	Straight	Dip	301	Vehs Same Direction: Rear End	"04: Rear-end"	N	0	0	1	0	1	1	1	0	0	0	0	0
125510	125510	Minor injury	2025	June	Friday	8	Rear-end	Multi-Vehicle	153.006654055151	-27.3192204419186	Gympie Rd	""	""	Bald Hills	Brisbane City	Locally-controlled	No Roadway Feature	No traffic control	"60 km/h"	Sealed - Dry	Clear	Daylight	Straight	Level	303	Vehs Same Direction: Right Rear	"04: Rear-end"	W	0	0	0	1	1	2	0	0	0	0	0	0
125511	125511	Hospitalisation	2025	June	Friday	8	Angle	Multi-Vehicle	153.162421023437	-27.4386494585363	Stradbroke Ave	Wynnum Rd	""	Wynnum	Brisbane City	Locally-controlled	Intersection - Cross	Stop sign	"60 km/h"	Sealed - Dry	Clear	Daylight	Straight	Level	202	Vehs Opposite Approach: Thru-Right	"03: Opposing Vehicles Turning"	W	0	1	0	1	2	2	0	0	0	0	0	0
125519	125519	Hospitalisation	2025	March	Saturday	22	Hit pedestrian	Hit pedestrian	153.036950034608	-27.4565904460466	Ann St	Morgan St	""	Fortitude Valley	Brisbane City	Locally-controlled	Intersection - T-Junction	No traffic control	"0 - 50 km/h"	Sealed - Dry	Clear	Darkness - Lighted	Straight	Level	3	Pedn: Far Side Vehicle Hit From Left	"12: Pedestrian"	S	0	1	0	0	1	1	0	0	0	0	1	0
125521	125521	Hospitalisation	2025	March	Sunday	1	Angle	Multi-Vehicle	152.997476036848	-27.4724094422105	Bangalla St	Milton Rd	""	Auchenflower	Brisbane City	Locally-controlled	Intersection - T-Junction	Give way sign	"60 km/h"	Sealed - Dry	Clear	Darkness - Lighted	Straight	Crest	104	Vehs Adjacent Approach: Thru-Right	"01: Intersection: Adjacent Approach"	N	0	1	0	0	1	1	1	0	0	0	0	0
125529	125529	Medical treatment	2025	March	Monday	12	Angle	Multi-Vehicle	153.106146011996	-27.576533453953	Gateway Arterial Rd	""	Gateway Motorway (Eight Mile Plains - Nudgee)	Rochedale	Brisbane City	State-controlled	No Roadway Feature	No traffic control	"100 - 110 km/h"	Sealed - Dry	Clear	Daylight	Straight	Level	306	Vehs Same Direction: Lane Change Right	"05: Lane Change"	S	0	0	1	0	1	1	0	1	0	0	0	0
125532	125532	Minor injury	2025	March	Monday	16	Rear-end	Multi-Vehicle	152.976760036367	-27.4938824403038	Moggill Rd	Waverley Rd	""	Taringa	Brisbane City	Locally-controlled	Intersection - T-Junction	Give way sign	"0 - 50 km/h"	Sealed - Dry	Clear	Daylight	Straight	Grade	300	Vehs Same Direction: Other	"21: Other"	E	0	0	0	1	1	2	0	0	0	0	0	0
125590	125590	Medical treatment	2025	March	Thursday	15	Angle	Multi-Vehicle	153.080546028926	-27.4645674504917	Junction Rd	Nordenfeldt Rd	""	Morningside	Brisbane City	Locally-controlled	Intersection - Y-Junction	No traffic control	"60 km/h"	Sealed - Dry	Clear	Daylight	Straight	Level	408	Vehs Manoeuvring: Entering From Footway	"08: Vehicle Leaving Driveway"	""	0	0	1	0	1	1	1	0	0	0	0	0
125592	125592	Hospitalisation	2025	March	Thursday	15	Sideswipe	Multi-Vehicle	152.939201038703	-27.5074034366502	Brookfield Rd	Moggill Rd	Moggill Sub-Arterial Road	Kenmore	Brisbane City	State-controlled	Intersection - Roundabout	Give way sign	"60 km/h"	Sealed - Dry	Clear	Daylight	Straight	Level	202	Vehs Opposite Approach: Thru-Right	"03: Opposing Vehicles Turning"	W	0	1	0	0	1	2	0	0	0	0	0	0
125593	125593	Hospitalisation	2025	March	Thursday	15	Hit object	Single Vehicle	153.0352570336	-27.4660154459511	Main St	""	""	Kangaroo Point	Brisbane City	Locally-controlled	No Roadway Feature	No traffic control	"60 km/h"	Sealed - Dry	Clear	Daylight	Straight	Level	400	Vehs Manoeuvring: Other	"21: Other"	W	0	2	0	0	2	1	0	0	0	0	0	0
125595	125595	Hospitalisation	2025	March	Thursday	17	Rear-end	Multi-Vehicle	153.117253024372	-27.4694534542256	Gateway Arterial Rd	""	Gateway Motorway (Eight Mile Plains - Nudgee)	Tingalpa	Brisbane City	State-controlled	No Roadway Feature	No traffic control	"0 - 50 km/h"	Sealed - Dry	Clear	Dawn/Dusk	Curved - view open	Level	301	Vehs Same Direction: Rear End	"04: Rear-end"	S	0	1	0	0	1	2	1	0	0	0	0	0
125597	125597	Medical treatment	2025	March	Thursday	20	Rear-end	Multi-Vehicle	153.042140602865	-27.4976692958927	Logan Rd	""	""	Woolloongabba	Brisbane City	Locally-controlled	Intersection - Roundabout	Give way sign	"60 km/h"	Sealed - Dry	Clear	Darkness - Lighted	Straight	Level	302	Vehs Same Direction: Left Rear	"04: Rear-end"	S	0	0	1	0	1	1	1	0	0	0	0	0
125598	125598	Medical treatment	2025	March	Thursday	15	Rear-end	Multi-Vehicle	153.163585008045	-27.5589374596047	Mt Cotton Rd	""	Redland Sub-Arterial Road	Burbank	Brisbane City	State-controlled	Intersection - T-Junction	No traffic control	"80 - 90 km/h"	Sealed - Dry	Clear	Daylight	Straight	Level	301	Vehs Same Direction: Rear End	"04: Rear-end"	E	0	0	1	1	2	2	0	0	0	0	0	0
125638	125638	Hospitalisation	2025	March	Sunday	22	Overturned	Single Vehicle	153.035571034292	-27.4602684459372	Harrison La	Ivory St	""	Fortitude Valley	Brisbane City	Locally-controlled	No Roadway Feature	No traffic control	"60 km/h"	Sealed - Dry	Clear	Darkness - Lighted	Curved - view obscured	Level	805	Off Path-Curve: Out Of Control On Cway	"20: Out of Control on Curve"	N	0	1	0	1	2	0	1	0	0	0	0	0
125648	125648	Hospitalisation	2025	May	Monday	6	Angle	Multi-Vehicle	153.0844910192	-27.5380864514696	Creek Rd	""	""	Mount Gravatt East	Brisbane City	Locally-controlled	No Roadway Feature	No traffic control	"60 km/h"	Sealed - Dry	Clear	Dawn/Dusk	Straight	Grade	404	Vehs Manoeuvring: Reversing	"10: Hit Parked Vehicle"	W	0	1	0	0	1	2	0	0	0	0	0	0
125650	125650	Hospitalisation	2025	May	Monday	11	Rear-end	Multi-Vehicle	153.01326805431	-27.3202974425906	Gympie Arterial Rd	""	Gympie Arterial Road	Bald Hills	Brisbane City	State-controlled	No Roadway Feature	No traffic control	"100 - 110 km/h"	Sealed - Wet	Raining	Daylight	Curved - view open	Level	301	Vehs Same Direction: Rear End	"04: Rear-end"	N	0	1	0	0	1	2	0	0	0	0	0	0
125651	125651	Medical treatment	2025	May	Tuesday	15	Hit pedestrian	Hit pedestrian	153.097044016598	-27.547965452811	Invicta St	Wishart Rd	""	Wishart	Brisbane City	Locally-controlled	Intersection - T-Junction	Give way sign	"0 - 50 km/h"	Sealed - Dry	Clear	Daylight	Straight	Level	3	Pedn: Far Side Vehicle Hit From Left	"12: Pedestrian"	N	0	0	1	0	1	1	0	0	0	0	1	0
125652	125652	Minor injury	2025	May	Tuesday	16	Sideswipe	Multi-Vehicle	153.028161037941	-27.4376424450143	Newmarket Rd	Swan Tce	""	Windsor	Brisbane City	Locally-controlled	Intersection - T-Junction	No traffic control	"60 km/h"	Sealed - Dry	Clear	Daylight	Straight	Level	307	Vehs Same Direction: Lane Change Left	"05: Lane Change"	W	0	0	0	1	1	2	0	0	0	0	0	0
125654	125654	Hospitalisation	2025	June	Monday	2	Sideswipe	Multi-Vehicle	152.947315029133	-27.5764524380073	Cunningham Arterial Rd	""	Cunningham Arterial Road (Ipswich Motorway)	Darra	Brisbane City	State-controlled	Intersection - Interchange	No traffic control	"60 km/h"	Sealed - Dry	Clear	Darkness - Lighted	Curved - view open	Level	306	Vehs Same Direction: Lane Change Right	"05: Lane Change"	W	0	2	1	0	3	1	0	1	0	0	0	0
125655	125655	Hospitalisation	2025	June	Sunday	13	Rear-end	Multi-Vehicle	153.031645031582	-27.4850804457392	Pacific Hwy	""	South-East Arterial Road (Pacific Motorway)	Woolloongabba	Brisbane City	State-controlled	No Roadway Feature	No traffic control	"80 - 90 km/h"	Sealed - Dry	Clear	Daylight	Straight	Grade	301	Vehs Same Direction: Rear End	"04: Rear-end"	N	0	1	0	0	1	4	0	1	0	0	0	0
125660	125660	Minor injury	2025	April	Wednesday	17	Rear-end	Multi-Vehicle	153.077150005549	-27.6520424516305	Wembley Rd	""	Springwood Connection Road	Karawatha	Brisbane City	State-controlled	No Roadway Feature	No traffic control	"60 km/h"	Sealed - Wet	Raining	Daylight	Curved - view open	Grade	301	Vehs Same Direction: Rear End	"04: Rear-end"	W	0	0	0	1	1	2	0	0	0	0	0	0
125662	125662	Medical treatment	2025	April	Wednesday	19	Hit pedestrian	Hit pedestrian	153.037549034632	-27.4558974461013	Ann St	Bridge St	""	Fortitude Valley	Brisbane City	Locally-controlled	Intersection - T-Junction	No traffic control	"0 - 50 km/h"	Sealed - Dry	Clear	Darkness - Lighted	Straight	Level	3	Pedn: Far Side Vehicle Hit From Left	"12: Pedestrian"	E	0	0	1	0	1	1	0	0	0	0	1	0
125665	125665	Medical treatment	2025	May	Thursday	9	Fall from vehicle	Single Vehicle	153.0194870352	-27.4667464443738	George St	Roma St	""	Brisbane City	Brisbane City	Locally-controlled	No Roadway Feature	No traffic control	"0 - 50 km/h"	Sealed - Dry	Clear	Daylight	Curved - view open	Level	307	Vehs Same Direction: Lane Change Left	"05: Lane Change"	W	0	0	1	0	1	0	1	1	0	0	0	0
125672	125672	Minor injury	2025	March	Tuesday	15	Rear-end	Multi-Vehicle	153.134208012693	-27.547227456549	Mt Cotton Rd	Mt Gravatt - Capalaba Rd	Redland Sub-Arterial Road	Burbank	Brisbane City	State-controlled	Intersection - T-Junction	Operating traffic lights	"70 km/h"	Sealed - Dry	Clear	Daylight	Straight	Level	301	Vehs Same Direction: Rear End	"04: Rear-end"	W	0	0	0	1	1	1	0	0	0	0	0	1
125677	125677	Minor injury	2025	April	Sunday	2	Hit parked vehicle	Single Vehicle	153.095971025068	-27.4819874521816	Creek Rd	""	""	Carina	Brisbane City	Locally-controlled	No Roadway Feature	No traffic control	"60 km/h"	Sealed - Dry	Clear	Darkness - Lighted	Curved - view obscured	Grade	601	Vehs On Path: Parked	"10: Hit Parked Vehicle"	S	0	0	0	1	1	2	0	0	0	0	0	0
125678	125678	Hospitalisation	2025	April	Saturday	23	Hit pedestrian	Hit pedestrian	153.030292034117	-27.4661444454536	Eagle St	""	""	Brisbane City	Brisbane City	Locally-controlled	Merge Lane	No traffic control	"0 - 50 km/h"	Sealed - Dry	Clear	Darkness - Lighted	Curved - view obscured	Level	3	Pedn: Far Side Vehicle Hit From Left	"12: Pedestrian"	N	0	1	0	0	1	0	1	0	0	0	1	0
125679	125679	Hospitalisation	2025	April	Sunday	7	Angle	Multi-Vehicle	153.019097033478	-27.4807324444452	Cordelia St	Ernest St	""	South Brisbane	Brisbane City	Locally-controlled	Intersection - Cross	Operating traffic lights	"60 km/h"	Sealed - Dry	Clear	Daylight	Straight	Grade	101	Vehs Adjacent Approach: Thru-Thru	"01: Intersection: Adjacent Approach"	""	0	1	0	1	2	2	0	0	0	0	0	0
125683	125683	Medical treatment	2025	April	Tuesday	7	Rear-end	Multi-Vehicle	153.026084033544	-27.4742604450953	Margaret St	""	South-East Arterial Road (Pacific Motorway)	Brisbane City	Brisbane City	State-controlled	No Roadway Feature	No traffic control	"0 - 50 km/h"	Sealed - Dry	Clear	Daylight	Straight	Level	301	Vehs Same Direction: Rear End	"04: Rear-end"	N	0	0	1	0	1	1	1	0	0	0	0	0
125685	125685	Minor injury	2025	April	Wednesday	14	Hit object	Single Vehicle	153.076572044645	-27.3434584491334	Gateway Arterial Rd	""	Gateway Arterial Road (Gateway Motorway - North)	Boondall	Brisbane City	State-controlled	No Roadway Feature	No traffic control	"100 - 110 km/h"	Sealed - Dry	Clear	Daylight	Straight	Level	704	Off Path-Straight: Right Off Cway Hit Obj	"16: Off Carriageway on Straight Hit Object"	N	0	0	0	1	1	1	0	0	0	0	0	0
125695	125695	Hospitalisation	2025	April	Thursday	10	Sideswipe	Multi-Vehicle	153.02948603659	-27.4472274452231	Bowen Bridge Rd	""	""	Bowen Hills	Brisbane City	Locally-controlled	No Roadway Feature	No traffic control	"60 km/h"	Sealed - Dry	Clear	Daylight	Straight	Dip	306	Vehs Same Direction: Lane Change Right	"05: Lane Change"	N	0	2	3	1	6	1	0	0	1	0	0	0
125697	125697	Hospitalisation	2025	May	Sunday	13	Angle	Multi-Vehicle	153.156570021063	-27.4623094581331	Iffley St	Randall Rd	""	Wynnum West	Brisbane City	Locally-controlled	Intersection - T-Junction	No traffic control	"60 km/h"	Sealed - Dry	Clear	Daylight	Straight	Level	202	Vehs Opposite Approach: Thru-Right	"03: Opposing Vehicles Turning"	W	0	1	0	0	1	1	1	0	0	0	0	0
125699	125699	Medical treatment	2025	June	Friday	9	Angle	Multi-Vehicle	153.015706048774	-27.3622374431675	Gayford St	Pick N Pay Hypermarket Accs	""	Aspley	Brisbane City	Locally-controlled	Intersection - Cross	Operating traffic lights	"60 km/h"	Sealed - Dry	Clear	Daylight	Curved - view open	Level	202	Vehs Opposite Approach: Thru-Right	"03: Opposing Vehicles Turning"	S	0	0	1	0	1	2	0	0	0	0	0	0
125704	125704	Medical treatment	2025	June	Friday	17	Angle	Multi-Vehicle	153.083499011737	-27.5978384518416	Bellmead St	Plum St	""	Runcorn	Brisbane City	Locally-controlled	Intersection - Cross	Operating traffic lights	"60 km/h"	Sealed - Dry	Clear	Darkness - Lighted	Straight	Grade	202	Vehs Opposite Approach: Thru-Right	"03: Opposing Vehicles Turning"	S	0	0	1	0	1	2	0	0	0	0	0	0
125707	125707	Medical treatment	2025	May	Tuesday	14	Head-on	Multi-Vehicle	153.034988035821	-27.4486444457868	Brookes St	Hamilton Pl	""	Bowen Hills	Brisbane City	Locally-controlled	Intersection - T-Junction	Operating traffic lights	"60 km/h"	Sealed - Dry	Clear	Daylight	Curved - view open	Level	202	Vehs Opposite Approach: Thru-Right	"03: Opposing Vehicles Turning"	S	0	0	1	0	1	1	1	0	0	0	0	0
125708	125708	Medical treatment	2025	June	Monday	16	Rear-end	Multi-Vehicle	153.070660016301	-27.5727444503521	Comley St	Granadilla St	""	Macgregor	Brisbane City	Locally-controlled	Intersection - T-Junction	No traffic control	"0 - 50 km/h"	Sealed - Dry	Clear	Dawn/Dusk	Straight	Grade	302	Vehs Same Direction: Left Rear	"04: Rear-end"	E	0	0	1	0	1	2	0	0	0	0	0	0
125710	125710	Minor injury	2025	June	Friday	15	Angle	Multi-Vehicle	153.080831016889	-27.5594494512701	Logan Rd	""	""	Upper Mount Gravatt	Brisbane City	Locally-controlled	No Roadway Feature	No traffic control	"60 km/h"	Sealed - Dry	Clear	Daylight	Straight	Level	307	Vehs Same Direction: Lane Change Left	"05: Lane Change"	W	0	0	0	1	1	1	0	0	1	0	0	0
125730	125730	Hospitalisation	2025	May	Wednesday	15	Angle	Multi-Vehicle	152.959207023525	-27.6107404394682	Forest Lake Blvd	""	""	Forest Lake	Brisbane City	Locally-controlled	No Roadway Feature	No traffic control	"0 - 50 km/h"	Sealed - Dry	Clear	Daylight	Straight	Level	400	Vehs Manoeuvring: Other	"21: Other"	""	0	1	0	0	1	1	0	0	0	1	0	0
125735	125735	Minor injury	2025	April	Tuesday	8	Angle	Multi-Vehicle	153.056705037424	-27.4175124477222	Railway Pde	Sandgate Rd	""	Clayfield	Brisbane City	Locally-controlled	Intersection - T-Junction	Stop sign	"60 km/h"	Sealed - Dry	Clear	Daylight	Straight	Level	101	Vehs Adjacent Approach: Thru-Thru	"01: Intersection: Adjacent Approach"	S	0	0	0	1	1	2	0	0	0	0	0	0
125736	125736	Medical treatment	2025	May	Wednesday	5	Rear-end	Multi-Vehicle	153.191790004918	-27.5596634624587	Mt Cotton Rd	""	Redland Sub-Arterial Road	Burbank	Brisbane City	State-controlled	Bridge/Causeway	No traffic control	"70 km/h"	Sealed - Dry	Clear	Daylight	Straight	Level	301	Vehs Same Direction: Rear End	"04: Rear-end"	W	0	0	1	0	1	4	0	0	0	0	0	0
125745	125745	Medical treatment	2025	May	Wednesday	9	Angle	Multi-Vehicle	152.937550029705	-27.5802794370604	Cunningham Arterial Rd	""	Cunningham Arterial Road (Ipswich Motorway)	Wacol	Brisbane City	State-controlled	Intersection - Interchange	No traffic control	"100 - 110 km/h"	Sealed - Dry	Clear	Daylight	Curved - view open	Grade	307	Vehs Same Direction: Lane Change Left	"05: Lane Change"	S	0	0	1	0	1	1	0	1	0	0	0	0
125748	125748	Hospitalisation	2025	May	Wednesday	8	Hit parked vehicle	Single Vehicle	153.012932254475	-27.4780724438055	Boundary St	""	""	West End	Brisbane City	Locally-controlled	No Roadway Feature	No traffic control	"0 - 50 km/h"	Sealed - Dry	Clear	Daylight	Straight	Level	604	Vehs On Path: Car Door	"10: Hit Parked Vehicle"	U	0	1	0	0	1	0	0	1	0	1	0	0
125749	125749	Minor injury	2025	May	Friday	13	Angle	Multi-Vehicle	153.127737020517	-27.4910064554525	Barada St	Belmont Rd	""	Belmont	Brisbane City	Locally-controlled	Intersection - T-Junction	Stop sign	"60 km/h"	Sealed - Dry	Raining	Daylight	Straight	Grade	104	Vehs Adjacent Approach: Thru-Right	"01: Intersection: Adjacent Approach"	W	0	0	0	1	1	2	0	0	0	0	0	0
125755	125755	Hospitalisation	2025	May	Wednesday	17	Angle	Multi-Vehicle	153.040487030825	-27.483552446615	Princess St	Wellington Rd	""	East Brisbane	Brisbane City	Locally-controlled	Intersection - T-Junction	Give way sign	"70 km/h"	Sealed - Dry	Clear	Darkness - Lighted	Straight	Level	107	Vehs Adjacent Approach: Thru-Left	"01: Intersection: Adjacent Approach"	N	0	1	0	0	1	2	0	0	0	0	0	0
125763	125763	Minor injury	2025	January	Friday	3	Angle	Multi-Vehicle	153.033805034557	-27.4596664457551	Ann St	Gipps St	""	Fortitude Valley	Brisbane City	Locally-controlled	Intersection - Cross	Operating traffic lights	"60 km/h"	Sealed - Wet	Raining	Darkness - Lighted	Straight	Level	101	Vehs Adjacent Approach: Thru-Thru	"01: Intersection: Adjacent Approach"	E	0	0	0	1	1	2	0	0	0	0	0	0
125771	125771	Fatal	2025	March	Sunday	19	Hit object	Single Vehicle	153.059571030911	-27.466660448399	Hawthorne Rd	""	""	Hawthorne	Brisbane City	Locally-controlled	No Roadway Feature	No traffic control	"0 - 50 km/h"	Sealed - Dry	Clear	Darkness - Lighted	Straight	Level	601	Vehs On Path: Parked	"10: Hit Parked Vehicle"	""	1	0	0	0	1	1	1	0	0	0	0	0
125786	125786	Hospitalisation	2025	January	Tuesday	11	Angle	Multi-Vehicle	153.036642039824	-27.4155094456907	Kedron Park Rd	Lutwyche Rd	East-West Arterial Road	Lutwyche	Brisbane City	State-controlled	Intersection - T-Junction	Operating traffic lights	"60 km/h"	Sealed - Dry	Clear	Daylight	Straight	Level	104	Vehs Adjacent Approach: Thru-Right	"01: Intersection: Adjacent Approach"	S	0	2	0	0	2	2	0	0	0	0	0	0
125790	125790	Medical treatment	2025	January	Thursday	16	Rear-end	Multi-Vehicle	153.009431035916	-27.4696234433875	Coronation Dr	""	""	Milton	Brisbane City	Locally-controlled	No Roadway Feature	No traffic control	"60 km/h"	Sealed - Dry	Clear	Daylight	Straight	Level	301	Vehs Same Direction: Rear End	"04: Rear-end"	N	0	0	1	0	1	2	0	0	0	0	0	0
125794	125794	Hospitalisation	2025	January	Friday	1	Hit object	Single Vehicle	152.953522028762	-27.5740844386098	Ipswich Mwy	""	Cunningham Arterial Road (Ipswich Motorway)	Darra	Brisbane City	State-controlled	No Roadway Feature	No traffic control	"100 - 110 km/h"	Sealed - Dry	Clear	Darkness - Lighted	Straight	Grade	705	Off Path-Straight: Out Of Control On Cway	"17: Out of Control on Straight"	E	0	1	0	0	1	1	0	0	0	0	0	0
125801	125801	Hospitalisation	2025	May	Sunday	5	Sideswipe	Multi-Vehicle	153.022077034584	-27.4694244446549	Ann St	George St	South-East Arterial Road (Pacific Motorway)	Brisbane City	Brisbane City	State-controlled	Intersection - Cross	Operating traffic lights	"60 km/h"	Sealed - Dry	Clear	Darkness - Lighted	Straight	Level	300	Vehs Same Direction: Other	"21: Other"	S	0	1	0	2	3	2	0	0	0	0	0	0
125803	125803	Medical treatment	2025	May	Saturday	11	Fall from vehicle	Single Vehicle	153.00219764027	-27.4888369288138	Morry St	""	""	West End	Brisbane City	Locally-controlled	No Roadway Feature	No traffic control	"0 - 50 km/h"	Sealed - Dry	Clear	Daylight	Straight	Grade	901	Pass & Misc: Fell In/From Vehicle	"21: Other"	N	0	0	1	0	1	0	0	0	1	0	0	0
125804	125804	Hospitalisation	2025	January	Tuesday	18	Sideswipe	Multi-Vehicle	153.061628043371	-27.3661994478109	Sandgate Rd	""	Sandgate Sub-Arterial Road	Virginia	Brisbane City	State-controlled	No Roadway Feature	No traffic control	"70 km/h"	Sealed - Dry	Clear	Daylight	Straight	Level	700	Off Path-Straight: Other	"21: Other"	N	0	2	0	1	3	1	1	0	0	1	0	0
125812	125812	Medical treatment	2025	May	Monday	4	Hit object	Single Vehicle	153.009500021195	-27.5861834443151	Bowhill Rd	""	""	Willawong	Brisbane City	Locally-controlled	No Roadway Feature	No traffic control	"70 km/h"	Sealed - Dry	Clear	Darkness - Lighted	Curved - view open	Crest	803	Off Path-Curve: Off Cway Rt Bend Hit Obj	"19: Off Carriageway on Curve Hit Object"	W	0	0	1	0	1	0	0	1	0	0	0	0
125827	125827	Medical treatment	2025	June	Monday	6	Rear-end	Multi-Vehicle	153.03589303594	-27.4469334458641	Mayne Rd	""	""	Bowen Hills	Brisbane City	Locally-controlled	No Roadway Feature	No traffic control	"60 km/h"	Sealed - Dry	Clear	Daylight	Straight	Level	301	Vehs Same Direction: Rear End	"04: Rear-end"	N	0	0	2	0	2	2	0	0	0	0	0	0
125845	125845	Medical treatment	2025	January	Wednesday	15	Sideswipe	Multi-Vehicle	152.921083029117	-27.5990624355617	Ipswich Mwy	""	Cunningham Arterial Road (Ipswich Motorway)	Wacol	Brisbane City	State-controlled	No Roadway Feature	No traffic control	"100 - 110 km/h"	Sealed - Dry	Clear	Daylight	Straight	Level	307	Vehs Same Direction: Lane Change Left	"05: Lane Change"	W	0	0	1	0	1	1	0	1	0	0	0	0
125846	125846	Medical treatment	2025	January	Wednesday	17	Rear-end	Multi-Vehicle	152.949187026306	-27.5972754383589	Garden Rd	Progress Rd	""	Richlands	Brisbane City	Locally-controlled	Intersection - Cross	Operating traffic lights	"70 km/h"	Sealed - Dry	Clear	Daylight	Straight	Level	301	Vehs Same Direction: Rear End	"04: Rear-end"	E	0	0	1	0	1	2	0	0	0	0	0	0
125848	125848	Medical treatment	2025	January	Thursday	15	Rear-end	Multi-Vehicle	152.959523028378	-27.5719974391942	Ipswich Mwy	""	Cunningham Arterial Road (Ipswich Motorway)	Darra	Brisbane City	State-controlled	No Roadway Feature	No traffic control	"80 - 90 km/h"	Sealed - Dry	Clear	Daylight	Straight	Level	301	Vehs Same Direction: Rear End	"04: Rear-end"	W	0	0	2	0	2	1	0	1	0	0	0	0
125851	125851	Hospitalisation	2025	January	Wednesday	6	Sideswipe	Multi-Vehicle	153.034848034418	-27.4598864458616	Mclachlan St	""	""	Fortitude Valley	Brisbane City	Locally-controlled	Intersection - Interchange	No traffic control	"60 km/h"	Sealed - Dry	Clear	Daylight	Curved - view open	Dip	305	Vehs Same Direction: Lane Side Swipe	"05: Lane Change"	N	0	1	0	0	1	2	0	0	0	0	0	0
125857	125857	Medical treatment	2025	February	Thursday	15	Hit pedestrian	Hit pedestrian	153.038357037423	-27.4330904460021	Grafton St	Mcdonald Rd	""	Windsor	Brisbane City	Locally-controlled	Intersection - Cross	Give way sign	"0 - 50 km/h"	Sealed - Dry	Clear	Daylight	Straight	Level	1	Pedn: Near Side Vehicle Hit From Right	"12: Pedestrian"	E	0	0	1	0	1	1	0	0	0	0	1	0
125858	125858	Minor injury	2025	February	Thursday	17	Angle	Multi-Vehicle	153.152626017385	-27.4946454579909	Formosa Rd	Tilley Rd	""	Gumdale	Brisbane City	Locally-controlled	Intersection - Cross	No traffic control	"60 km/h"	Sealed - Dry	Clear	Daylight	Straight	Grade	202	Vehs Opposite Approach: Thru-Right	"03: Opposing Vehicles Turning"	N	0	0	0	1	1	2	0	0	0	0	0	0
125860	125860	Hospitalisation	2025	February	Thursday	19	Hit animal	Other	153.153789009308	-27.5572914586033	Mt Cotton Rd	""	Redland Sub-Arterial Road	Burbank	Brisbane City	State-controlled	No Roadway Feature	No traffic control	"80 - 90 km/h"	Sealed - Dry	Clear	Darkness - Not lighted	Curved - view open	Level	609	Pass & Misc: Hit Animal	"14: Hit Animal"	W	0	1	0	0	1	0	1	0	0	0	0	0
125868	125868	Medical treatment	2025	February	Saturday	8	Angle	Multi-Vehicle	153.030386027911	-27.5152174458509	Ipswich Rd	Tamworth St	""	Annerley	Brisbane City	Locally-controlled	Intersection - Cross	Give way sign	"0 - 50 km/h"	Sealed - Dry	Clear	Daylight	Straight	Level	202	Vehs Opposite Approach: Thru-Right	"03: Opposing Vehicles Turning"	S	0	0	1	1	2	2	0	0	0	0	0	0
125892	125892	Medical treatment	2025	January	Monday	19	Angle	Multi-Vehicle	153.05054003695	-27.4264924471737	Oriel Rd	Sandgate Rd	""	Clayfield	Brisbane City	Locally-controlled	Intersection - T-Junction	Operating traffic lights	"60 km/h"	Sealed - Dry	Clear	Darkness - Lighted	Curved - view open	Level	202	Vehs Opposite Approach: Thru-Right	"03: Opposing Vehicles Turning"	N	0	0	1	0	1	2	0	0	0	0	0	0
125896	125896	Hospitalisation	2025	January	Tuesday	2	Angle	Multi-Vehicle	153.088373015363	-27.5650794520734	Fulton St	Newnham Rd	Logan Sub-Arterial Road	Upper Mount Gravatt	Brisbane City	State-controlled	Intersection - T-Junction	Give way sign	"60 km/h"	Sealed - Dry	Clear	Daylight	Straight	Level	104	Vehs Adjacent Approach: Thru-Right	"01: Intersection: Adjacent Approach"	S	0	1	0	0	1	2	0	0	0	0	0	0
125897	125897	Medical treatment	2025	January	Wednesday	12	Angle	Multi-Vehicle	153.023310031314	-27.4942884449752	Deighton Rd	Gladstone Rd	""	Dutton Park	Brisbane City	Locally-controlled	Intersection - T-Junction	Give way sign	"60 km/h"	Sealed - Dry	Clear	Daylight	Straight	Level	107	Vehs Adjacent Approach: Thru-Left	"01: Intersection: Adjacent Approach"	E	0	0	1	0	1	2	0	0	0	0	0	0
125898	125898	Medical treatment	2025	January	Wednesday	16	Angle	Multi-Vehicle	153.011424045595	-27.3911224429665	Appleby Rd	Rode Rd	""	Chermside West	Brisbane City	Locally-controlled	Intersection - Cross	Operating traffic lights	"60 km/h"	Sealed - Dry	Clear	Daylight	Straight	Level	202	Vehs Opposite Approach: Thru-Right	"03: Opposing Vehicles Turning"	W	0	0	1	1	2	2	0	0	0	0	0	0
125902	125902	Hospitalisation	2025	January	Thursday	13	Rear-end	Multi-Vehicle	153.033926025483	-27.5314224463344	La Monte St	Tarragindi Rd	""	Moorooka	Brisbane City	Locally-controlled	Intersection - T-Junction	No traffic control	"60 km/h"	Sealed - Dry	Clear	Daylight	Straight	Dip	303	Vehs Same Direction: Right Rear	"04: Rear-end"	S	0	1	0	0	1	1	0	0	0	0	0	1
125910	125910	Hospitalisation	2025	March	Wednesday	17	Hit object	Single Vehicle	152.929251045046	-27.4654714353236	Highwood Rd	""	""	The Gap	Brisbane City	Locally-controlled	No Roadway Feature	No traffic control	"60 km/h"	Sealed - Dry	Clear	Darkness - Lighted	Curved - view open	Grade	803	Off Path-Curve: Off Cway Rt Bend Hit Obj	"19: Off Carriageway on Curve Hit Object"	S	0	1	0	0	1	1	0	0	0	0	0	0
126006	126006	Medical treatment	2025	June	Monday	20	Angle	Multi-Vehicle	153.068850048259	-27.3213224481814	Kennerley St	Rainbow St	""	Sandgate	Brisbane City	Locally-controlled	No Roadway Feature	No traffic control	"60 km/h"	Sealed - Wet	Raining	Darkness - Lighted	Straight	Level	400	Vehs Manoeuvring: Other	"21: Other"	""	0	0	1	0	1	1	0	0	0	1	0	0
126014	126014	Medical treatment	2025	June	Tuesday	16	Rear-end	Multi-Vehicle	153.081092011856	-27.5989444516082	Beenleigh Rd	Persse Rd	""	Runcorn	Brisbane City	Locally-controlled	Intersection - T-Junction	Operating traffic lights	"70 km/h"	Sealed - Dry	Clear	Daylight	Straight	Level	301	Vehs Same Direction: Rear End	"04: Rear-end"	W	0	0	1	0	1	3	0	0	0	0	0	0
126019	126019	Hospitalisation	2025	June	Saturday	7	Head-on	Multi-Vehicle	152.912413043366	-27.4932374338597	Brookfield Rd	""	""	Brookfield	Brisbane City	Locally-controlled	No Roadway Feature	No traffic control	"0 - 50 km/h"	Sealed - Dry	Clear	Daylight	Straight	Grade	401	Vehs Manoeuvring: Leaving Parking	"08: Vehicle Leaving Driveway"	E	0	1	0	0	1	1	0	0	0	1	0	0
126021	126021	Hospitalisation	2025	February	Thursday	11	Hit pedestrian	Hit pedestrian	153.095986026437	-27.4711594520975	Creek Rd	Pickwick St	""	Cannon Hill	Brisbane City	Locally-controlled	Intersection - Cross	Operating traffic lights	"60 km/h"	Sealed - Dry	Clear	Daylight	Straight	Level	1	Pedn: Near Side Vehicle Hit From Right	"12: Pedestrian"	N	0	1	0	0	1	2	0	0	0	0	1	0
126026	126026	Medical treatment	2025	March	Tuesday	9	Angle	Multi-Vehicle	153.026225041499	-27.4110664446097	Bradley Ave	""	""	Kedron	Brisbane City	Locally-controlled	No Roadway Feature	No traffic control	"60 km/h"	Sealed - Dry	Clear	Daylight	Straight	Level	400	Vehs Manoeuvring: Other	"21: Other"	N	0	0	1	0	1	1	0	0	0	1	0	0
126027	126027	Hospitalisation	2025	June	Friday	13	Angle	Multi-Vehicle	153.094128009517	-27.606302452978	Beenleigh Rd	Besline St	""	Kuraby	Brisbane City	Locally-controlled	Intersection - T-Junction	No traffic control	"60 km/h"	Sealed - Dry	Clear	Daylight	Straight	Grade	203	Vehs Opposite Approach: Right-Left	"03: Opposing Vehicles Turning"	S	0	1	0	0	1	1	1	0	0	0	0	0
126031	126031	Hospitalisation	2025	June	Sunday	11	Rear-end	Multi-Vehicle	152.999628043	-27.4217504420257	South Pine Rd	""	""	Enoggera	Brisbane City	Locally-controlled	Intersection - T-Junction	No traffic control	"60 km/h"	Sealed - Dry	Clear	Daylight	Straight	Level	301	Vehs Same Direction: Rear End	"04: Rear-end"	N	0	1	0	0	1	3	0	0	0	0	0	0
126033	126033	Medical treatment	2025	June	Sunday	16	Rear-end	Multi-Vehicle	153.032647053574	-27.309736444452	Gateway Arterial Rd	""	Gateway Arterial Road (Gateway Motorway - North)	Bald Hills	Brisbane City	State-controlled	No Roadway Feature	No traffic control	"100 - 110 km/h"	Sealed - Dry	Clear	Daylight	Straight	Level	301	Vehs Same Direction: Rear End	"04: Rear-end"	W	0	0	4	0	4	3	0	0	0	0	0	0
126037	126037	Hospitalisation	2025	June	Wednesday	16	Angle	Multi-Vehicle	152.989066022654	-27.5920974423125	King Ave	Oleander Cres	""	Durack	Brisbane City	Locally-controlled	Intersection - T-Junction	No traffic control	"0 - 50 km/h"	Sealed - Dry	Clear	Daylight	Straight	Grade	506	Vehs Overtaking: Overtake-Right Turn	"09: Overtaking Same Direction"	E	0	1	0	0	1	1	1	0	0	0	0	0
126039	126039	Medical treatment	2025	June	Saturday	19	Hit object	Single Vehicle	153.126656025908	-27.4493674550142	Hemmant Tingalpa Rd	Ragnor Rd	""	Hemmant	Brisbane City	Locally-controlled	Intersection - T-Junction	Give way sign	"60 km/h"	Sealed - Dry	Clear	Darkness - Lighted	Curved - view open	Grade	707	Off Path-Straight: Right Turn	"15: Off Carriageway on Straight"	N	0	0	1	0	1	1	0	0	0	0	0	0
126041	126041	Medical treatment	2025	March	Tuesday	16	Fall from vehicle	Single Vehicle	153.04260603712	-27.4318834464193	Gore St	Sandgate Rd	""	Albion	Brisbane City	Locally-controlled	Intersection - T-Junction	Give way sign	"60 km/h"	Sealed - Dry	Clear	Daylight	Straight	Grade	805	Off Path-Curve: Out Of Control On Cway	"20: Out of Control on Curve"	N	0	0	1	0	1	0	1	0	0	0	0	0
126044	126044	Medical treatment	2025	March	Saturday	23	Angle	Multi-Vehicle	153.028475024411	-27.5445554458908	Evans Rd	Industries Rd	""	Salisbury	Brisbane City	Locally-controlled	Intersection - Cross	Give way sign	"60 km/h"	Sealed - Dry	Clear	Darkness - Lighted	Straight	Grade	101	Vehs Adjacent Approach: Thru-Thru	"01: Intersection: Adjacent Approach"	N	0	0	1	0	1	2	0	0	0	0	0	0
126046	126046	Hospitalisation	2025	March	Friday	21	Angle	Multi-Vehicle	152.874665044564	-27.51603543027	Grandview Rd	""	""	Pullenvale	Brisbane City	Locally-controlled	No Roadway Feature	No traffic control	"60 km/h"	Sealed - Dry	Clear	Daylight	Curved - view open	Level	308	Vehs Same Direction: Right Turn S/Swipe	"06: Parallel Lanes Turning"	""	0	1	0	0	1	1	0	1	0	0	0	0
126058	126058	Hospitalisation	2025	March	Tuesday	9	Rear-end	Multi-Vehicle	152.959287028409	-27.5719484391702	Ipswich Mwy	""	Cunningham Arterial Road (Ipswich Motorway)	Darra	Brisbane City	State-controlled	No Roadway Feature	No traffic control	"80 - 90 km/h"	Sealed - Wet	Clear	Daylight	Straight	Level	301	Vehs Same Direction: Rear End	"04: Rear-end"	E	0	1	0	0	1	4	0	0	0	0	0	0
126061	126061	Hospitalisation	2025	April	Tuesday	11	Rear-end	Multi-Vehicle	153.005855036458	-27.4683724430189	Milton Rd	""	""	Milton	Brisbane City	Locally-controlled	No Roadway Feature	No traffic control	"60 km/h"	Sealed - Dry	Clear	Daylight	Straight	Level	301	Vehs Same Direction: Rear End	"04: Rear-end"	E	0	1	0	0	1	1	1	0	0	0	0	0
126063	126063	Medical treatment	2025	April	Wednesday	16	Rear-end	Multi-Vehicle	152.987263035761	-27.4897344413235	Moggill Rd	""	""	Taringa	Brisbane City	Locally-controlled	No Roadway Feature	No traffic control	"60 km/h"	Sealed - Dry	Raining	Dawn/Dusk	Straight	Grade	301	Vehs Same Direction: Rear End	"04: Rear-end"	S	0	0	1	0	1	2	0	0	0	0	0	0
126064	126064	Hospitalisation	2025	April	Thursday	17	Angle	Multi-Vehicle	153.025025034849	-27.4648234449144	Edward St	Upper Edward St	""	Spring Hill	Brisbane City	Locally-controlled	Intersection - Cross	Operating traffic lights	"0 - 50 km/h"	Sealed - Wet	Raining	Dawn/Dusk	Curved - view open	Crest	202	Vehs Opposite Approach: Thru-Right	"03: Opposing Vehicles Turning"	S	0	1	0	0	1	2	0	0	0	0	0	0
126065	126065	Medical treatment	2025	April	Thursday	16	Rear-end	Multi-Vehicle	153.096151026416	-27.4711834521143	Cannon Hill Shopping Plza Accs	Creek Rd	""	Cannon Hill	Brisbane City	Locally-controlled	Intersection - T-Junction	Operating traffic lights	"60 km/h"	Sealed - Wet	Raining	Dawn/Dusk	Straight	Dip	301	Vehs Same Direction: Rear End	"04: Rear-end"	S	0	0	1	0	1	2	0	0	0	0	0	0
126066	126066	Medical treatment	2025	April	Thursday	15	Hit parked vehicle	Single Vehicle	153.07439202593	-27.4934864501013	Tarana St	""	""	Camp Hill	Brisbane City	Locally-controlled	No Roadway Feature	No traffic control	"0 - 50 km/h"	Sealed - Dry	Clear	Daylight	Straight	Crest	601	Vehs On Path: Parked	"10: Hit Parked Vehicle"	N	0	0	1	0	1	3	0	0	0	0	0	0
126068	126068	Hospitalisation	2025	April	Thursday	20	Angle	Multi-Vehicle	153.026992019168	-27.5872934460793	Beaudesert Rd	O'Connel St	Mount Lindesay Arterial Road	Acacia Ridge	Brisbane City	State-controlled	Intersection - T-Junction	Operating traffic lights	"60 km/h"	Sealed - Wet	Clear	Darkness - Lighted	Straight	Level	202	Vehs Opposite Approach: Thru-Right	"03: Opposing Vehicles Turning"	N	0	1	0	0	1	2	0	0	0	0	0	0
126070	126070	Hospitalisation	2025	April	Thursday	21	Hit parked vehicle	Single Vehicle	153.043512037393	-27.4289514464871	Frodsham St	""	""	Albion	Brisbane City	Locally-controlled	No Roadway Feature	No traffic control	"60 km/h"	Sealed - Wet	Clear	Darkness - Lighted	Curved - view open	Grade	601	Vehs On Path: Parked	"10: Hit Parked Vehicle"	S	0	1	0	0	1	4	0	0	0	0	0	0
126077	126077	Hospitalisation	2025	April	Friday	18	Head-on	Multi-Vehicle	152.867396041799	-27.5442944297678	Mount Crosby Rd	""	Mount Crosby Road	Anstead	Brisbane City	State-controlled	No Roadway Feature	No traffic control	"60 km/h"	Sealed - Dry	Clear	Dawn/Dusk	Straight	Level	501	Vehs Overtaking: Head On	"02: Head-on"	W	0	3	0	0	3	2	0	0	0	0	0	0
126082	126082	Medical treatment	2025	April	Friday	13	Rear-end	Multi-Vehicle	153.021503046928	-27.3719744438263	Gympie Rd	""	Gympie Arterial Road	Aspley	Brisbane City	State-controlled	No Roadway Feature	No traffic control	"70 km/h"	Sealed - Dry	Clear	Daylight	Straight	Level	301	Vehs Same Direction: Rear End	"04: Rear-end"	S	0	0	2	0	2	2	0	0	0	0	0	0
126101	126101	Medical treatment	2025	May	Tuesday	5	Hit object	Single Vehicle	152.867111042388	-27.5398514297043	Hornsey Rd	""	""	Anstead	Brisbane City	Locally-controlled	No Roadway Feature	No traffic control	"0 - 50 km/h"	Sealed - Wet	Clear	Darkness - Not lighted	Straight	Level	605	Vehs On Path: Permanent Obstruction	"13: Hit Permanent Obstruction on Carriageway"	W	0	0	1	0	1	1	0	0	0	0	0	0
126104	126104	Hospitalisation	2025	June	Friday	19	Angle	Multi-Vehicle	153.042732021211	-27.5577184474264	Kessels Rd	Riawena Rd	Griffith Arterial Road	Salisbury	Brisbane City	State-controlled	Intersection - T-Junction	No traffic control	"70 km/h"	Sealed - Dry	Clear	Darkness - Lighted	Curved - view open	Grade	202	Vehs Opposite Approach: Thru-Right	"03: Opposing Vehicles Turning"	S	0	2	2	0	4	3	0	0	0	0	0	0
126105	126105	Hospitalisation	2025	June	Friday	19	Hit object	Single Vehicle	152.954307021851	-27.6282064391154	Woogaroo St	""	""	Forest Lake	Brisbane City	Locally-controlled	No Roadway Feature	No traffic control	"70 km/h"	Sealed - Dry	Clear	Darkness - Lighted	Straight	Level	704	Off Path-Straight: Right Off Cway Hit Obj	"16: Off Carriageway on Straight Hit Object"	S	0	1	0	0	1	1	0	0	0	0	0	0
126109	126109	Minor injury	2025	April	Monday	8	Rear-end	Multi-Vehicle	153.123800016243	-27.5280594553485	Gateway Arterial Rd	""	Gateway Motorway (Eight Mile Plains - Nudgee)	Belmont	Brisbane City	State-controlled	No Roadway Feature	No traffic control	"70 km/h"	Sealed - Dry	Clear	Daylight	Straight	Level	301	Vehs Same Direction: Rear End	"04: Rear-end"	S	0	0	0	1	1	1	0	1	0	0	0	0
126117	126117	Medical treatment	2025	June	Sunday	20	Rear-end	Multi-Vehicle	153.005363012805	-27.6560814444514	Johnson Rd	""	""	Larapinta	Brisbane City	Locally-controlled	No Roadway Feature	No traffic control	"60 km/h"	Sealed - Dry	Clear	Darkness - Lighted	Straight	Grade	301	Vehs Same Direction: Rear End	"04: Rear-end"	W	0	0	1	0	1	1	0	0	0	1	0	0
126122	126122	Minor injury	2025	May	Friday	13	Rear-end	Multi-Vehicle	153.007820192325	-27.4677543772111	Milton Rd	""	""	Milton	Brisbane City	Locally-controlled	Intersection - T-Junction	Operating traffic lights	"60 km/h"	Sealed - Dry	Clear	Daylight	Straight	Level	301	Vehs Same Direction: Rear End	"04: Rear-end"	N	0	0	0	1	1	2	0	0	0	0	0	0
126123	126123	Minor injury	2025	April	Thursday	17	Rear-end	Multi-Vehicle	153.035172030437	-27.4911474461413	Henry St	Ipswich Rd	""	Woolloongabba	Brisbane City	Locally-controlled	Intersection - T-Junction	Operating traffic lights	"0 - 50 km/h"	Sealed - Wet	Raining	Darkness - Lighted	Straight	Level	301	Vehs Same Direction: Rear End	"04: Rear-end"	N	0	0	0	1	1	2	0	0	0	0	0	0
126126	126126	Medical treatment	2025	May	Saturday	17	Rear-end	Multi-Vehicle	153.039975028809	-27.4999494466932	South East Arterial Rd	""	South-East Arterial Road (Pacific Motorway)	Woolloongabba	Brisbane City	State-controlled	No Roadway Feature	No traffic control	"80 - 90 km/h"	Sealed - Wet	Raining	Darkness - Lighted	Curved - view open	Level	301	Vehs Same Direction: Rear End	"04: Rear-end"	S	0	0	1	0	1	2	0	0	0	0	0	0
126151	126151	Hospitalisation	2025	February	Monday	15	Rear-end	Multi-Vehicle	153.024337032673	-27.4826464449862	Grey St	Vulture St	""	South Brisbane	Brisbane City	Locally-controlled	Intersection - T-Junction	Operating traffic lights	"0 - 50 km/h"	Sealed - Dry	Clear	Daylight	Curved - view open	Grade	302	Vehs Same Direction: Left Rear	"04: Rear-end"	E	0	1	0	0	1	2	0	0	0	0	0	0
126153	126153	Medical treatment	2025	February	Friday	14	Head-on	Multi-Vehicle	153.042532036889	-27.4337744464268	Abbotsford Rd	""	""	Bowen Hills	Brisbane City	Locally-controlled	No Roadway Feature	No traffic control	"60 km/h"	Sealed - Dry	Clear	Daylight	Curved - view open	Level	804	Off Path-Curve: Off Cway Lt Bend Hit Obj	"19: Off Carriageway on Curve Hit Object"	N	0	0	1	0	1	1	0	0	0	0	0	0
126174	126174	Hospitalisation	2025	June	Wednesday	16	Angle	Multi-Vehicle	152.939582031621	-27.5633284371299	Jijaws St	""	""	Sumner	Brisbane City	Locally-controlled	No Roadway Feature	No traffic control	"0 - 50 km/h"	Sealed - Dry	Clear	Daylight	Straight	Level	308	Vehs Same Direction: Right Turn S/Swipe	"06: Parallel Lanes Turning"	""	0	1	0	0	1	1	0	0	0	0	0	1
126177	126177	Hospitalisation	2025	June	Wednesday	16	Rear-end	Multi-Vehicle	153.104003015716	-27.5490134535199	Ham Rd	Wishart Rd	""	Wishart	Brisbane City	Locally-controlled	Intersection - T-Junction	No traffic control	"60 km/h"	Sealed - Dry	Clear	Dawn/Dusk	Straight	Grade	303	Vehs Same Direction: Right Rear	"04: Rear-end"	S	0	1	0	0	1	2	0	0	0	0	0	0
126179	126179	Minor injury	2025	June	Wednesday	16	Rear-end	Multi-Vehicle	153.06456501735	-27.5696444497147	Mains Rd	""	""	Sunnybank	Brisbane City	Locally-controlled	No Roadway Feature	No traffic control	"60 km/h"	Sealed - Dry	Clear	Daylight	Straight	Level	301	Vehs Same Direction: Rear End	"04: Rear-end"	S	0	0	0	1	1	3	0	0	0	0	0	0
126189	126189	Medical treatment	2025	June	Thursday	16	Angle	Multi-Vehicle	153.074103044895	-27.3435614488859	Bicentennial Rd	""	""	Boondall	Brisbane City	Locally-controlled	Intersection - Roundabout	Give way sign	"60 km/h"	Sealed - Dry	Clear	Daylight	Straight	Level	308	Vehs Same Direction: Right Turn S/Swipe	"06: Parallel Lanes Turning"	S	0	0	1	0	1	2	0	0	0	0	0	0
126193	126193	Hospitalisation	2025	June	Friday	5	Angle	Multi-Vehicle	153.080072019549	-27.539088451033	Creek Rd	Logan Rd	""	Mount Gravatt	Brisbane City	Locally-controlled	Intersection - T-Junction	Operating traffic lights	"60 km/h"	Sealed - Dry	Clear	Darkness - Lighted	Straight	Grade	202	Vehs Opposite Approach: Thru-Right	"03: Opposing Vehicles Turning"	N	0	2	0	0	2	2	0	0	0	0	0	0
126194	126194	Hospitalisation	2025	June	Saturday	18	Rear-end	Multi-Vehicle	153.034136011094	-27.6449994472518	Logan Mwy	""	Logan Motorway (Gailes - Loganholme)	Parkinson	Brisbane City	State-controlled	No Roadway Feature	No traffic control	"100 - 110 km/h"	Sealed - Dry	Clear	Darkness - Not lighted	Straight	Level	301	Vehs Same Direction: Rear End	"04: Rear-end"	E	0	1	0	0	1	2	0	0	0	0	0	0
126202	126202	Medical treatment	2025	April	Friday	16	Angle	Multi-Vehicle	153.185656010758	-27.518914461517	Mt Gravatt - Capalaba Rd	Old Cleveland Rd	Cleveland Sub-Arterial Road	Chandler	Brisbane City	State-controlled	Intersection - Cross	Operating traffic lights	"60 km/h"	Sealed - Dry	Clear	Daylight	Straight	Grade	102	Vehs Adjacent Approach: Right-Thru	"01: Intersection: Adjacent Approach"	N	0	0	1	0	1	2	0	0	0	0	0	0
126203	126203	Medical treatment	2025	April	Wednesday	11	Rear-end	Multi-Vehicle	153.011137036451	-27.4639324435137	Hale St	""	""	Petrie Terrace	Brisbane City	Locally-controlled	No Roadway Feature	No traffic control	"60 km/h"	Sealed - Dry	Clear	Daylight	Straight	Level	301	Vehs Same Direction: Rear End	"04: Rear-end"	S	0	0	2	0	2	2	0	0	0	0	0	0
126206	126206	Medical treatment	2025	March	Saturday	10	Rear-end	Multi-Vehicle	153.044889024172	-27.5324684474437	Marshall Rd	Monash Rd	""	Tarragindi	Brisbane City	Locally-controlled	Intersection - T-Junction	Operating traffic lights	"60 km/h"	Sealed - Dry	Clear	Daylight	Straight	Level	303	Vehs Same Direction: Right Rear	"04: Rear-end"	S	0	0	1	0	1	2	0	0	0	0	0	0
126208	126208	Medical treatment	2025	April	Thursday	10	Angle	Multi-Vehicle	153.098226017009	-27.5437214528965	Cresthaven Dr	Dirkala St	""	Mansfield	Brisbane City	Locally-controlled	Intersection - Cross	Stop sign	"60 km/h"	Sealed - Dry	Clear	Daylight	Straight	Grade	101	Vehs Adjacent Approach: Thru-Thru	"01: Intersection: Adjacent Approach"	W	0	0	1	0	1	2	0	0	0	0	0	0
126221	126221	Medical treatment	2025	March	Friday	0	Sideswipe	Multi-Vehicle	153.121908021535	-27.4879114548406	Gateway Arterial Rd	""	Gateway Motorway (Eight Mile Plains - Nudgee)	Belmont	Brisbane City	State-controlled	No Roadway Feature	No traffic control	"100 - 110 km/h"	Sealed - Dry	Clear	Darkness - Lighted	Straight	Level	305	Vehs Same Direction: Lane Side Swipe	"05: Lane Change"	N	0	0	1	0	1	1	1	0	0	0	0	0
126227	126227	Medical treatment	2025	April	Thursday	17	Rear-end	Multi-Vehicle	153.095536037405	-27.3847774513687	Gateway Arterial Rd	""	Gateway Arterial Road (Gateway Motorway - North)	Banyo	Brisbane City	State-controlled	No Roadway Feature	No traffic control	"60 km/h"	Sealed - Dry	Clear	Daylight	Straight	Level	301	Vehs Same Direction: Rear End	"04: Rear-end"	N	0	0	1	0	1	2	0	0	0	0	0	0
126235	126235	Hospitalisation	2025	April	Wednesday	16	Rear-end	Multi-Vehicle	153.016494013306	-27.6425954454618	Logan Mwy	""	Logan Motorway (Gailes - Loganholme)	Parkinson	Brisbane City	State-controlled	No Roadway Feature	No traffic control	"100 - 110 km/h"	Sealed - Dry	Clear	Daylight	Straight	Level	301	Vehs Same Direction: Rear End	"04: Rear-end"	W	0	2	2	0	4	1	0	1	0	0	0	0
126241	126241	Medical treatment	2025	June	Tuesday	14	Angle	Multi-Vehicle	152.976766033788	-27.5143504404661	Harte St	Oxley Rd	""	Chelmer	Brisbane City	Locally-controlled	Intersection - T-Junction	No traffic control	"0 - 50 km/h"	Sealed - Dry	Clear	Daylight	Straight	Level	107	Vehs Adjacent Approach: Thru-Left	"01: Intersection: Adjacent Approach"	S	0	0	1	0	1	1	0	0	0	0	0	1
126250	126250	Hospitalisation	2025	April	Wednesday	21	Hit object	Single Vehicle	153.06569702884	-27.4778504491033	Bennetts Rd	""	""	Norman Park	Brisbane City	Locally-controlled	No Roadway Feature	No traffic control	"60 km/h"	Sealed - Wet	Clear	Darkness - Lighted	Curved - view open	Dip	803	Off Path-Curve: Off Cway Rt Bend Hit Obj	"19: Off Carriageway on Curve Hit Object"	S	0	1	0	0	1	1	0	0	0	0	0	0
126251	126251	Minor injury	2025	March	Thursday	18	Head-on	Multi-Vehicle	153.071836027979	-27.4794474497333	Oateson Skyline Dr	""	""	Seven Hills	Brisbane City	Locally-controlled	No Roadway Feature	No traffic control	"60 km/h"	Sealed - Dry	Clear	Daylight	Straight	Grade	201	Vehs Opposite Approach: Head On	"02: Head-on"	W	0	0	0	1	1	2	0	0	0	0	0	0
126252	126252	Minor injury	2025	June	Saturday	18	Rear-end	Multi-Vehicle	153.102421028825	-27.4468314525529	Gateway Arterial Rd	""	Gateway Motorway (Eight Mile Plains - Nudgee)	Murarrie	Brisbane City	State-controlled	Bridge/Causeway	No traffic control	"80 - 90 km/h"	Sealed - Dry	Clear	Darkness - Lighted	Straight	Level	301	Vehs Same Direction: Rear End	"04: Rear-end"	E	0	0	0	1	1	2	0	0	0	0	0	0
126254	126254	Hospitalisation	2025	May	Wednesday	13	Angle	Multi-Vehicle	153.095896026271	-27.4725414520994	Creek Rd	""	""	Cannon Hill	Brisbane City	Locally-controlled	Intersection - Cross	No traffic control	"60 km/h"	Sealed - Dry	Clear	Daylight	Straight	Level	202	Vehs Opposite Approach: Thru-Right	"03: Opposing Vehicles Turning"	N	0	1	2	1	4	2	0	0	0	0	0	0
126255	126255	Medical treatment	2025	May	Thursday	20	Angle	Multi-Vehicle	153.05844802941	-27.4794904483876	Norman Ave	Scott St	""	Norman Park	Brisbane City	Locally-controlled	Intersection - Cross	No traffic control	"0 - 50 km/h"	Sealed - Dry	Clear	Darkness - Lighted	Straight	Level	202	Vehs Opposite Approach: Thru-Right	"03: Opposing Vehicles Turning"	N	0	0	1	0	1	1	1	0	0	0	0	0
126258	126258	Hospitalisation	2025	June	Monday	14	Sideswipe	Multi-Vehicle	152.962179020323	-27.6335664399458	Logan Mwy	""	Logan Motorway (Gailes - Loganholme)	Forest Lake	Brisbane City	State-controlled	No Roadway Feature	No traffic control	"100 - 110 km/h"	Sealed - Dry	Clear	Daylight	Straight	Level	307	Vehs Same Direction: Lane Change Left	"05: Lane Change"	W	0	1	0	0	1	1	0	1	0	0	0	0
126266	126266	Medical treatment	2025	June	Friday	17	Rear-end	Multi-Vehicle	153.120376027166	-27.4447444543448	Lytton Rd	Poppy St	Port Of Brisbane Road	Hemmant	Brisbane City	State-controlled	Intersection - T-Junction	No traffic control	"60 km/h"	Sealed - Dry	Clear	Darkness - Lighted	Straight	Level	303	Vehs Same Direction: Right Rear	"04: Rear-end"	E	0	0	1	0	1	2	0	0	0	0	0	0
126269	126269	Hospitalisation	2025	June	Friday	17	Rear-end	Multi-Vehicle	153.047206025982	-27.5161784475478	South East Arterial Rd	""	South-East Arterial Road (Pacific Motorway)	Greenslopes	Brisbane City	State-controlled	No Roadway Feature	No traffic control	"80 - 90 km/h"	Sealed - Dry	Clear	Darkness - Lighted	Straight	Level	301	Vehs Same Direction: Rear End	"04: Rear-end"	E	0	1	0	1	2	3	0	0	0	0	0	0
126273	126273	Hospitalisation	2025	June	Monday	18	Angle	Multi-Vehicle	153.002740031628	-27.5093244430301	Orlando Rd	Ormadale Rd	""	Yeronga	Brisbane City	Locally-controlled	Intersection - T-Junction	No traffic control	"0 - 50 km/h"	Sealed - Dry	Clear	Darkness - Lighted	Curved - view open	Grade	202	Vehs Opposite Approach: Thru-Right	"03: Opposing Vehicles Turning"	E	0	1	0	0	1	1	0	0	0	1	0	0
126279	126279	Medical treatment	2025	January	Friday	20	Head-on	Multi-Vehicle	153.049110036298	-27.4328794470806	Comus Ave	Crosby Rd	""	Ascot	Brisbane City	Locally-controlled	Intersection - Cross	Give way sign	"0 - 50 km/h"	Sealed - Dry	Clear	Darkness - Lighted	Straight	Grade	201	Vehs Opposite Approach: Head On	"02: Head-on"	W	0	0	2	0	2	2	0	0	0	0	0	0
126281	126281	Medical treatment	2025	January	Saturday	4	Rear-end	Multi-Vehicle	153.01699804875	-27.3613274432899	Gayford St	Gympie Rd	Gympie Arterial Road	Aspley	Brisbane City	State-controlled	Intersection - Cross	Operating traffic lights	"70 km/h"	Sealed - Dry	Clear	Darkness - Lighted	Straight	Level	301	Vehs Same Direction: Rear End	"04: Rear-end"	N	0	0	4	0	4	2	0	0	0	0	0	0
126289	126289	Hospitalisation	2025	January	Monday	8	Rear-end	Multi-Vehicle	153.086606015172	-27.5680894519194	Pacific Hwy	""	South-East Arterial Road (Pacific Motorway)	Macgregor	Brisbane City	State-controlled	Merge Lane	No traffic control	"60 km/h"	Sealed - Dry	Clear	Daylight	Straight	Level	301	Vehs Same Direction: Rear End	"04: Rear-end"	N	0	1	0	0	1	2	0	0	0	0	0	0
126304	126304	Hospitalisation	2025	January	Tuesday	6	Hit object	Single Vehicle	153.020599034934	-27.4679134444946	George St	Tank St	""	Brisbane City	Brisbane City	Locally-controlled	Intersection - T-Junction	Operating traffic lights	"0 - 50 km/h"	Sealed - Dry	Clear	Daylight	Straight	Level	400	Vehs Manoeuvring: Other	"21: Other"	W	0	1	0	0	1	0	0	0	0	1	0	0
126316	126316	Minor injury	2025	January	Thursday	7	Rear-end	Multi-Vehicle	152.982533037733	-27.4781174407576	Dean St	Mt Coot-Tha Rd	Western Arterial Road (Toowong - Everton Park)	Toowong	Brisbane City	State-controlled	Intersection - T-Junction	Give way sign	"0 - 50 km/h"	Sealed - Dry	Clear	Daylight	Straight	Level	302	Vehs Same Direction: Left Rear	"04: Rear-end"	S	0	0	0	1	1	2	0	0	0	0	0	0
126327	126327	Medical treatment	2025	February	Monday	0	Angle	Multi-Vehicle	152.987238022289	-27.5965464421644	Blunder Rd	Inala Ave	""	Durack	Brisbane City	Locally-controlled	Intersection - Cross	Operating traffic lights	"60 km/h"	Unsealed - Dry	Clear	Darkness - Lighted	Straight	Level	101	Vehs Adjacent Approach: Thru-Thru	"01: Intersection: Adjacent Approach"	W	0	0	1	0	1	2	0	0	0	0	0	0
126332	126332	Medical treatment	2025	May	Sunday	11	Angle	Multi-Vehicle	153.052526026539	-27.5072444480118	Chatsworth Rd	Holland St	""	Greenslopes	Brisbane City	Locally-controlled	Intersection - T-Junction	No traffic control	"60 km/h"	Sealed - Dry	Clear	Daylight	Straight	Grade	202	Vehs Opposite Approach: Thru-Right	"03: Opposing Vehicles Turning"	N	0	0	1	0	1	2	0	0	0	0	0	0
126336	126336	Minor injury	2025	May	Sunday	17	Angle	Multi-Vehicle	153.111444024618	-27.472431453664	Wynnum Rd	""	""	Tingalpa	Brisbane City	Locally-controlled	No Roadway Feature	No traffic control	"70 km/h"	Sealed - Dry	Clear	Darkness - Lighted	Straight	Level	400	Vehs Manoeuvring: Other	"21: Other"	""	0	0	0	1	1	1	0	0	0	0	0	1
126342	126342	Medical treatment	2025	June	Monday	9	Angle	Multi-Vehicle	153.011093035878	-27.4685094435454	Boomerang St	Coronation Dr	""	Brisbane City	Brisbane City	Locally-controlled	Intersection - Cross	Operating traffic lights	"60 km/h"	Sealed - Dry	Clear	Daylight	Straight	Dip	101	Vehs Adjacent Approach: Thru-Thru	"01: Intersection: Adjacent Approach"	W	0	0	1	0	1	2	0	0	0	0	0	0
126346	126346	Hospitalisation	2025	June	Thursday	7	Overturned	Single Vehicle	153.051421048433	-27.3346814465354	Gateway Arterial Rd	""	Gateway Arterial Road (Gateway Motorway - North)	Taigum	Brisbane City	State-controlled	No Roadway Feature	No traffic control	"100 - 110 km/h"	Sealed - Dry	Clear	Daylight	Curved - view open	Level	801	Off Path-Curve: Off Cway Right Bend	"18: Off Carriageway on Curve"	N	0	1	0	0	1	0	0	1	0	0	0	0
126352	126352	Medical treatment	2025	April	Wednesday	14	Angle	Multi-Vehicle	152.9766230243	-27.5896944410466	Abelia St	Rosemary St	""	Inala	Brisbane City	Locally-controlled	Intersection - T-Junction	Give way sign	"60 km/h"	Sealed - Dry	Clear	Daylight	Straight	Grade	104	Vehs Adjacent Approach: Thru-Right	"01: Intersection: Adjacent Approach"	N	0	0	3	0	3	2	0	0	0	0	0	0
126355	126355	Medical treatment	2025	April	Thursday	8	Sideswipe	Multi-Vehicle	153.106762012211	-27.5743204539976	Gateway Art Rd Ramp Ma	Gateway Arterial Rd	Gateway Motorway (Eight Mile Plains - Nudgee)	Rochedale	Brisbane City	State-controlled	Intersection - Interchange	No traffic control	"100 - 110 km/h"	Sealed - Dry	Clear	Daylight	Straight	Level	307	Vehs Same Direction: Lane Change Left	"05: Lane Change"	S	0	0	1	0	1	2	0	0	0	0	0	0
126359	126359	Hospitalisation	2025	April	Saturday	6	Hit pedestrian	Hit pedestrian	153.124901021085	-27.4889304551502	Kinsella St	""	""	Belmont	Brisbane City	Locally-controlled	No Roadway Feature	No traffic control	"0 - 50 km/h"	Sealed - Dry	Clear	Daylight	Straight	Level	5	Pedn: Hit Walking With Traffic	"12: Pedestrian"	E	0	1	0	0	1	1	0	0	0	0	1	0
126361	126361	Hospitalisation	2025	April	Saturday	9	Angle	Multi-Vehicle	153.079488010153	-27.6137434515636	Compton Rd	""	Gateway Extension Motorway (Drewvale - Eight Mile Plains)	Stretton	Brisbane City	State-controlled	Intersection - Interchange	Operating traffic lights	"70 km/h"	Sealed - Dry	Clear	Daylight	Straight	Level	104	Vehs Adjacent Approach: Thru-Right	"01: Intersection: Adjacent Approach"	S	0	1	0	0	1	2	0	0	0	0	0	0
126362	126362	Hospitalisation	2025	April	Saturday	16	Hit parked vehicle	Single Vehicle	152.942052037255	-27.5164704370071	Aberfoyle St	Tarbet St	""	Kenmore	Brisbane City	Locally-controlled	No Roadway Feature	No traffic control	"0 - 50 km/h"	Sealed - Dry	Clear	Daylight	Straight	Grade	601	Vehs On Path: Parked	"10: Hit Parked Vehicle"	W	0	1	0	0	1	2	0	0	0	0	0	0
126367	126367	Minor injury	2025	April	Thursday	7	Angle	Multi-Vehicle	152.959469025872	-27.5919114393459	Archerfield Rd	Azalea St	""	Inala	Brisbane City	Locally-controlled	Intersection - Cross	Stop sign	"60 km/h"	Sealed - Dry	Clear	Darkness - Lighted	Straight	Level	101	Vehs Adjacent Approach: Thru-Thru	"01: Intersection: Adjacent Approach"	W	0	0	0	1	1	2	0	0	0	0	0	0
126368	126368	Minor injury	2025	April	Saturday	17	Rear-end	Multi-Vehicle	153.06180901588	-27.5836004495478	Mains Rd	""	""	Sunnybank	Brisbane City	Locally-controlled	No Roadway Feature	No traffic control	"60 km/h"	Sealed - Dry	Clear	Dawn/Dusk	Straight	Level	301	Vehs Same Direction: Rear End	"04: Rear-end"	N	0	0	0	1	1	2	0	0	0	0	0	0
126374	126374	Medical treatment	2025	April	Wednesday	11	Angle	Multi-Vehicle	153.017136042745	-27.4088924436802	Pateena St	Webster Rd	""	Stafford	Brisbane City	Locally-controlled	Intersection - T-Junction	Give way sign	"60 km/h"	Sealed - Dry	Clear	Daylight	Straight	Grade	102	Vehs Adjacent Approach: Right-Thru	"01: Intersection: Adjacent Approach"	S	0	0	1	0	1	2	0	0	0	0	0	0
126376	126376	Medical treatment	2025	April	Monday	7	Angle	Multi-Vehicle	153.032418031384	-27.4859864458239	Leopard St	South East Arterial Rd	South-East Arterial Road (Pacific Motorway)	Woolloongabba	Brisbane City	State-controlled	Intersection - Interchange	Operating traffic lights	"60 km/h"	Sealed - Dry	Clear	Daylight	Straight	Level	101	Vehs Adjacent Approach: Thru-Thru	"01: Intersection: Adjacent Approach"	E	0	0	1	0	1	2	0	0	0	0	0	0
126377	126377	Medical treatment	2025	April	Monday	17	Rear-end	Multi-Vehicle	153.094495011346	-27.5915684528987	Underwood Rd	""	Gateway Extension Motorway (Drewvale - Eight Mile Plains)	Eight Mile Plains	Brisbane City	State-controlled	No Roadway Feature	No traffic control	"70 km/h"	Sealed - Dry	Clear	Dawn/Dusk	Straight	Grade	301	Vehs Same Direction: Rear End	"04: Rear-end"	W	0	0	1	1	2	2	0	0	0	0	0	0
126382	126382	Minor injury	2025	April	Wednesday	17	Sideswipe	Multi-Vehicle	153.022444046701	-27.3729804439287	Gympie Rd	""	Gympie Arterial Road	Aspley	Brisbane City	State-controlled	No Roadway Feature	No traffic control	"60 km/h"	Sealed - Dry	Clear	Daylight	Straight	Level	306	Vehs Same Direction: Lane Change Right	"05: Lane Change"	W	0	0	0	1	1	2	0	0	0	0	0	0
126383	126383	Medical treatment	2025	April	Monday	17	Sideswipe	Multi-Vehicle	153.03151504233	-27.399977445053	Gympie Rd	Kitchener Rd	Gympie Arterial Road	Kedron	Brisbane City	State-controlled	Intersection - Cross	Operating traffic lights	"60 km/h"	Sealed - Dry	Clear	Daylight	Straight	Level	305	Vehs Same Direction: Lane Side Swipe	"05: Lane Change"	S	0	0	1	0	1	2	0	0	0	0	0	0
126403	126403	Hospitalisation	2025	March	Sunday	0	Hit object	Single Vehicle	153.006681025173	-27.5571034438027	Ipswich Mwy	""	Cunningham Arterial Road (Ipswich Motorway)	Rocklea	Brisbane City	State-controlled	No Roadway Feature	No traffic control	"100 - 110 km/h"	Sealed - Dry	Clear	Darkness - Lighted	Straight	Level	703	Off Path-Straight: Left Off Cway Hit Obj	"16: Off Carriageway on Straight Hit Object"	N	0	2	0	0	2	1	0	0	0	0	0	0
126412	126412	Minor injury	2025	January	Thursday	8	Angle	Multi-Vehicle	153.028436030052	-27.4999274455343	Annerley Rd	Noble St	""	Dutton Park	Brisbane City	Locally-controlled	Intersection - 5+ way	Operating traffic lights	"60 km/h"	Sealed - Dry	Clear	Daylight	Straight	Crest	901	Pass & Misc: Fell In/From Vehicle	"21: Other"	N	0	0	0	1	1	0	0	1	0	1	0	0
126413	126413	Hospitalisation	2025	May	Saturday	19	Hit object	Single Vehicle	152.964743039488	-27.4793554389852	Sir Samuel Griffith Dr	""	""	Mount Coot-tha	Brisbane City	Locally-controlled	No Roadway Feature	No traffic control	"0 - 50 km/h"	Sealed - Dry	Clear	Darkness - Not lighted	Curved - view obscured	Grade	804	Off Path-Curve: Off Cway Lt Bend Hit Obj	"19: Off Carriageway on Curve Hit Object"	N	0	1	0	0	1	0	1	0	0	0	0	0
126419	126419	Medical treatment	2025	January	Friday	16	Rear-end	Multi-Vehicle	152.98555604801	-27.3939144403947	Old Northern Rd	""	Everton Park - Albany Creek Road	Everton Park	Brisbane City	State-controlled	No Roadway Feature	No traffic control	"60 km/h"	Sealed - Dry	Clear	Daylight	Straight	Grade	301	Vehs Same Direction: Rear End	"04: Rear-end"	S	0	0	1	0	1	4	0	0	0	0	0	0
126432	126432	Minor injury	2025	February	Sunday	18	Rear-end	Multi-Vehicle	153.033459023771	-27.5453714463976	Evans Rd	Mccarthy Rd	""	Salisbury	Brisbane City	Locally-controlled	Intersection - T-Junction	Operating traffic lights	"60 km/h"	Sealed - Dry	Clear	Dawn/Dusk	Straight	Level	303	Vehs Same Direction: Right Rear	"04: Rear-end"	N	0	0	0	1	1	2	0	0	0	0	0	0
126433	126433	Minor injury	2025	March	Wednesday	15	Rear-end	Multi-Vehicle	153.010862026386	-27.5439294441181	Fairfield Rd	Ipswich Rd	""	Rocklea	Brisbane City	Locally-controlled	Intersection - Interchange	Give way sign	"60 km/h"	Sealed - Dry	Clear	Daylight	Straight	Level	302	Vehs Same Direction: Left Rear	"04: Rear-end"	N	0	0	0	1	1	2	0	0	0	0	0	0
126435	126435	Medical treatment	2025	March	Sunday	9	Sideswipe	Multi-Vehicle	153.009342025678	-27.5508364440202	Cunningham Arterial Rd	Ipswich Mwy	""	Rocklea	Brisbane City	Locally-controlled	No Roadway Feature	No traffic control	"0 - 50 km/h"	Sealed - Dry	Clear	Daylight	Straight	Level	306	Vehs Same Direction: Lane Change Right	"05: Lane Change"	N	0	0	1	1	2	2	0	0	0	0	0	0
126503	126503	Medical treatment	2025	January	Wednesday	14	Rear-end	Multi-Vehicle	153.117341023795	-27.47393845427	Gateway Art Rd Ramp U	Wynnum Rd	Gateway Motorway (Eight Mile Plains - Nudgee)	Tingalpa	Brisbane City	State-controlled	Intersection - Interchange	Operating traffic lights	"60 km/h"	Sealed - Dry	Clear	Daylight	Straight	Level	303	Vehs Same Direction: Right Rear	"04: Rear-end"	W	0	0	1	0	1	2	0	0	0	0	0	0
126512	126512	Fatal	2025	March	Tuesday	19	Hit pedestrian	Hit pedestrian	153.07998301648	-27.563397451216	Garden City Bus Intg	Macgregor St	""	Macgregor	Brisbane City	Locally-controlled	No Roadway Feature	Pedestrian crossing sign	"0 - 50 km/h"	Sealed - Dry	Clear	Darkness - Lighted	Straight	Level	3	Pedn: Far Side Vehicle Hit From Left	"12: Pedestrian"	E	1	0	0	0	1	1	0	0	0	0	1	0
126519	126519	Medical treatment	2025	June	Sunday	12	Rear-end	Multi-Vehicle	153.089223014864	-27.5682944521844	Logan Rd	""	Logan Sub-Arterial Road	Eight Mile Plains	Brisbane City	State-controlled	No Roadway Feature	No traffic control	"60 km/h"	Sealed - Dry	Clear	Daylight	Straight	Level	301	Vehs Same Direction: Rear End	"04: Rear-end"	W	0	0	1	0	1	3	0	0	0	0	0	0
126520	126520	Medical treatment	2025	January	Monday	20	Rear-end	Multi-Vehicle	153.063133016709	-27.5759224496203	Mains Rd	""	""	Sunnybank	Brisbane City	Locally-controlled	No Roadway Feature	No traffic control	"60 km/h"	Sealed - Dry	Clear	Daylight	Straight	Level	301	Vehs Same Direction: Rear End	"04: Rear-end"	""	0	0	1	0	1	2	0	0	0	0	0	0
126526	126526	Minor injury	2025	June	Friday	17	Rear-end	Multi-Vehicle	152.945583033927	-27.5398894375453	Centenary Hwy	""	Centenary Motorway (Ellen Grove - Toowong)	Jindalee	Brisbane City	State-controlled	No Roadway Feature	No traffic control	"100 - 110 km/h"	Sealed - Dry	Clear	Darkness - Lighted	Straight	Level	301	Vehs Same Direction: Rear End	"04: Rear-end"	N	0	0	0	1	1	4	0	0	0	0	0	0
126532	126532	Hospitalisation	2025	June	Friday	8	Angle	Multi-Vehicle	153.0086660406	-27.4331174430221	Erneton St	Ward St	""	Newmarket	Brisbane City	Locally-controlled	Intersection - T-Junction	Give way sign	"0 - 50 km/h"	Sealed - Dry	Clear	Daylight	Curved - view open	Grade	100	Vehs Adjacent Approach: Other	"01: Intersection: Adjacent Approach"	""	0	1	0	0	1	1	1	0	0	0	0	0
126540	126540	Minor injury	2025	April	Friday	17	Angle	Multi-Vehicle	153.06563901797	-27.5638354497769	Mains Rd	""	""	Macgregor	Brisbane City	Locally-controlled	No Roadway Feature	No traffic control	"60 km/h"	Sealed - Dry	Clear	Dawn/Dusk	Straight	Level	303	Vehs Same Direction: Right Rear	"04: Rear-end"	S	0	0	0	1	1	2	0	0	0	0	0	0
126551	126551	Medical treatment	2025	June	Friday	20	Angle	Multi-Vehicle	153.040208027886	-27.5070604467728	Earl St	Victoria Tce	""	Greenslopes	Brisbane City	Locally-controlled	Intersection - Cross	No traffic control	"60 km/h"	Sealed - Dry	Clear	Darkness - Not lighted	Straight	Level	308	Vehs Same Direction: Right Turn S/Swipe	"06: Parallel Lanes Turning"	""	0	0	3	0	3	1	0	0	1	0	0	0
126552	126552	Minor injury	2025	June	Friday	14	Angle	Multi-Vehicle	152.989883049324	-27.3797854407165	Hamilton Rd	""	""	Mcdowall	Brisbane City	Locally-controlled	No Roadway Feature	Stop sign	"60 km/h"	Sealed - Dry	Clear	Daylight	Straight	Grade	400	Vehs Manoeuvring: Other	"21: Other"	""	0	0	0	1	1	1	0	0	0	1	0	0
126557	126557	Medical treatment	2025	May	Wednesday	18	Hit pedestrian	Hit pedestrian	153.122512023172	-27.4744754547952	Hamilton St	Wynnum Rd	""	Tingalpa	Brisbane City	Locally-controlled	Intersection - T-Junction	No traffic control	"60 km/h"	Sealed - Dry	Clear	Darkness - Lighted	Straight	Level	1	Pedn: Near Side Vehicle Hit From Right	"12: Pedestrian"	W	0	0	2	0	2	1	0	0	0	0	2	0
126559	126559	Hospitalisation	2025	May	Wednesday	19	Angle	Multi-Vehicle	153.032368041371	-27.4068634451932	Gympie Rd	Sadlier St	Gympie Arterial Road	Kedron	Brisbane City	State-controlled	Intersection - T-Junction	Operating traffic lights	"60 km/h"	Sealed - Wet	Clear	Darkness - Lighted	Curved - view open	Dip	102	Vehs Adjacent Approach: Right-Thru	"01: Intersection: Adjacent Approach"	W	0	1	0	0	1	2	0	0	0	0	0	0
126562	126562	Hospitalisation	2025	June	Saturday	12	Rear-end	Multi-Vehicle	153.035745033827	-27.4638044459827	Story Bridge	""	""	Kangaroo Point	Brisbane City	Locally-controlled	Bridge/Causeway	No traffic control	"60 km/h"	Sealed - Dry	Clear	Daylight	Straight	Level	301	Vehs Same Direction: Rear End	"04: Rear-end"	N	0	1	0	0	1	2	0	0	0	0	0	0
126565	126565	Hospitalisation	2025	May	Thursday	22	Hit pedestrian	Hit pedestrian	153.032871035027	-27.4567354456382	Brunswick St	""	""	Fortitude Valley	Brisbane City	Locally-controlled	No Roadway Feature	No traffic control	"0 - 50 km/h"	Sealed - Dry	Clear	Darkness - Lighted	Straight	Level	3	Pedn: Far Side Vehicle Hit From Left	"12: Pedestrian"	E	0	1	0	0	1	2	0	0	0	0	1	0
126568	126568	Hospitalisation	2025	May	Friday	3	Hit pedestrian	Hit pedestrian	153.076082795112	-27.466883450061	Wynnum Rd	""	""	Morningside	Brisbane City	Locally-controlled	No Roadway Feature	No traffic control	"60 km/h"	Sealed - Wet	Raining	Darkness - Lighted	Curved - view open	Level	4	Pedn: Play; Work; Stand; Lie On Cway	"12: Pedestrian"	E	0	1	1	0	2	2	0	0	0	0	1	0
126571	126571	Medical treatment	2025	March	Monday	16	Rear-end	Multi-Vehicle	153.106252011846	-27.5776324539724	Gateway Art Rd Ramp Ma	Miles Platting Rd	Gateway Motorway (Eight Mile Plains - Nudgee)	Rochedale	Brisbane City	State-controlled	Intersection - Interchange	Operating traffic lights	"60 km/h"	Sealed - Dry	Clear	Daylight	Straight	Level	301	Vehs Same Direction: Rear End	"04: Rear-end"	W	0	0	1	0	1	2	0	0	0	0	0	0
126574	126574	Minor injury	2025	May	Wednesday	17	Angle	Multi-Vehicle	152.998302045212	-27.4053054417626	Cain St	Trouts Rd	""	Everton Park	Brisbane City	Locally-controlled	Intersection - T-Junction	Give way sign	"60 km/h"	Sealed - Dry	Clear	Daylight	Straight	Level	104	Vehs Adjacent Approach: Thru-Right	"01: Intersection: Adjacent Approach"	N	0	0	0	1	1	2	0	0	0	0	0	0
126576	126576	Minor injury	2025	June	Saturday	14	Angle	Multi-Vehicle	153.053473046581	-27.3476444468443	Muller Rd	Roscommon Rd	""	Taigum	Brisbane City	Locally-controlled	Intersection - T-Junction	Give way sign	"60 km/h"	Sealed - Dry	Clear	Daylight	Straight	Level	107	Vehs Adjacent Approach: Thru-Left	"01: Intersection: Adjacent Approach"	S	0	0	0	1	1	1	0	0	0	1	0	0
126591	126591	Hospitalisation	2025	February	Wednesday	0	Angle	Multi-Vehicle	153.145226026964	-27.4253324566962	Lytton Rd	Port Of Brisbane Rd	Port Of Brisbane Road	Lytton	Brisbane City	State-controlled	Intersection - Cross	Operating traffic lights	"60 km/h"	Sealed - Wet	Raining	Darkness - Lighted	Straight	Level	202	Vehs Opposite Approach: Thru-Right	"03: Opposing Vehicles Turning"	N	0	1	0	0	1	2	0	0	0	0	0	0
126599	126599	Medical treatment	2025	June	Monday	6	Angle	Multi-Vehicle	153.030374037065	-27.4427064452765	Lutwyche Rd	Northey St	""	Windsor	Brisbane City	Locally-controlled	Intersection - Cross	Operating traffic lights	"60 km/h"	Sealed - Wet	Raining	Daylight	Curved - view open	Level	101	Vehs Adjacent Approach: Thru-Thru	"01: Intersection: Adjacent Approach"	N	0	0	1	0	1	2	0	0	0	0	0	0
126603	126603	Hospitalisation	2025	May	Thursday	14	Rear-end	Multi-Vehicle	153.079139037274	-27.3996934498369	Southern Cross Wy	""	Southern Cross Way	Northgate	Brisbane City	State-controlled	Intersection - Interchange	No traffic control	"80 - 90 km/h"	Sealed - Dry	Clear	Daylight	Straight	Dip	301	Vehs Same Direction: Rear End	"04: Rear-end"	N	0	1	0	0	1	1	0	1	0	0	0	0
126604	126604	Minor injury	2025	June	Saturday	1	Hit object	Single Vehicle	153.154349019574	-27.4759314580167	Manly Rd	""	""	Wakerley	Brisbane City	Locally-controlled	No Roadway Feature	No traffic control	"60 km/h"	Sealed - Dry	Clear	Darkness - Lighted	Curved - view open	Level	808	Off Path-Curve: Mounts Traffic Island	"19: Off Carriageway on Curve Hit Object"	E	0	0	0	1	1	1	0	0	0	0	0	0
126653	126653	Medical treatment	2025	June	Friday	20	Rear-end	Multi-Vehicle	153.031050043993	-27.387181444905	Gympie Rd	""	Gympie Arterial Road	Chermside	Brisbane City	State-controlled	No Roadway Feature	No traffic control	"60 km/h"	Sealed - Dry	Clear	Darkness - Lighted	Straight	Level	301	Vehs Same Direction: Rear End	"04: Rear-end"	N	0	0	1	0	1	3	0	0	0	0	0	0
126654	126654	Hospitalisation	2025	June	Sunday	11	Angle	Multi-Vehicle	153.041182037524	-27.4298894462605	Albion Rd	Hudson Rd	""	Albion	Brisbane City	Locally-controlled	Intersection - Cross	Operating traffic lights	"60 km/h"	Sealed - Dry	Clear	Daylight	Straight	Level	101	Vehs Adjacent Approach: Thru-Thru	"01: Intersection: Adjacent Approach"	""	0	2	0	0	2	2	0	0	0	0	0	0
126656	126656	Hospitalisation	2025	June	Sunday	11	Angle	Multi-Vehicle	153.125859019179	-27.5031524553592	Gateway Art Rd Ramp Vf	Old Cleveland Rd	Cleveland Sub-Arterial Road	Belmont	Brisbane City	State-controlled	Intersection - T-Junction	Give way sign	"60 km/h"	Sealed - Dry	Clear	Daylight	Straight	Level	107	Vehs Adjacent Approach: Thru-Left	"01: Intersection: Adjacent Approach"	E	0	2	0	0	2	1	0	1	0	0	0	0
126657	126657	Minor injury	2025	June	Sunday	14	Angle	Multi-Vehicle	153.093510008177	-27.6173914530033	Acacia Rd	Compton Rd	""	Karawatha	Brisbane City	Locally-controlled	Intersection - T-Junction	Operating traffic lights	"70 km/h"	Sealed - Dry	Clear	Daylight	Straight	Grade	202	Vehs Opposite Approach: Thru-Right	"03: Opposing Vehicles Turning"	E	0	0	0	2	2	2	0	0	0	0	0	0
126674	126674	Medical treatment	2025	May	Thursday	6	Rear-end	Multi-Vehicle	153.092796031967	-27.4301284514519	Gateway Arterial Rd	Kingsford Smith Dr	Gateway Motorway (Eight Mile Plains - Nudgee)	Eagle Farm	Brisbane City	State-controlled	Intersection - Interchange	Operating traffic lights	"60 km/h"	Sealed - Dry	Clear	Daylight	Straight	Level	102	Vehs Adjacent Approach: Right-Thru	"01: Intersection: Adjacent Approach"	W	0	0	1	0	1	1	1	0	0	0	0	0
126688	126688	Medical treatment	2025	May	Sunday	16	Angle	Multi-Vehicle	153.029466014032	-27.6257754466313	Algester Rd	Ridgewood Rd	""	Algester	Brisbane City	Locally-controlled	Intersection - T-Junction	Operating traffic lights	"60 km/h"	Sealed - Wet	Raining	Daylight	Straight	Level	104	Vehs Adjacent Approach: Thru-Right	"01: Intersection: Adjacent Approach"	N	0	0	1	0	1	2	0	0	0	0	0	0
126690	126690	Minor injury	2025	May	Thursday	8	Angle	Multi-Vehicle	153.044786030073	-27.4858554470651	Longlands St	Vulture St East	""	East Brisbane	Brisbane City	Locally-controlled	Intersection - T-Junction	No traffic control	"60 km/h"	Sealed - Dry	Clear	Daylight	Straight	Level	308	Vehs Same Direction: Right Turn S/Swipe	"06: Parallel Lanes Turning"	E	0	0	0	1	1	2	0	0	0	0	0	0
126697	126697	Medical treatment	2025	May	Wednesday	17	Rear-end	Multi-Vehicle	153.019985032021	-27.4915184446195	Gladstone Rd	Park Rd W	""	Highgate Hill	Brisbane City	Locally-controlled	Intersection - T-Junction	No traffic control	"0 - 50 km/h"	Sealed - Wet	Clear	Darkness - Lighted	Straight	Level	301	Vehs Same Direction: Rear End	"04: Rear-end"	W	0	0	1	0	1	2	0	0	0	0	0	0
126701	126701	Medical treatment	2025	May	Saturday	20	Hit pedestrian	Hit pedestrian	152.960851048872	-27.4080824380319	Tozer St	""	""	Keperra	Brisbane City	Locally-controlled	No Roadway Feature	No traffic control	"60 km/h"	Sealed - Dry	Clear	Darkness - Lighted	Straight	Level	0	Pedn: Hit Other	"21: Other"	S	0	0	1	0	1	1	0	0	0	0	1	0
126722	126722	Medical treatment	2025	April	Friday	0	Angle	Multi-Vehicle	153.035846031414	-27.4828344461432	Main St	Princess St	""	Kangaroo Point	Brisbane City	Locally-controlled	Intersection - T-Junction	Operating traffic lights	"60 km/h"	Sealed - Dry	Clear	Daylight	Straight	Grade	202	Vehs Opposite Approach: Thru-Right	"03: Opposing Vehicles Turning"	N	0	0	1	0	1	2	0	0	0	0	0	0
126723	126723	Medical treatment	2025	April	Monday	10	Rear-end	Multi-Vehicle	153.055222013735	-27.6061514490637	Calam Rd	Lynelle St	""	Sunnybank Hills	Brisbane City	Locally-controlled	Intersection - T-Junction	Give way sign	"60 km/h"	Sealed - Dry	Clear	Daylight	Straight	Level	303	Vehs Same Direction: Right Rear	"04: Rear-end"	E	0	0	1	0	1	2	0	0	0	0	0	0
126724	126724	Medical treatment	2025	April	Monday	15	Sideswipe	Multi-Vehicle	153.041586049848	-27.3317704455243	Denham St	Telegraph Rd	""	Bracken Ridge	Brisbane City	Locally-controlled	Intersection - Cross	Operating traffic lights	"70 km/h"	Sealed - Dry	Clear	Daylight	Straight	Level	408	Vehs Manoeuvring: Entering From Footway	"08: Vehicle Leaving Driveway"	""	0	0	1	0	1	1	0	0	0	1	0	0
126728	126728	Hospitalisation	2025	June	Tuesday	19	Hit parked vehicle	Single Vehicle	153.064266023456	-27.5216464493056	Logan Rd	""	""	Holland Park West	Brisbane City	Locally-controlled	No Roadway Feature	No traffic control	"60 km/h"	Sealed - Dry	Clear	Darkness - Lighted	Straight	Grade	601	Vehs On Path: Parked	"10: Hit Parked Vehicle"	W	0	1	0	0	1	2	0	0	0	0	0	0
126734	126734	Hospitalisation	2025	April	Thursday	6	Fall from vehicle	Single Vehicle	152.979119031583	-27.5298324408241	Honour Ave	Marlborough St	""	Sherwood	Brisbane City	Locally-controlled	Intersection - T-Junction	No traffic control	"60 km/h"	Sealed - Wet	Clear	Daylight	Straight	Level	706	Off Path-Straight: Left Turn	"15: Off Carriageway on Straight"	E	0	1	0	0	1	0	0	0	0	1	0	0
126736	126736	Hospitalisation	2025	April	Thursday	6	Rear-end	Multi-Vehicle	153.13264502621	-27.4419184555589	Lytton Rd	""	Port Of Brisbane Road	Hemmant	Brisbane City	State-controlled	No Roadway Feature	No traffic control	"60 km/h"	Sealed - Dry	Raining	Daylight	Straight	Level	400	Vehs Manoeuvring: Other	"21: Other"	S	0	1	0	0	1	0	0	0	0	2	0	0
126740	126740	Minor injury	2025	April	Thursday	10	Rear-end	Multi-Vehicle	152.993621043937	-27.4194144414049	Pickering St	""	""	Enoggera	Brisbane City	Locally-controlled	No Roadway Feature	No traffic control	"60 km/h"	Sealed - Dry	Clear	Daylight	Straight	Level	400	Vehs Manoeuvring: Other	"21: Other"	N	0	0	0	1	1	1	1	0	0	0	0	0
126744	126744	Hospitalisation	2025	April	Thursday	13	Angle	Multi-Vehicle	153.044425029859	-27.4878524470446	Longlands St	Stanley St East	""	East Brisbane	Brisbane City	Locally-controlled	Intersection - Cross	Stop sign	"0 - 50 km/h"	Sealed - Wet	Raining	Daylight	Straight	Crest	102	Vehs Adjacent Approach: Right-Thru	"01: Intersection: Adjacent Approach"	S	0	1	0	0	1	1	1	0	0	0	0	0
126751	126751	Hospitalisation	2025	April	Saturday	15	Rear-end	Multi-Vehicle	153.034302028495	-27.5072614461812	Ipswich Rd	""	""	Annerley	Brisbane City	Locally-controlled	No Roadway Feature	No traffic control	"60 km/h"	Sealed - Dry	Clear	Daylight	Straight	Grade	301	Vehs Same Direction: Rear End	"04: Rear-end"	S	0	1	0	0	1	2	0	0	0	0	0	0
126756	126756	Hospitalisation	2025	April	Saturday	17	Hit pedestrian	Hit pedestrian	153.018945034393	-27.4736054443736	South East Busway	""	South East Busway (Brisbane Cbd - Woolloongabba)	South Brisbane	Brisbane City	State-controlled	No Roadway Feature	No traffic control	"0 - 50 km/h"	Sealed - Dry	Clear	Daylight	Straight	Grade	1	Pedn: Near Side Vehicle Hit From Right	"12: Pedestrian"	S	0	1	0	0	1	0	0	0	1	0	1	0
126758	126758	Hospitalisation	2025	April	Sunday	17	Angle	Multi-Vehicle	153.12820601875	-27.5045494556068	Mt Petrie Rd	Old Cleveland Rd	Cleveland Sub-Arterial Road	Belmont	Brisbane City	State-controlled	Intersection - T-Junction	Give way sign	"60 km/h"	Sealed - Dry	Clear	Daylight	Straight	Grade	202	Vehs Opposite Approach: Thru-Right	"03: Opposing Vehicles Turning"	E	0	1	0	1	2	2	0	0	0	0	0	0
126768	126768	Hospitalisation	2025	May	Tuesday	6	Rear-end	Multi-Vehicle	153.038238010559	-27.6457194476694	Logan Mwy	""	Logan Motorway (Gailes - Loganholme)	Parkinson	Brisbane City	State-controlled	No Roadway Feature	No traffic control	"100 - 110 km/h"	Sealed - Dry	Clear	Daylight	Curved - view open	Level	301	Vehs Same Direction: Rear End	"04: Rear-end"	E	0	1	0	0	1	2	0	0	0	0	0	0
126769	126769	Minor injury	2025	April	Sunday	17	Hit object	Single Vehicle	153.014838013994	-27.6385764452639	Paradise Rd	Radius Dr	""	Larapinta	Brisbane City	Locally-controlled	Intersection - T-Junction	Operating traffic lights	"70 km/h"	Sealed - Dry	Clear	Dawn/Dusk	Straight	Level	708	Off Path-Straight: Mounts Traffic Island	"16: Off Carriageway on Straight Hit Object"	S	0	0	0	1	1	1	0	0	0	0	0	0
126771	126771	Medical treatment	2025	April	Sunday	20	Rear-end	Multi-Vehicle	153.048146014178	-27.6086894483727	Beaudesert Rd	Highlands Dr	Mount Lindesay Arterial Road	Calamvale	Brisbane City	State-controlled	Intersection - T-Junction	Operating traffic lights	"70 km/h"	Sealed - Wet	Clear	Darkness - Lighted	Straight	Level	301	Vehs Same Direction: Rear End	"04: Rear-end"	W	0	0	1	0	1	2	0	0	0	0	0	0
126777	126777	Minor injury	2025	April	Wednesday	14	Hit object	Single Vehicle	152.831426045678	-27.5442944261819	Caringal Dr	College Rd	""	Karana Downs	Brisbane City	Locally-controlled	Intersection - T-Junction	Give way sign	"0 - 50 km/h"	Sealed - Dry	Clear	Daylight	Curved - view open	Level	807	Vehicle Right-Turning At I/S (Or Driveway)	"20: Out of Control on Curve"	S	0	0	0	1	1	2	0	0	0	0	0	0
126778	126778	Minor injury	2025	April	Wednesday	15	Angle	Multi-Vehicle	152.961281048241	-27.4127354381118	Gilston St	""	Samford Sub-Arterial Road	Keperra	Brisbane City	State-controlled	No Roadway Feature	No traffic control	"0 - 50 km/h"	Sealed - Dry	Clear	Daylight	Straight	Level	201	Vehs Opposite Approach: Head On	"02: Head-on"	W	0	0	0	4	4	2	0	0	0	0	0	0
126780	126780	Medical treatment	2025	May	Tuesday	10	Angle	Multi-Vehicle	153.078546026254	-27.487394450471	Ferguson Rd	Perth St	""	Camp Hill	Brisbane City	Locally-controlled	Intersection - Cross	Give way sign	"60 km/h"	Sealed - Dry	Clear	Daylight	Straight	Level	104	Vehs Adjacent Approach: Thru-Right	"01: Intersection: Adjacent Approach"	S	0	0	1	0	1	2	0	0	0	0	0	0
126781	126781	Hospitalisation	2025	April	Saturday	10	Angle	Multi-Vehicle	152.972156022016	-27.6116094407719	College Ave	Joseph Banks Ave	""	Forest Lake	Brisbane City	Locally-controlled	Intersection - Roundabout	Give way sign	"0 - 50 km/h"	Sealed - Dry	Clear	Daylight	Curved - view open	Level	101	Vehs Adjacent Approach: Thru-Thru	"01: Intersection: Adjacent Approach"	S	0	1	0	0	1	2	0	0	0	0	0	0
126782	126782	Minor injury	2025	May	Tuesday	10	Hit parked vehicle	Single Vehicle	153.171338021335	-27.4476954595079	Besham Pde	""	""	Wynnum	Brisbane City	Locally-controlled	No Roadway Feature	No traffic control	"0 - 50 km/h"	Sealed - Dry	Clear	Daylight	Straight	Level	601	Vehs On Path: Parked	"10: Hit Parked Vehicle"	E	0	0	0	1	1	2	0	0	0	0	0	0
126784	126784	Minor injury	2025	April	Saturday	16	Hit object	Single Vehicle	153.071034033511	-27.4363554493118	Allen St	Nudgee Rd	""	Hamilton	Brisbane City	Locally-controlled	Intersection - T-Junction	Give way sign	"60 km/h"	Sealed - Dry	Clear	Daylight	Straight	Level	708	Off Path-Straight: Mounts Traffic Island	"16: Off Carriageway on Straight Hit Object"	S	0	0	0	1	1	1	0	0	0	0	0	0
126785	126785	Minor injury	2025	April	Saturday	12	Angle	Multi-Vehicle	153.011974037098	-27.4580864435514	Kensington Pde	Musgrave Rd	""	Red Hill	Brisbane City	Locally-controlled	Intersection - T-Junction	Operating traffic lights	"60 km/h"	Sealed - Dry	Clear	Daylight	Straight	Dip	104	Vehs Adjacent Approach: Thru-Right	"01: Intersection: Adjacent Approach"	""	0	0	0	1	1	2	0	0	0	0	0	0
126788	126788	Medical treatment	2025	May	Monday	13	Angle	Multi-Vehicle	153.173776021001	-27.4482714597586	Pine St	Tingal Rd	""	Wynnum	Brisbane City	Locally-controlled	Intersection - Cross	Operating traffic lights	"0 - 50 km/h"	Sealed - Dry	Clear	Daylight	Straight	Level	103	Vehs Adjacent Approach: Left-Thru	"01: Intersection: Adjacent Approach"	W	0	0	1	0	1	2	0	0	0	0	0	0
126791	126791	Medical treatment	2025	April	Sunday	19	Angle	Multi-Vehicle	153.081141016788	-27.5599794513055	Kessels Rd	Logan Rd	Griffith Arterial Road	Upper Mount Gravatt	Brisbane City	State-controlled	Intersection - Cross	Operating traffic lights	"60 km/h"	Sealed - Dry	Clear	Darkness - Lighted	Straight	Level	202	Vehs Opposite Approach: Thru-Right	"03: Opposing Vehicles Turning"	E	0	0	1	0	1	2	0	0	0	0	0	0
126795	126795	Hospitalisation	2025	April	Monday	11	Head-on	Multi-Vehicle	153.015460035448	-27.4682064439812	William Jolly Bridge	""	South-East Arterial Road (Pacific Motorway)	Brisbane City	Brisbane City	State-controlled	Bridge/Causeway	No traffic control	"0 - 50 km/h"	Sealed - Dry	Clear	Daylight	Straight	Level	201	Vehs Opposite Approach: Head On	"02: Head-on"	S	0	1	0	0	1	1	1	0	0	0	0	0
126802	126802	Minor injury	2025	April	Sunday	17	Sideswipe	Multi-Vehicle	153.062931016522	-27.5775734496131	Mains Rd	""	""	Sunnybank	Brisbane City	Locally-controlled	No Roadway Feature	No traffic control	"60 km/h"	Sealed - Dry	Clear	Darkness - Lighted	Straight	Level	306	Vehs Same Direction: Lane Change Right	"05: Lane Change"	N	0	0	0	1	1	2	0	0	0	0	0	0
126804	126804	Minor injury	2025	May	Monday	7	Angle	Multi-Vehicle	153.02130202082	-27.5790824454433	Mortimer Rd	Watson Rd	""	Acacia Ridge	Brisbane City	Locally-controlled	Intersection - Cross	Operating traffic lights	"60 km/h"	Sealed - Dry	Clear	Daylight	Straight	Level	203	Vehs Opposite Approach: Right-Left	"03: Opposing Vehicles Turning"	S	0	0	0	1	1	2	0	0	0	0	0	0
126805	126805	Medical treatment	2025	May	Tuesday	11	Hit pedestrian	Hit pedestrian	152.977234023157	-27.5982304411751	Inala Ave	Thrush St	""	Inala	Brisbane City	Locally-controlled	Intersection - Cross	No traffic control	"0 - 50 km/h"	Sealed - Dry	Clear	Daylight	Straight	Level	3	Pedn: Far Side Vehicle Hit From Left	"12: Pedestrian"	E	0	0	1	0	1	1	0	0	0	0	1	0
126806	126806	Medical treatment	2025	May	Tuesday	14	Rear-end	Multi-Vehicle	153.037079052924	-27.3111554449083	Gateway Arterial Rd	""	Gateway Arterial Road (Gateway Motorway - North)	Bracken Ridge	Brisbane City	State-controlled	No Roadway Feature	No traffic control	"100 - 110 km/h"	Sealed - Dry	Clear	Daylight	Curved - view open	Level	301	Vehs Same Direction: Rear End	"04: Rear-end"	W	0	0	1	1	2	2	0	1	0	0	0	0
126845	126845	Hospitalisation	2025	March	Monday	18	Hit parked vehicle	Single Vehicle	152.957429028792	-27.5705014389727	Rowe Tce	""	""	Darra	Brisbane City	Locally-controlled	No Roadway Feature	No traffic control	"0 - 50 km/h"	Sealed - Dry	Clear	Darkness - Not lighted	Straight	Level	601	Vehs On Path: Parked	"10: Hit Parked Vehicle"	S	0	1	0	0	1	3	0	0	0	0	0	0
126898	126898	Medical treatment	2025	March	Wednesday	12	Angle	Multi-Vehicle	153.048110033877	-27.4529054471385	Commercial Rd	""	""	Teneriffe	Brisbane City	Locally-controlled	No Roadway Feature	No traffic control	"0 - 50 km/h"	Sealed - Dry	Clear	Daylight	Straight	Level	406	Vehs Manoeuvring: Leaving Driveway	"08: Vehicle Leaving Driveway"	S	0	0	1	0	1	1	0	0	0	0	0	1
126900	126900	Medical treatment	2025	March	Thursday	10	Rear-end	Multi-Vehicle	153.027863018788	-27.5895564461846	Beaudesert Rd	Elizabeth St	Mount Lindesay Arterial Road	Acacia Ridge	Brisbane City	State-controlled	Intersection - T-Junction	Give way sign	"60 km/h"	Sealed - Wet	Raining	Daylight	Straight	Level	107	Vehs Adjacent Approach: Thru-Left	"01: Intersection: Adjacent Approach"	E	0	0	2	0	2	2	0	0	0	0	0	0
126902	126902	Hospitalisation	2025	April	Saturday	7	Angle	Multi-Vehicle	153.012393051181	-27.3459134427058	Beams Rd	Gympie Rd	Gympie Arterial Road	Carseldine	Brisbane City	State-controlled	Intersection - Cross	Operating traffic lights	"70 km/h"	Sealed - Wet	Raining	Daylight	Straight	Level	202	Vehs Opposite Approach: Thru-Right	"03: Opposing Vehicles Turning"	N	0	1	2	0	3	3	0	0	0	0	0	0
126905	126905	Minor injury	2025	April	Friday	12	Sideswipe	Multi-Vehicle	153.032418031384	-27.4859864458239	Leopard St	South East Arterial Rd	South-East Arterial Road (Pacific Motorway)	Woolloongabba	Brisbane City	State-controlled	Intersection - Cross	Operating traffic lights	"0 - 50 km/h"	Sealed - Dry	Clear	Daylight	Straight	Grade	305	Vehs Same Direction: Lane Side Swipe	"05: Lane Change"	S	0	0	0	1	1	2	0	0	0	0	0	0
126907	126907	Medical treatment	2025	April	Saturday	9	Sideswipe	Multi-Vehicle	153.016309056559	-27.2998364427336	Gateway Arterial Rd	""	Gateway Arterial Road (Gateway Motorway - North)	Bald Hills	Brisbane City	State-controlled	Intersection - Interchange	No traffic control	"100 - 110 km/h"	Sealed - Wet	Raining	Daylight	Curved - view open	Level	306	Vehs Same Direction: Lane Change Right	"05: Lane Change"	N	0	0	2	0	2	2	0	0	0	0	0	0
126911	126911	Hospitalisation	2025	April	Monday	9	Angle	Multi-Vehicle	153.108501027222	-27.4543534532247	Lytton Rd	""	Port Of Brisbane Road	Murarrie	Brisbane City	State-controlled	No Roadway Feature	No traffic control	"60 km/h"	Sealed - Wet	Clear	Daylight	Straight	Level	708	Off Path-Straight: Mounts Traffic Island	"16: Off Carriageway on Straight Hit Object"	E	0	1	0	0	1	1	0	0	0	0	0	0
126939	126939	Minor injury	2025	February	Monday	12	Angle	Multi-Vehicle	153.048144014178	-27.6086884483725	Beaudesert Rd	Highlands Dr	Mount Lindesay Arterial Road	Calamvale	Brisbane City	State-controlled	Intersection - Cross	Operating traffic lights	"70 km/h"	Sealed - Dry	Clear	Daylight	Straight	Level	202	Vehs Opposite Approach: Thru-Right	"03: Opposing Vehicles Turning"	S	0	0	0	2	2	1	1	0	0	0	0	0
126955	126955	Hospitalisation	2025	May	Sunday	17	Angle	Multi-Vehicle	152.929766051893	-27.4105274349407	O'Quinn St	Upper Kedron Rd	""	Ferny Grove	Brisbane City	Locally-controlled	Intersection - T-Junction	Give way sign	"60 km/h"	Sealed - Wet	Raining	Dawn/Dusk	Straight	Crest	104	Vehs Adjacent Approach: Thru-Right	"01: Intersection: Adjacent Approach"	W	0	1	0	0	1	2	0	0	0	0	0	0
126957	126957	Hospitalisation	2025	May	Wednesday	22	Angle	Multi-Vehicle	153.072513017466	-27.5619644504533	Grout St	Kessels Rd	Griffith Arterial Road	Macgregor	Brisbane City	State-controlled	Intersection - Cross	Operating traffic lights	"60 km/h"	Sealed - Wet	Raining	Darkness - Lighted	Straight	Grade	202	Vehs Opposite Approach: Thru-Right	"03: Opposing Vehicles Turning"	E	0	1	0	0	1	2	0	0	0	0	0	0
126965	126965	Minor injury	2025	May	Sunday	16	Rear-end	Multi-Vehicle	153.027964032711	-27.4792614453236	South East Arterial Rd	""	South-East Arterial Road (Pacific Motorway)	Brisbane City	Brisbane City	State-controlled	Bridge/Causeway	No traffic control	"80 - 90 km/h"	Sealed - Dry	Clear	Daylight	Straight	Level	301	Vehs Same Direction: Rear End	"04: Rear-end"	W	0	0	0	1	1	2	0	0	0	0	0	0
126972	126972	Medical treatment	2025	May	Friday	13	Angle	Multi-Vehicle	152.991084043972	-27.4212984411654	Trundle St	Wardell St	Western Arterial Road (Toowong - Everton Park)	Enoggera	Brisbane City	State-controlled	Intersection - T-Junction	Operating traffic lights	"60 km/h"	Sealed - Dry	Clear	Daylight	Straight	Dip	104	Vehs Adjacent Approach: Thru-Right	"01: Intersection: Adjacent Approach"	S	0	0	1	0	1	2	0	0	0	0	0	0
126974	126974	Hospitalisation	2025	May	Saturday	8	Angle	Multi-Vehicle	153.092372017665	-27.5435154523056	Broadwater Rd	Newnham Rd	""	Mount Gravatt East	Brisbane City	Locally-controlled	Intersection - Cross	Operating traffic lights	"60 km/h"	Sealed - Wet	Clear	Daylight	Straight	Level	202	Vehs Opposite Approach: Thru-Right	"03: Opposing Vehicles Turning"	W	0	1	0	1	2	2	0	0	0	0	0	0
126979	126979	Minor injury	2025	May	Tuesday	19	Hit pedestrian	Hit pedestrian	152.979203027257	-27.5640564411027	Oxley Rd	""	""	Oxley	Brisbane City	Locally-controlled	No Roadway Feature	Pedestrian operated lights	"60 km/h"	Sealed - Dry	Clear	Darkness - Lighted	Straight	Grade	408	Vehs Manoeuvring: Entering From Footway	"08: Vehicle Leaving Driveway"	""	0	0	0	1	1	1	0	0	0	0	0	1
126980	126980	Minor injury	2025	June	Monday	7	Rear-end	Multi-Vehicle	153.038508027912	-27.5083024466119	Pacific Hwy	South East Arterial Rd	South-East Arterial Road (Pacific Motorway)	Greenslopes	Brisbane City	State-controlled	No Roadway Feature	No traffic control	"100 - 110 km/h"	Sealed - Wet	Raining	Daylight	Straight	Level	301	Vehs Same Direction: Rear End	"04: Rear-end"	N	0	0	0	1	1	3	0	0	0	0	0	0
127029	127029	Medical treatment	2025	May	Friday	13	Sideswipe	Multi-Vehicle	152.991368036444	-27.4808234416646	Croydon St	Jephson St	""	Toowong	Brisbane City	Locally-controlled	Intersection - Cross	Operating traffic lights	"60 km/h"	Sealed - Dry	Clear	Daylight	Straight	Level	408	Vehs Manoeuvring: Entering From Footway	"08: Vehicle Leaving Driveway"	""	0	0	1	0	1	1	0	0	0	1	0	0
127032	127032	Medical treatment	2025	May	Friday	13	Rear-end	Multi-Vehicle	153.04037602727	-27.5117964468271	South East Arterial Rd	""	South-East Arterial Road (Pacific Motorway)	Greenslopes	Brisbane City	State-controlled	No Roadway Feature	No traffic control	"100 - 110 km/h"	Sealed - Dry	Clear	Daylight	Straight	Level	301	Vehs Same Direction: Rear End	"04: Rear-end"	S	0	0	1	0	1	2	0	0	0	0	0	0
127034	127034	Medical treatment	2025	March	Wednesday	14	Rear-end	Multi-Vehicle	153.029439264586	-27.5581694000951	Riawena Rd	""	Griffith Arterial Road	Salisbury	Brisbane City	State-controlled	No Roadway Feature	No traffic control	"60 km/h"	Sealed - Dry	Clear	Daylight	Straight	Level	301	Vehs Same Direction: Rear End	"04: Rear-end"	W	0	0	1	0	1	3	0	0	0	0	0	0
127035	127035	Hospitalisation	2025	May	Friday	15	Angle	Multi-Vehicle	153.055564026759	-27.5029174482829	Hipwood Ave	Mackay St	""	Coorparoo	Brisbane City	Locally-controlled	Intersection - Roundabout	Give way sign	"0 - 50 km/h"	Sealed - Dry	Clear	Daylight	Straight	Grade	107	Vehs Adjacent Approach: Thru-Left	"01: Intersection: Adjacent Approach"	W	0	1	0	0	1	1	0	0	0	1	0	0
127043	127043	Medical treatment	2025	June	Saturday	8	Angle	Multi-Vehicle	152.992179035694	-27.4860784417874	High St	Sherwood Rd	""	Toowong	Brisbane City	Locally-controlled	Intersection - T-Junction	Operating traffic lights	"0 - 50 km/h"	Sealed - Dry	Clear	Daylight	Curved - view open	Grade	104	Vehs Adjacent Approach: Thru-Right	"01: Intersection: Adjacent Approach"	E	0	0	2	0	2	2	0	0	0	0	0	0
127045	127045	Minor injury	2025	June	Tuesday	21	Angle	Multi-Vehicle	153.027062031391	-27.4904864453218	Annerley Rd	""	""	Woolloongabba	Brisbane City	Locally-controlled	No Roadway Feature	No traffic control	"60 km/h"	Sealed - Dry	Clear	Darkness - Lighted	Straight	Level	406	Vehs Manoeuvring: Leaving Driveway	"08: Vehicle Leaving Driveway"	S	0	0	0	1	1	0	0	0	0	1	0	1
127048	127048	Hospitalisation	2025	June	Thursday	21	Angle	Multi-Vehicle	153.100664011522	-27.5849364534674	Gateway Art Rd On Ramp	Logan Rd	Logan Sub-Arterial Road	Eight Mile Plains	Brisbane City	State-controlled	Intersection - Interchange	Operating traffic lights	"80 - 90 km/h"	Sealed - Dry	Clear	Darkness - Lighted	Straight	Level	202	Vehs Opposite Approach: Thru-Right	"03: Opposing Vehicles Turning"	E	0	2	1	0	3	3	0	0	0	0	0	0
127081	127081	Medical treatment	2025	June	Tuesday	19	Hit pedestrian	Hit pedestrian	152.977708035526	-27.4997494404451	Clarence Rd	""	""	Indooroopilly	Brisbane City	Locally-controlled	No Roadway Feature	Pedestrian crossing sign	"0 - 50 km/h"	Sealed - Dry	Clear	Darkness - Lighted	Straight	Level	0	Pedn: Hit Other	"21: Other"	N	0	0	1	0	1	1	0	0	0	0	1	0
127096	127096	Minor injury	2025	April	Wednesday	15	Hit parked vehicle	Single Vehicle	153.079262019734	-27.5383094509453	Logan Rd	""	""	Mount Gravatt	Brisbane City	Locally-controlled	No Roadway Feature	No traffic control	"0 - 50 km/h"	Sealed - Dry	Clear	Daylight	Straight	Level	4	Pedn: Play; Work; Stand; Lie On Cway	"12: Pedestrian"	U	0	0	0	1	1	1	0	0	1	0	1	0
127097	127097	Medical treatment	2025	May	Saturday	9	Rear-end	Multi-Vehicle	153.001060036753	-27.4701164425517	Milton Rd	Nerida La	""	Milton	Brisbane City	Locally-controlled	Intersection - T-Junction	Give way sign	"60 km/h"	Sealed - Dry	Clear	Daylight	Straight	Grade	302	Vehs Same Direction: Left Rear	"04: Rear-end"	S	0	0	1	0	1	1	0	0	1	0	0	0
127127	127127	Minor injury	2025	May	Tuesday	15	Rear-end	Multi-Vehicle	153.063114041397	-27.3805934480742	Sandgate Sub-Arterial Rd	Toombul Rd	Sandgate Sub-Arterial Road	Virginia	Brisbane City	State-controlled	Intersection - Roundabout	Give way sign	"60 km/h"	Sealed - Dry	Clear	Daylight	Curved - view open	Level	301	Vehs Same Direction: Rear End	"04: Rear-end"	N	0	0	0	1	1	1	0	1	0	0	0	0
127131	127131	Medical treatment	2025	May	Monday	12	Rear-end	Multi-Vehicle	153.05838601426	-27.5993054493277	Hellawell Rd	Pinelands Rd	""	Sunnybank Hills	Brisbane City	Locally-controlled	Intersection - T-Junction	Give way sign	"60 km/h"	Sealed - Dry	Clear	Daylight	Straight	Level	302	Vehs Same Direction: Left Rear	"04: Rear-end"	E	0	0	1	0	1	2	0	0	0	0	0	0
127188	127188	Minor injury	2025	April	Tuesday	10	Angle	Multi-Vehicle	153.029014029929	-27.5004074455961	Annerley Rd	Cornwall St	""	Annerley	Brisbane City	Locally-controlled	Intersection - Cross	Operating traffic lights	"60 km/h"	Sealed - Dry	Clear	Daylight	Straight	Level	309	Vehs Same Direction: Left Turn S/Swipe	"06: Parallel Lanes Turning"	E	0	0	0	1	1	1	0	1	0	0	0	0
127190	127190	Medical treatment	2025	March	Tuesday	8	Angle	Multi-Vehicle	153.037075038094	-27.4288574458398	Mclennan St	""	""	Albion	Brisbane City	Locally-controlled	No Roadway Feature	No traffic control	"0 - 50 km/h"	Sealed - Dry	Clear	Daylight	Straight	Level	202	Vehs Opposite Approach: Thru-Right	"03: Opposing Vehicles Turning"	N	0	0	1	0	1	1	1	0	0	0	0	0
127245	127245	Hospitalisation	2025	June	Friday	0	Hit parked vehicle	Single Vehicle	153.06054203199	-27.4572944484226	Mcdonald St	""	""	Hawthorne	Brisbane City	Locally-controlled	No Roadway Feature	No traffic control	"0 - 50 km/h"	Sealed - Dry	Clear	Darkness - Lighted	Straight	Level	601	Vehs On Path: Parked	"10: Hit Parked Vehicle"	W	0	1	0	0	1	2	0	0	0	0	0	0
127246	127246	Medical treatment	2025	April	Saturday	21	Head-on	Multi-Vehicle	153.072005027944	-27.4795794497513	Oateson Skyline Dr	""	""	Seven Hills	Brisbane City	Locally-controlled	No Roadway Feature	No traffic control	"60 km/h"	Sealed - Wet	Clear	Darkness - Lighted	Curved - view open	Level	201	Vehs Opposite Approach: Head On	"02: Head-on"	W	0	0	1	0	1	2	0	0	0	0	0	0
127251	127251	Hospitalisation	2025	April	Sunday	9	Angle	Multi-Vehicle	153.035890027582	-27.5131434463872	Ekibin Rd	Real St	""	Annerley	Brisbane City	Locally-controlled	Intersection - Cross	Stop sign	"60 km/h"	Sealed - Dry	Clear	Daylight	Straight	Grade	101	Vehs Adjacent Approach: Thru-Thru	"01: Intersection: Adjacent Approach"	W	0	1	0	0	1	2	0	0	0	0	0	0
127252	127252	Hospitalisation	2025	April	Sunday	2	Hit object	Single Vehicle	152.972713029304	-27.5533724403682	Ardoyne Rd	Seventeen Mile Rocks Rd	""	Oxley	Brisbane City	Locally-controlled	Intersection - T-Junction	No traffic control	"60 km/h"	Sealed - Dry	Clear	Darkness - Lighted	Curved - view open	Level	803	Off Path-Curve: Off Cway Rt Bend Hit Obj	"19: Off Carriageway on Curve Hit Object"	E	0	1	0	0	1	1	0	0	0	0	0	0
127256	127256	Medical treatment	2025	June	Monday	4	Angle	Multi-Vehicle	153.078836010587	-27.6108754514754	Gateway Arterial Rd	Persse Rd	Gateway Extension Motorway (Drewvale - Eight Mile Plains)	Runcorn	Brisbane City	State-controlled	Intersection - Interchange	No traffic control	"60 km/h"	Sealed - Wet	Raining	Darkness - Lighted	Straight	Level	202	Vehs Opposite Approach: Thru-Right	"03: Opposing Vehicles Turning"	N	0	0	1	0	1	2	0	0	0	0	0	0
127257	127257	Hospitalisation	2025	June	Monday	1	Hit parked vehicle	Single Vehicle	152.993092039299	-27.4566944416467	Tooth Ave	""	""	Paddington	Brisbane City	Locally-controlled	No Roadway Feature	No traffic control	"0 - 50 km/h"	Sealed - Wet	Clear	Darkness - Lighted	Straight	Crest	601	Vehs On Path: Parked	"10: Hit Parked Vehicle"	S	0	1	0	0	1	3	0	0	0	0	0	0
127262	127262	Medical treatment	2025	April	Monday	18	Hit parked vehicle	Single Vehicle	152.977575033446	-27.516367440563	Oxley Rd	Richardson St	""	Chelmer	Brisbane City	Locally-controlled	Intersection - T-Junction	No traffic control	"60 km/h"	Sealed - Dry	Clear	Darkness - Lighted	Straight	Level	601	Vehs On Path: Parked	"10: Hit Parked Vehicle"	N	0	0	1	0	1	2	0	0	0	0	0	0
127270	127270	Medical treatment	2025	April	Saturday	23	Angle	Multi-Vehicle	153.041579034961	-27.4498614464583	Breakfast Ck Rd	Montpelier Rd	""	Bowen Hills	Brisbane City	Locally-controlled	Intersection - Cross	Operating traffic lights	"60 km/h"	Sealed - Dry	Raining	Darkness - Lighted	Straight	Level	300	Vehs Same Direction: Other	"21: Other"	N	0	0	2	0	2	2	0	0	0	0	0	0
127272	127272	Minor injury	2025	April	Monday	11	Angle	Multi-Vehicle	153.092457017644	-27.5436064523149	Broadwater Rd	Newnham Rd	""	Mount Gravatt East	Brisbane City	Locally-controlled	Intersection - Cross	Operating traffic lights	"60 km/h"	Sealed - Dry	Clear	Daylight	Straight	Level	202	Vehs Opposite Approach: Thru-Right	"03: Opposing Vehicles Turning"	N	0	0	0	1	1	2	0	0	0	0	0	0
127295	127295	Medical treatment	2025	May	Wednesday	14	Hit parked vehicle	Single Vehicle	153.057427033691	-27.4464704480239	Banya St	""	""	Bulimba	Brisbane City	Locally-controlled	No Roadway Feature	No traffic control	"0 - 50 km/h"	Sealed - Dry	Clear	Daylight	Straight	Level	601	Vehs On Path: Parked	"10: Hit Parked Vehicle"	N	0	0	1	0	1	1	0	0	0	0	0	1
127296	127296	Medical treatment	2025	May	Friday	11	Rear-end	Multi-Vehicle	153.027118032949	-27.4780944452294	South East Arterial Rd	""	South-East Arterial Road (Pacific Motorway)	Brisbane City	Brisbane City	State-controlled	No Roadway Feature	No traffic control	"70 km/h"	Sealed - Dry	Clear	Daylight	Straight	Level	306	Vehs Same Direction: Lane Change Right	"05: Lane Change"	W	0	0	1	0	1	1	1	0	0	0	0	0
127299	127299	Medical treatment	2025	June	Saturday	13	Rear-end	Multi-Vehicle	153.038572027888	-27.5084384466194	Pacific Hwy	""	South-East Arterial Road (Pacific Motorway)	Greenslopes	Brisbane City	State-controlled	No Roadway Feature	No traffic control	"100 - 110 km/h"	Sealed - Dry	Clear	Daylight	Curved - view open	Level	301	Vehs Same Direction: Rear End	"04: Rear-end"	N	0	0	1	0	1	2	0	0	0	0	0	0
127305	127305	Minor injury	2025	June	Friday	5	Rear-end	Multi-Vehicle	153.115871014344	-27.5497614547211	Gateway Arterial Rd	""	Gateway Motorway (Eight Mile Plains - Nudgee)	Rochedale	Brisbane City	State-controlled	No Roadway Feature	No traffic control	"100 - 110 km/h"	Sealed - Dry	Clear	Dawn/Dusk	Curved - view open	Level	301	Vehs Same Direction: Rear End	"04: Rear-end"	N	0	0	0	1	1	5	0	0	0	0	0	0
127307	127307	Hospitalisation	2025	May	Wednesday	14	Rear-end	Multi-Vehicle	153.010079018297	-27.6086204445502	Brookbent Rd	Gooderham Rd	""	Willawong	Brisbane City	Locally-controlled	Intersection - T-Junction	No traffic control	"60 km/h"	Sealed - Dry	Clear	Dawn/Dusk	Straight	Level	301	Vehs Same Direction: Rear End	"04: Rear-end"	S	0	1	0	0	1	2	0	0	0	0	0	0
127308	127308	Minor injury	2025	May	Friday	11	Angle	Multi-Vehicle	153.039074023148	-27.5455144469627	Bye St	Toohey Rd	""	Salisbury	Brisbane City	Locally-controlled	Intersection - T-Junction	Operating traffic lights	"60 km/h"	Sealed - Dry	Clear	Daylight	Straight	Level	102	Vehs Adjacent Approach: Right-Thru	"01: Intersection: Adjacent Approach"	N	0	0	0	1	1	2	0	0	0	0	0	0
127310	127310	Minor injury	2025	May	Wednesday	8	Angle	Multi-Vehicle	153.055665018123	-27.5711124488317	Station Rd	""	""	Sunnybank	Brisbane City	Locally-controlled	Intersection - T-Junction	Operating traffic lights	"60 km/h"	Sealed - Dry	Clear	Daylight	Straight	Level	306	Vehs Same Direction: Lane Change Right	"05: Lane Change"	N	0	0	0	1	1	2	0	0	0	0	0	0
127316	127316	Minor injury	2025	June	Wednesday	7	Angle	Multi-Vehicle	153.004101036248	-27.4715304428679	Douglas St	""	""	Milton	Brisbane City	Locally-controlled	No Roadway Feature	No traffic control	"0 - 50 km/h"	Sealed - Dry	Clear	Daylight	Straight	Level	406	Vehs Manoeuvring: Leaving Driveway	"08: Vehicle Leaving Driveway"	N	0	0	0	1	1	2	0	0	0	0	0	0
127319	127319	Medical treatment	2025	April	Wednesday	16	Rear-end	Multi-Vehicle	153.06389102356	-27.5211394492639	Logan Rd	""	""	Holland Park West	Brisbane City	Locally-controlled	No Roadway Feature	No traffic control	"60 km/h"	Sealed - Dry	Clear	Daylight	Straight	Dip	301	Vehs Same Direction: Rear End	"04: Rear-end"	S	0	0	1	0	1	3	0	0	0	0	0	0
127368	127368	Minor injury	2025	May	Friday	18	Angle	Multi-Vehicle	153.015245047833	-27.3701024431835	Horn Rd	Maundrell Tce	""	Aspley	Brisbane City	Locally-controlled	Intersection - T-Junction	Operating traffic lights	"60 km/h"	Sealed - Dry	Clear	Darkness - Lighted	Straight	Grade	202	Vehs Opposite Approach: Thru-Right	"03: Opposing Vehicles Turning"	S	0	0	0	1	1	2	0	0	0	0	0	0
127635	127635	Hospitalisation	2025	June	Wednesday	15	Hit pedestrian	Hit pedestrian	152.98259402415	-27.585780441614	Glenala Rd	""	""	Durack	Brisbane City	Locally-controlled	No Roadway Feature	No traffic control	"0 - 50 km/h"	Sealed - Dry	Clear	Daylight	Straight	Level	1	Pedn: Near Side Vehicle Hit From Right	"12: Pedestrian"	U	0	1	0	0	1	1	0	0	0	0	1	0
127454	127454	Hospitalisation	2025	April	Friday	7	Sideswipe	Multi-Vehicle	153.033799011121	-27.6450764472186	Logan Mwy	""	Logan Motorway (Gailes - Loganholme)	Parkinson	Brisbane City	State-controlled	No Roadway Feature	No traffic control	"100 - 110 km/h"	Sealed - Dry	Clear	Daylight	Straight	Level	700	Off Path-Straight: Other	"21: Other"	W	0	1	0	0	1	0	1	1	0	0	0	0
127461	127461	Medical treatment	2025	April	Thursday	22	Angle	Multi-Vehicle	153.038235020095	-27.5703794470747	Boundary Rd	Breton St	""	Coopers Plains	Brisbane City	Locally-controlled	Intersection - Cross	Operating traffic lights	"60 km/h"	Sealed - Wet	Raining	Darkness - Lighted	Straight	Level	202	Vehs Opposite Approach: Thru-Right	"03: Opposing Vehicles Turning"	W	0	0	2	0	2	2	0	0	0	0	0	0
127466	127466	Hospitalisation	2025	April	Friday	17	Angle	Multi-Vehicle	153.173766021002	-27.4482714597576	Pine St	Tingal Rd	""	Wynnum	Brisbane City	Locally-controlled	Intersection - Cross	Operating traffic lights	"0 - 50 km/h"	Sealed - Dry	Clear	Daylight	Straight	Grade	202	Vehs Opposite Approach: Thru-Right	"03: Opposing Vehicles Turning"	W	0	1	0	0	1	1	1	0	0	0	0	0
127470	127470	Hospitalisation	2025	April	Friday	16	Angle	Multi-Vehicle	153.048005031909	-27.4685784472519	Brunswick St	Sydney St	""	New Farm	Brisbane City	Locally-controlled	Intersection - Roundabout	Give way sign	"0 - 50 km/h"	Sealed - Dry	Clear	Daylight	Straight	Level	101	Vehs Adjacent Approach: Thru-Thru	"01: Intersection: Adjacent Approach"	S	0	1	0	0	1	1	0	0	0	1	0	0
127527	127527	Medical treatment	2025	June	Wednesday	21	Hit object	Single Vehicle	152.97189903964	-27.4720414396442	Sir Samuel Griffith Dr	""	""	Mount Coot-tha	Brisbane City	Locally-controlled	No Roadway Feature	No traffic control	"0 - 50 km/h"	Sealed - Dry	Clear	Darkness - Lighted	Curved - view open	Grade	803	Off Path-Curve: Off Cway Rt Bend Hit Obj	"19: Off Carriageway on Curve Hit Object"	S	0	0	1	0	1	1	0	0	0	0	0	0
127529	127529	Minor injury	2025	April	Tuesday	17	Fall from vehicle	Single Vehicle	153.015679024135	-27.5576444447098	Granard Rd	""	Griffith Arterial Road	Rocklea	Brisbane City	State-controlled	No Roadway Feature	No traffic control	"60 km/h"	Sealed - Dry	Clear	Daylight	Straight	Level	901	Pass & Misc: Fell In/From Vehicle	"21: Other"	E	0	0	0	1	1	0	1	0	0	0	0	0
127531	127531	Medical treatment	2025	April	Monday	18	Angle	Multi-Vehicle	152.934887032648	-27.5591934366276	Brownie St	Dandenong Rd	""	Jamboree Heights	Brisbane City	Locally-controlled	Intersection - T-Junction	Give way sign	"60 km/h"	Sealed - Wet	Raining	Darkness - Lighted	Straight	Level	104	Vehs Adjacent Approach: Thru-Right	"01: Intersection: Adjacent Approach"	N	0	0	1	0	1	1	0	0	0	0	0	1
127536	127536	Medical treatment	2025	April	Monday	18	Rear-end	Multi-Vehicle	153.033014030825	-27.4899114459148	Pacific Hwy	""	South-East Arterial Road (Pacific Motorway)	Woolloongabba	Brisbane City	State-controlled	No Roadway Feature	No traffic control	"80 - 90 km/h"	Sealed - Wet	Clear	Darkness - Lighted	Straight	Level	301	Vehs Same Direction: Rear End	"04: Rear-end"	N	0	0	1	0	1	3	0	0	0	0	0	0
127544	127544	Medical treatment	2025	April	Monday	16	Rear-end	Multi-Vehicle	153.068913029149	-27.4726704493858	Jack Flynn Memorial Dr	Waminda St	""	Morningside	Brisbane City	Locally-controlled	Intersection - T-Junction	Give way sign	"60 km/h"	Sealed - Dry	Clear	Daylight	Curved - view open	Grade	302	Vehs Same Direction: Left Rear	"04: Rear-end"	E	0	0	1	0	1	2	0	0	0	0	0	0
127549	127549	Minor injury	2025	April	Sunday	12	Rear-end	Multi-Vehicle	153.051094013548	-27.6111464486883	Beaudesert Rd	Compton Rd	Mount Lindesay Arterial Road	Calamvale	Brisbane City	State-controlled	Intersection - T-Junction	Operating traffic lights	"70 km/h"	Sealed - Dry	Clear	Daylight	Curved - view open	Grade	303	Vehs Same Direction: Right Rear	"04: Rear-end"	N	0	0	0	1	1	2	0	0	0	0	0	0
127556	127556	Hospitalisation	2025	April	Wednesday	8	Angle	Multi-Vehicle	153.088701024103	-27.4957784515589	Jones Rd	Old Cleveland Rd	""	Carina	Brisbane City	Locally-controlled	Intersection - T-Junction	Operating traffic lights	"60 km/h"	Sealed - Dry	Clear	Daylight	Straight	Grade	202	Vehs Opposite Approach: Thru-Right	"03: Opposing Vehicles Turning"	E	0	1	0	0	1	1	1	0	0	0	0	0
127565	127565	Medical treatment	2025	April	Tuesday	5	Rear-end	Multi-Vehicle	153.125240019629	-27.5001284552729	Gateway Art Rd Ramp Ve	""	Gateway Motorway (Eight Mile Plains - Nudgee)	Belmont	Brisbane City	State-controlled	Intersection - Interchange	No traffic control	"80 - 90 km/h"	Sealed - Wet	Raining	Darkness - Lighted	Straight	Grade	301	Vehs Same Direction: Rear End	"04: Rear-end"	N	0	0	2	0	2	3	0	0	0	0	0	0
127568	127568	Minor injury	2025	June	Thursday	17	Rear-end	Multi-Vehicle	152.979963022924	-27.5977374414447	Inala Ave	""	""	Inala	Brisbane City	Locally-controlled	No Roadway Feature	No traffic control	"60 km/h"	Sealed - Dry	Clear	Darkness - Lighted	Straight	Level	301	Vehs Same Direction: Rear End	"04: Rear-end"	E	0	0	0	1	1	3	0	0	0	0	0	0
127569	127569	Hospitalisation	2025	May	Wednesday	20	Rear-end	Multi-Vehicle	153.124826016875	-27.5222074554057	Gateway Arterial Rd	""	Gateway Motorway (Eight Mile Plains - Nudgee)	Belmont	Brisbane City	State-controlled	No Roadway Feature	No traffic control	"100 - 110 km/h"	Sealed - Wet	Raining	Darkness - Not lighted	Straight	Level	301	Vehs Same Direction: Rear End	"04: Rear-end"	N	0	2	0	0	2	3	0	0	0	0	0	0
127571	127571	Minor injury	2025	May	Saturday	23	Sideswipe	Multi-Vehicle	153.118428022789	-27.480961454435	Gateway Arterial Rd	""	Gateway Motorway (Eight Mile Plains - Nudgee)	Tingalpa	Brisbane City	State-controlled	No Roadway Feature	No traffic control	"100 - 110 km/h"	Sealed - Dry	Clear	Darkness - Lighted	Straight	Level	307	Vehs Same Direction: Lane Change Left	"05: Lane Change"	S	0	0	0	1	1	2	0	0	0	0	0	0
127575	127575	Minor injury	2025	February	Sunday	14	Rear-end	Multi-Vehicle	153.038766028019	-27.5072354466293	Pacific Hwy	South East Arterial Rd	South-East Arterial Road (Pacific Motorway)	Greenslopes	Brisbane City	State-controlled	Intersection - Interchange	No traffic control	"100 - 110 km/h"	Sealed - Dry	Clear	Daylight	Straight	Level	301	Vehs Same Direction: Rear End	"04: Rear-end"	S	0	0	0	2	2	2	0	1	0	0	0	0
127586	127586	Hospitalisation	2025	June	Friday	3	Head-on	Multi-Vehicle	153.061446020987	-27.5435574491952	Pacific Hwy	""	South-East Arterial Road (Pacific Motorway)	Mount Gravatt	Brisbane City	State-controlled	No Roadway Feature	No traffic control	"100 - 110 km/h"	Sealed - Dry	Clear	Darkness - Lighted	Straight	Crest	201	Vehs Opposite Approach: Head On	"02: Head-on"	N	0	1	1	0	2	2	0	0	0	0	0	0
127590	127590	Hospitalisation	2025	June	Friday	23	Hit pedestrian	Hit pedestrian	153.031838028242	-27.5113624459662	Ipswich Rd	""	""	Annerley	Brisbane City	Locally-controlled	No Roadway Feature	No traffic control	"0 - 50 km/h"	Sealed - Dry	Clear	Darkness - Lighted	Straight	Level	1	Pedn: Near Side Vehicle Hit From Right	"12: Pedestrian"	N	0	1	0	0	1	1	0	0	1	0	1	0
127591	127591	Minor injury	2025	June	Monday	20	Angle	Multi-Vehicle	153.039182023132	-27.5455514469738	Bye St	Toohey Rd	""	Salisbury	Brisbane City	Locally-controlled	Intersection - T-Junction	Operating traffic lights	"60 km/h"	Sealed - Dry	Clear	Darkness - Lighted	Straight	Level	102	Vehs Adjacent Approach: Right-Thru	"01: Intersection: Adjacent Approach"	E	0	0	0	1	1	2	0	0	0	0	0	0
127610	127610	Minor injury	2025	May	Thursday	8	Hit parked vehicle	Single Vehicle	153.06051803148	-27.4613504484522	Hawthorne Rd	""	""	Hawthorne	Brisbane City	Locally-controlled	No Roadway Feature	No traffic control	"0 - 50 km/h"	Sealed - Dry	Clear	Daylight	Straight	Level	604	Vehs On Path: Car Door	"10: Hit Parked Vehicle"	N	0	0	0	1	1	1	0	0	0	1	0	0
127612	127612	Medical treatment	2025	May	Saturday	15	Rear-end	Multi-Vehicle	152.992523035649	-27.4861414418224	High St	""	""	Toowong	Brisbane City	Locally-controlled	No Roadway Feature	No traffic control	"60 km/h"	Sealed - Dry	Clear	Daylight	Straight	Grade	301	Vehs Same Direction: Rear End	"04: Rear-end"	W	0	0	1	0	1	2	0	0	0	0	0	0
127614	127614	Medical treatment	2025	May	Thursday	10	Angle	Multi-Vehicle	153.017038048523	-27.3630934433079	Gympie Rd	""	Gympie Arterial Road	Aspley	Brisbane City	State-controlled	No Roadway Feature	No traffic control	"60 km/h"	Sealed - Dry	Clear	Daylight	Straight	Level	309	Vehs Same Direction: Left Turn S/Swipe	"06: Parallel Lanes Turning"	N	0	0	1	0	1	2	0	0	0	0	0	0
127615	127615	Hospitalisation	2025	May	Friday	7	Rear-end	Multi-Vehicle	153.062999016584	-27.5770264496156	Mains Rd	""	""	Sunnybank	Brisbane City	Locally-controlled	No Roadway Feature	No traffic control	"60 km/h"	Sealed - Wet	Raining	Daylight	Straight	Level	301	Vehs Same Direction: Rear End	"04: Rear-end"	N	0	1	0	0	1	2	0	0	0	0	0	0
127628	127628	Hospitalisation	2025	June	Tuesday	10	Overturned	Single Vehicle	152.852186048291	-27.5056174279455	Woodland Dr	""	""	Pullenvale	Brisbane City	Locally-controlled	No Roadway Feature	No traffic control	"0 - 50 km/h"	Sealed - Dry	Clear	Daylight	Curved - view open	Dip	805	Off Path-Curve: Out Of Control On Cway	"20: Out of Control on Curve"	E	0	1	0	0	1	0	0	0	0	0	0	1
127629	127629	Hospitalisation	2025	June	Wednesday	7	Angle	Multi-Vehicle	153.029190013559	-27.6297494466349	Algester Rd	Bannockburn Cr	""	Parkinson	Brisbane City	Locally-controlled	Intersection - T-Junction	Give way sign	"60 km/h"	Sealed - Dry	Clear	Daylight	Straight	Level	104	Vehs Adjacent Approach: Thru-Right	"01: Intersection: Adjacent Approach"	E	0	1	1	0	2	2	0	0	0	0	0	0
127633	127633	Minor injury	2025	June	Wednesday	13	Rear-end	Multi-Vehicle	153.087889029026	-27.457551451175	Colmslie Rd	Lytton Rd	""	Morningside	Brisbane City	Locally-controlled	Intersection - Roundabout	Give way sign	"60 km/h"	Sealed - Dry	Clear	Daylight	Straight	Level	302	Vehs Same Direction: Left Rear	"04: Rear-end"	W	0	0	0	1	1	1	0	0	0	0	0	1
127644	127644	Hospitalisation	2025	June	Friday	7	Hit parked vehicle	Single Vehicle	153.006268035133	-27.4785304431406	Montague Rd	""	""	West End	Brisbane City	Locally-controlled	No Roadway Feature	No traffic control	"0 - 50 km/h"	Sealed - Dry	Clear	Daylight	Straight	Level	604	Vehs On Path: Car Door	"10: Hit Parked Vehicle"	N	0	2	0	0	2	1	0	0	0	2	0	0
127678	127678	Minor injury	2025	June	Friday	18	Angle	Multi-Vehicle	153.010781053187	-27.3313354424286	Gympie Arterial Rd	Linkfield Rd	Linkfield Connection Road	Bald Hills	Brisbane City	State-controlled	Intersection - Interchange	Give way sign	"60 km/h"	Sealed - Dry	Clear	Darkness - Lighted	Straight	Grade	202	Vehs Opposite Approach: Thru-Right	"03: Opposing Vehicles Turning"	W	0	0	0	1	1	2	0	0	0	0	0	0
127712	127712	Hospitalisation	2025	June	Sunday	6	Hit object	Single Vehicle	153.108197025099	-27.4713804533287	Wynnum Rd	""	""	Tingalpa	Brisbane City	Locally-controlled	No Roadway Feature	No traffic control	"70 km/h"	Sealed - Dry	Clear	Daylight	Straight	Level	708	Off Path-Straight: Mounts Traffic Island	"16: Off Carriageway on Straight Hit Object"	W	0	1	0	0	1	1	0	0	0	0	0	0
127717	127717	Medical treatment	2025	June	Sunday	6	Hit object	Single Vehicle	152.962305024726	-27.5985674396824	Eridanus St	""	""	Inala	Brisbane City	Locally-controlled	No Roadway Feature	No traffic control	"0 - 50 km/h"	Sealed - Dry	Clear	Dawn/Dusk	Straight	Level	703	Off Path-Straight: Left Off Cway Hit Obj	"16: Off Carriageway on Straight Hit Object"	E	0	0	1	0	1	1	0	0	0	0	0	0
127718	127718	Medical treatment	2025	June	Sunday	9	Rear-end	Multi-Vehicle	153.029141032403	-27.4807054454532	South East Arterial Rd	""	South-East Arterial Road (Pacific Motorway)	Brisbane City	Brisbane City	State-controlled	No Roadway Feature	No traffic control	"70 km/h"	Sealed - Dry	Clear	Daylight	Straight	Level	301	Vehs Same Direction: Rear End	"04: Rear-end"	W	0	0	1	0	1	5	0	0	0	0	0	0
127720	127720	Medical treatment	2025	April	Thursday	18	Rear-end	Multi-Vehicle	153.091017014306	-27.5711764523877	South East Arterial Rd	""	South-East Arterial Road (Pacific Motorway)	Eight Mile Plains	Brisbane City	State-controlled	Intersection - Interchange	No traffic control	"70 km/h"	Sealed - Wet	Clear	Darkness - Lighted	Curved - view open	Level	301	Vehs Same Direction: Rear End	"04: Rear-end"	N	0	0	1	0	1	2	0	0	0	0	0	0
127751	127751	Minor injury	2025	March	Monday	15	Angle	Multi-Vehicle	153.009627033716	-27.4869004435437	Dornoch Tce	Katrine St	""	West End	Brisbane City	Locally-controlled	Intersection - T-Junction	Stop sign	"0 - 50 km/h"	Sealed - Wet	Clear	Daylight	Straight	Level	107	Vehs Adjacent Approach: Thru-Left	"01: Intersection: Adjacent Approach"	W	0	0	0	1	1	2	0	0	0	0	0	0
127804	127804	Medical treatment	2025	April	Monday	17	Rear-end	Multi-Vehicle	153.03764202964	-27.4953574464226	Pacific Mtwy Off Ramp	""	South-East Arterial Road (Pacific Motorway)	Woolloongabba	Brisbane City	State-controlled	No Roadway Feature	No traffic control	"80 - 90 km/h"	Sealed - Wet	Raining	Daylight	Straight	Grade	301	Vehs Same Direction: Rear End	"04: Rear-end"	E	0	0	1	0	1	2	0	0	0	0	0	0
127808	127808	Hospitalisation	2025	April	Wednesday	21	Fall from vehicle	Single Vehicle	153.023046050427	-27.3428754437507	Dorville Rd	""	""	Carseldine	Brisbane City	Locally-controlled	No Roadway Feature	No traffic control	"60 km/h"	Sealed - Dry	Clear	Darkness - Lighted	Straight	Level	705	Off Path-Straight: Out Of Control On Cway	"17: Out of Control on Straight"	""	0	1	0	0	1	0	1	0	0	0	0	0
127811	127811	Hospitalisation	2025	April	Thursday	23	Hit object	Single Vehicle	152.987056047386	-27.3975954405741	Dargie St	Old Northern Rd	Everton Park - Albany Creek Road	Everton Park	Brisbane City	State-controlled	Intersection - T-Junction	Operating traffic lights	"60 km/h"	Sealed - Wet	Raining	Darkness - Lighted	Curved - view open	Crest	803	Off Path-Curve: Off Cway Rt Bend Hit Obj	"19: Off Carriageway on Curve Hit Object"	S	0	1	0	1	2	1	0	0	0	0	0	0
127812	127812	Hospitalisation	2025	May	Friday	11	Hit pedestrian	Hit pedestrian	153.115129011464	-27.5731014548307	Obrist Pl	""	""	Rochedale	Brisbane City	Locally-controlled	No Roadway Feature	No traffic control	"0 - 50 km/h"	Sealed - Dry	Clear	Daylight	Straight	Grade	906	Pass & Misc: Parked Car Ran Away	"21: Other"	""	0	1	0	0	1	1	0	0	0	0	1	0
127819	127819	Medical treatment	2025	April	Thursday	18	Angle	Multi-Vehicle	153.042046034233	-27.4552314465477	Chester St	Doggett St	""	Teneriffe	Brisbane City	Locally-controlled	Intersection - Cross	Give way sign	"60 km/h"	Sealed - Dry	Clear	Darkness - Lighted	Straight	Level	101	Vehs Adjacent Approach: Thru-Thru	"01: Intersection: Adjacent Approach"	W	0	0	1	0	1	2	0	0	0	0	0	0
127823	127823	Hospitalisation	2025	April	Thursday	21	Fall from vehicle	Single Vehicle	153.031056051629	-27.3265404444254	Enbrook St	Michael Pl	""	Bracken Ridge	Brisbane City	Locally-controlled	Intersection - Roundabout	Give way sign	"0 - 50 km/h"	Sealed - Dry	Clear	Dawn/Dusk	Curved - view open	Dip	805	Off Path-Curve: Out Of Control On Cway	"20: Out of Control on Curve"	S	0	1	0	0	1	0	1	0	0	0	0	0
127828	127828	Hospitalisation	2025	April	Tuesday	7	Angle	Multi-Vehicle	153.079799011118	-27.6058724515328	Nemies Rd	Persse Rd	""	Runcorn	Brisbane City	Locally-controlled	Intersection - T-Junction	Give way sign	"60 km/h"	Sealed - Dry	Clear	Daylight	Straight	Level	104	Vehs Adjacent Approach: Thru-Right	"01: Intersection: Adjacent Approach"	N	0	1	2	0	3	2	0	0	0	0	0	0
127836	127836	Hospitalisation	2025	April	Wednesday	18	Hit pedestrian	Hit pedestrian	153.000372022242	-27.5856954433956	Bowhill Rd	""	""	Willawong	Brisbane City	Locally-controlled	No Roadway Feature	No traffic control	"70 km/h"	Sealed - Dry	Clear	Darkness - Not lighted	Curved - view obscured	Level	3	Pedn: Far Side Vehicle Hit From Left	"12: Pedestrian"	W	0	1	0	0	1	1	0	0	0	0	1	0
127839	127839	Hospitalisation	2025	May	Friday	17	Rear-end	Multi-Vehicle	153.15157601558	-27.5097634580045	Old Cleveland Rd	""	Cleveland Sub-Arterial Road	Chandler	Brisbane City	State-controlled	No Roadway Feature	No traffic control	"80 - 90 km/h"	Sealed - Dry	Clear	Darkness - Lighted	Straight	Grade	301	Vehs Same Direction: Rear End	"04: Rear-end"	W	0	2	0	0	2	4	0	0	0	0	0	0
127847	127847	Minor injury	2025	June	Tuesday	15	Angle	Multi-Vehicle	153.017828043145	-27.4051284437199	Jardine St	Webster Rd	""	Stafford	Brisbane City	Locally-controlled	Intersection - T-Junction	Give way sign	"60 km/h"	Sealed - Dry	Clear	Daylight	Straight	Grade	104	Vehs Adjacent Approach: Thru-Right	"01: Intersection: Adjacent Approach"	S	0	0	0	1	1	2	0	0	0	0	0	0
127855	127855	Medical treatment	2025	June	Sunday	8	Rear-end	Multi-Vehicle	153.046711011531	-27.630810448403	Beaudesert Rd	Nottingham Rd	Mount Lindesay Arterial Road	Calamvale	Brisbane City	State-controlled	Merge Lane	Give way sign	"60 km/h"	Sealed - Dry	Clear	Daylight	Curved - view open	Level	301	Vehs Same Direction: Rear End	"04: Rear-end"	S	0	0	1	0	1	2	0	0	0	0	0	0
127873	127873	Hospitalisation	2025	June	Sunday	15	Angle	Multi-Vehicle	153.011704026606	-27.5414684441832	Fairfield Rd	Sherwood Rd	""	Rocklea	Brisbane City	Locally-controlled	Intersection - Cross	Operating traffic lights	"60 km/h"	Sealed - Dry	Clear	Daylight	Curved - view open	Level	101	Vehs Adjacent Approach: Thru-Thru	"01: Intersection: Adjacent Approach"	S	0	1	0	0	1	2	0	0	0	0	0	0
127876	127876	Medical treatment	2025	June	Sunday	15	Sideswipe	Multi-Vehicle	153.01574703552	-27.4673954440036	Coronation Dr	""	South-East Arterial Road (Pacific Motorway)	Brisbane City	Brisbane City	State-controlled	No Roadway Feature	No traffic control	"60 km/h"	Sealed - Dry	Clear	Daylight	Curved - view open	Level	305	Vehs Same Direction: Lane Side Swipe	"05: Lane Change"	W	0	0	3	0	3	2	0	0	0	0	0	0
127882	127882	Minor injury	2025	June	Sunday	13	Sideswipe	Multi-Vehicle	153.030416024168	-27.5448214460877	Evans Rd	Tarragindi Rd	""	Salisbury	Brisbane City	Locally-controlled	Intersection - T-Junction	Operating traffic lights	"0 - 50 km/h"	Sealed - Dry	Clear	Daylight	Straight	Level	907	Pass & Misc: Vehicle Movements Not Known	"21: Other"	""	0	0	0	1	1	1	0	0	0	1	0	0
127888	127888	Minor injury	2025	June	Sunday	8	Rear-end	Multi-Vehicle	152.985843040042	-27.4569664409222	Coopers Camp Rd	Jubilee Tce	Western Arterial Road (Toowong - Everton Park)	Bardon	Brisbane City	State-controlled	Intersection - T-Junction	Operating traffic lights	"60 km/h"	Sealed - Dry	Clear	Darkness - Lighted	Straight	Level	301	Vehs Same Direction: Rear End	"04: Rear-end"	N	0	0	0	1	1	2	0	0	0	0	0	0
130569	130569	Hospitalisation	2025	March	Friday	14	Angle	Multi-Vehicle	153.12820801875	-27.504549455607	Mt Petrie Rd	Old Cleveland Rd	Cleveland Sub-Arterial Road	Belmont	Brisbane City	State-controlled	Intersection - T-Junction	No traffic control	"60 km/h"	Sealed - Dry	Clear	Daylight	Straight	Level	202	Vehs Opposite Approach: Thru-Right	"03: Opposing Vehicles Turning"	E	0	1	0	0	1	2	0	0	0	0	0	0
130572	130572	Medical treatment	2025	April	Wednesday	12	Hit object	Single Vehicle	153.097539039393	-27.3673434514323	Gateway Arterial Rd	""	Gateway Arterial Road (Gateway Motorway - North)	Nudgee Beach	Brisbane City	State-controlled	No Roadway Feature	No traffic control	"100 - 110 km/h"	Sealed - Wet	Raining	Daylight	Curved - view open	Level	803	Off Path-Curve: Off Cway Rt Bend Hit Obj	"19: Off Carriageway on Curve Hit Object"	S	0	0	2	0	2	1	0	0	0	0	0	0
163040	163040	Medical treatment	2025	May	Friday	7	Rear-end	Multi-Vehicle	153.066175018317	-27.5606334498055	Griffith Arterial Rd	Kessels Rd	Nathan Connection Arterial Road	Macgregor	Brisbane City	State-controlled	Intersection - Cross	Operating traffic lights	"60 km/h"	Sealed - Dry	Clear	Daylight	Straight	Grade	301	Vehs Same Direction: Rear End	"04: Rear-end"	S	0	0	1	0	1	2	0	0	0	0	0	0
163078	163078	Medical treatment	2025	April	Tuesday	9	Angle	Multi-Vehicle	153.024207029344	-27.5091354451825	Fairfield Rd	""	""	Fairfield	Brisbane City	Locally-controlled	No Roadway Feature	No traffic control	"60 km/h"	Sealed - Dry	Clear	Daylight	Curved - view open	Level	406	Vehs Manoeuvring: Leaving Driveway	"08: Vehicle Leaving Driveway"	S	0	0	1	0	1	2	0	0	0	0	0	0
163353	163353	Hospitalisation	2025	April	Tuesday	18	Rear-end	Multi-Vehicle	153.124630016805	-27.5229234553916	Gateway Arterial Rd	""	Gateway Motorway (Eight Mile Plains - Nudgee)	Belmont	Brisbane City	State-controlled	No Roadway Feature	No traffic control	"100 - 110 km/h"	Sealed - Dry	Clear	Darkness - Lighted	Straight	Level	301	Vehs Same Direction: Rear End	"04: Rear-end"	N	0	2	0	0	2	1	0	0	1	0	0	0
163361	163361	Hospitalisation	2025	May	Saturday	9	Sideswipe	Multi-Vehicle	153.062142028578	-27.4829374487862	Adina St	Crown St	""	Norman Park	Brisbane City	Locally-controlled	Intersection - Cross	No traffic control	"0 - 50 km/h"	Sealed - Dry	Clear	Daylight	Curved - view open	Level	309	Vehs Same Direction: Left Turn S/Swipe	"06: Parallel Lanes Turning"	E	0	1	0	0	1	1	0	0	0	1	0	0
163362	163362	Medical treatment	2025	April	Tuesday	16	Rear-end	Multi-Vehicle	153.059897677183	-27.3453653684719	Sandgate Rd	""	Sandgate Sub-Arterial Road	Boondall	Brisbane City	State-controlled	No Roadway Feature	No traffic control	"70 km/h"	Sealed - Dry	Clear	Daylight	Straight	Level	301	Vehs Same Direction: Rear End	"04: Rear-end"	N	0	0	2	0	2	2	0	0	0	0	0	0
163363	163363	Fatal	2025	June	Saturday	20	Head-on	Multi-Vehicle	152.952178042758	-27.4640914376066	Sir Samuel Griffith Dr	""	""	Mount Coot-tha	Brisbane City	Locally-controlled	No Roadway Feature	No traffic control	"0 - 50 km/h"	Sealed - Dry	Clear	Darkness - Not lighted	Curved - view open	Level	201	Vehs Opposite Approach: Head On	"02: Head-on"	""	1	1	2	0	4	2	0	0	0	0	0	0
163365	163365	Medical treatment	2025	May	Saturday	9	Rear-end	Multi-Vehicle	153.0928160226	-27.5041624520393	Gallipoli Rd	Winstanley St	""	Carina Heights	Brisbane City	Locally-controlled	Intersection - Roundabout	Give way sign	"60 km/h"	Sealed - Dry	Clear	Daylight	Straight	Dip	302	Vehs Same Direction: Left Rear	"04: Rear-end"	N	0	0	1	0	1	2	0	0	0	0	0	0
163372	163372	Minor injury	2025	May	Friday	19	Rear-end	Multi-Vehicle	153.01368903571	-27.467638443799	Coronation Dr	""	""	Brisbane City	Brisbane City	Locally-controlled	No Roadway Feature	No traffic control	"60 km/h"	Sealed - Dry	Clear	Dawn/Dusk	Straight	Crest	301	Vehs Same Direction: Rear End	"04: Rear-end"	E	0	0	0	1	1	2	0	0	0	0	0	0
163816	163816	Minor injury	2025	January	Monday	15	Hit pedestrian	Hit pedestrian	153.026736033864	-27.4711694451363	Albert St	Charlotte St	""	Brisbane City	Brisbane City	Locally-controlled	Intersection - Cross	Operating traffic lights	"0 - 50 km/h"	Sealed - Dry	Clear	Daylight	Straight	Level	4	Pedn: Play; Work; Stand; Lie On Cway	"12: Pedestrian"	E	0	0	0	1	1	0	0	0	0	0	1	1
163819	163819	Medical treatment	2025	January	Tuesday	5	Rear-end	Multi-Vehicle	153.04458902638	-27.5152514472776	Pacific Hwy	""	South-East Arterial Road (Pacific Motorway)	Greenslopes	Brisbane City	State-controlled	No Roadway Feature	No traffic control	"100 - 110 km/h"	Sealed - Dry	Clear	Daylight	Straight	Level	301	Vehs Same Direction: Rear End	"04: Rear-end"	N	0	0	1	0	1	3	0	0	0	0	0	0
163959	163959	Minor injury	2025	April	Tuesday	17	Rear-end	Multi-Vehicle	153.064325017282	-27.5703824496964	Mains Rd	""	""	Sunnybank	Brisbane City	Locally-controlled	No Roadway Feature	No traffic control	"60 km/h"	Sealed - Dry	Clear	Dawn/Dusk	Straight	Level	301	Vehs Same Direction: Rear End	"04: Rear-end"	N	0	0	0	1	1	3	0	0	0	0	0	0
163996	163996	Hospitalisation	2025	June	Tuesday	18	Angle	Multi-Vehicle	153.059292027415	-27.4945614485916	Cavendish Rd	Old Cleveland Rd	""	Coorparoo	Brisbane City	Locally-controlled	Intersection - Cross	Operating traffic lights	"0 - 50 km/h"	Sealed - Dry	Clear	Darkness - Lighted	Straight	Grade	202	Vehs Opposite Approach: Thru-Right	"03: Opposing Vehicles Turning"	W	0	2	0	0	2	1	1	0	0	0	0	0
164097	164097	Minor injury	2025	January	Saturday	10	Rear-end	Multi-Vehicle	153.061883026216	-27.5018434489096	Cavendish Rd	Emlyn St	""	Coorparoo	Brisbane City	Locally-controlled	Intersection - T-Junction	No traffic control	"0 - 50 km/h"	Sealed - Dry	Clear	Daylight	Straight	Level	301	Vehs Same Direction: Rear End	"04: Rear-end"	S	0	0	0	1	1	2	0	0	0	0	0	0
164098	164098	Medical treatment	2025	January	Thursday	4	Rear-end	Multi-Vehicle	153.011026019564	-27.5977924445598	Learoyd Rd	""	""	Willawong	Brisbane City	Locally-controlled	No Roadway Feature	No traffic control	"80 - 90 km/h"	Sealed - Dry	Clear	Daylight	Straight	Level	301	Vehs Same Direction: Rear End	"04: Rear-end"	E	0	0	1	0	1	2	0	0	0	0	0	0
164102	164102	Medical treatment	2025	January	Thursday	9	Rear-end	Multi-Vehicle	152.936965031908	-27.5632924368678	Bronze St	""	""	Sumner	Brisbane City	Locally-controlled	No Roadway Feature	No traffic control	"60 km/h"	Sealed - Dry	Clear	Daylight	Straight	Level	406	Vehs Manoeuvring: Leaving Driveway	"08: Vehicle Leaving Driveway"	W	0	0	1	0	1	2	0	0	0	0	0	0
164113	164113	Minor injury	2025	January	Saturday	11	Rear-end	Multi-Vehicle	153.058450014235	-27.5994484493353	Hellawell Rd	Pinelands Rd	""	Sunnybank Hills	Brisbane City	Locally-controlled	Intersection - T-Junction	Give way sign	"60 km/h"	Sealed - Dry	Clear	Daylight	Straight	Level	302	Vehs Same Direction: Left Rear	"04: Rear-end"	S	0	0	0	1	1	2	0	0	0	0	0	0
164163	164163	Hospitalisation	2025	April	Monday	7	Hit object	Single Vehicle	153.156537022415	-27.4516764580456	New Lindum Rd	Wynnum Rd	""	Wynnum West	Brisbane City	Locally-controlled	Intersection - T-Junction	Operating traffic lights	"60 km/h"	Sealed - Wet	Raining	Daylight	Straight	Grade	703	Off Path-Straight: Left Off Cway Hit Obj	"16: Off Carriageway on Straight Hit Object"	N	0	1	0	0	1	1	0	0	0	0	0	0
164414	164414	Hospitalisation	2025	April	Sunday	14	Angle	Multi-Vehicle	152.994232036033	-27.4816394419582	Bennett St	Sylvan Rd	""	Toowong	Brisbane City	Locally-controlled	Intersection - T-Junction	No traffic control	"60 km/h"	Sealed - Dry	Clear	Daylight	Straight	Level	408	Vehs Manoeuvring: Entering From Footway	"08: Vehicle Leaving Driveway"	""	0	1	0	0	1	1	0	0	0	0	0	1
164870	164870	Hospitalisation	2025	January	Tuesday	4	Hit object	Single Vehicle	153.008756025113	-27.5558074440007	Ipswich Mwy	""	Cunningham Arterial Road (Ipswich Motorway)	Rocklea	Brisbane City	State-controlled	No Roadway Feature	No traffic control	"70 km/h"	Sealed - Dry	Clear	Darkness - Lighted	Curved - view open	Crest	607	Vehs On Path: Temporary Object On Cway	"21: Other"	S	0	1	0	0	1	0	1	0	0	0	0	0
164873	164873	Medical treatment	2025	January	Saturday	0	Angle	Multi-Vehicle	153.061046623645	-27.3565926486763	Northumbria Rd	Sandgate Rd	Sandgate Sub-Arterial Road	Boondall	Brisbane City	State-controlled	Intersection - Cross	Operating traffic lights	"70 km/h"	Sealed - Dry	Clear	Daylight	Straight	Level	202	Vehs Opposite Approach: Thru-Right	"03: Opposing Vehicles Turning"	S	0	0	1	0	1	2	0	0	0	0	0	0
164875	164875	Hospitalisation	2025	January	Friday	10	Hit parked vehicle	Single Vehicle	153.035493032774	-27.472363446025	Main St	""	""	Kangaroo Point	Brisbane City	Locally-controlled	No Roadway Feature	No traffic control	"60 km/h"	Sealed - Dry	Clear	Daylight	Straight	Level	601	Vehs On Path: Parked	"10: Hit Parked Vehicle"	N	0	1	0	1	2	2	0	0	0	0	0	0
164878	164878	Hospitalisation	2025	February	Tuesday	10	Angle	Multi-Vehicle	153.056281025123	-27.5152504484524	Birdwood Rd	Logan Rd	""	Holland Park West	Brisbane City	Locally-controlled	Intersection - T-Junction	Operating traffic lights	"60 km/h"	Sealed - Dry	Clear	Daylight	Straight	Level	104	Vehs Adjacent Approach: Thru-Right	"01: Intersection: Adjacent Approach"	W	0	1	0	0	1	3	0	0	0	0	0	0
164880	164880	Hospitalisation	2025	February	Tuesday	13	Hit pedestrian	Hit pedestrian	153.082380046268	-27.3256824495768	Yundah St	""	""	Shorncliffe	Brisbane City	Locally-controlled	No Roadway Feature	No traffic control	"0 - 50 km/h"	Sealed - Dry	Clear	Daylight	Straight	Grade	5	Pedn: Hit Walking With Traffic	"12: Pedestrian"	W	0	1	0	1	2	1	0	0	0	0	1	0
164886	164886	Medical treatment	2025	February	Monday	10	Hit object	Single Vehicle	153.031324035116	-27.4573524454877	Barry Pde	Gipps St	""	Fortitude Valley	Brisbane City	Locally-controlled	Intersection - Cross	Stop sign	"60 km/h"	Sealed - Dry	Clear	Daylight	Curved - view open	Level	808	Off Path-Curve: Mounts Traffic Island	"19: Off Carriageway on Curve Hit Object"	N	0	0	1	0	1	1	0	0	0	0	0	0
164891	164891	Medical treatment	2025	February	Tuesday	12	Angle	Multi-Vehicle	152.929245051974	-27.410326434887	Upper Kedron Rd	""	""	Ferny Grove	Brisbane City	Locally-controlled	No Roadway Feature	No traffic control	"60 km/h"	Sealed - Dry	Clear	Daylight	Straight	Level	400	Vehs Manoeuvring: Other	"21: Other"	""	0	0	1	0	1	0	0	0	0	1	0	1
164892	164892	Minor injury	2025	February	Tuesday	12	Hit parked vehicle	Single Vehicle	153.057097026272	-27.5054714484572	Chatsworth Rd	""	""	Coorparoo	Brisbane City	Locally-controlled	No Roadway Feature	No traffic control	"60 km/h"	Sealed - Dry	Clear	Daylight	Curved - view open	Grade	601	Vehs On Path: Parked	"10: Hit Parked Vehicle"	W	0	0	0	1	1	2	0	0	0	0	0	0
165193	165193	Medical treatment	2025	February	Tuesday	15	Hit parked vehicle	Single Vehicle	153.030069043252	-27.3938954448597	Bromilow St	""	Gympie Arterial Road	Kedron	Brisbane City	State-controlled	No Roadway Feature	No traffic control	"0 - 50 km/h"	Sealed - Dry	Clear	Daylight	Straight	Level	707	Off Path-Straight: Right Turn	"15: Off Carriageway on Straight"	W	0	0	1	0	1	2	0	0	0	0	0	0
165194	165194	Minor injury	2025	February	Tuesday	15	Angle	Multi-Vehicle	153.034569035315	-27.4530114457792	King St	St Pauls Tce	""	Fortitude Valley	Brisbane City	Locally-controlled	Intersection - T-Junction	Operating traffic lights	"60 km/h"	Sealed - Dry	Clear	Daylight	Curved - view open	Dip	202	Vehs Opposite Approach: Thru-Right	"03: Opposing Vehicles Turning"	S	0	0	0	1	1	2	0	0	0	0	0	0
165206	165206	Hospitalisation	2025	February	Tuesday	8	Fall from vehicle	Single Vehicle	153.031597038955	-27.4266794452725	Maygar St	""	""	Windsor	Brisbane City	Locally-controlled	No Roadway Feature	No traffic control	"60 km/h"	Sealed - Dry	Clear	Daylight	Straight	Crest	705	Off Path-Straight: Out Of Control On Cway	"17: Out of Control on Straight"	E	0	1	0	0	1	0	1	0	0	0	0	1
165385	165385	Medical treatment	2025	April	Sunday	11	Rear-end	Multi-Vehicle	153.034338029078	-27.5026154461481	Ipswich Rd	""	""	Annerley	Brisbane City	Locally-controlled	No Roadway Feature	No traffic control	"0 - 50 km/h"	Sealed - Dry	Clear	Daylight	Curved - view open	Grade	301	Vehs Same Direction: Rear End	"04: Rear-end"	N	0	0	2	1	3	3	0	0	0	0	0	0
165400	165400	Minor injury	2025	April	Saturday	10	Sideswipe	Multi-Vehicle	153.033106040813	-27.4106664452973	Gympie Rd	Homebush Rd	Gympie Arterial Road	Kedron	Brisbane City	State-controlled	Intersection - T-Junction	No traffic control	"70 km/h"	Sealed - Dry	Clear	Daylight	Straight	Level	306	Vehs Same Direction: Lane Change Right	"05: Lane Change"	W	0	0	0	1	1	1	1	0	0	0	0	0
168080	168080	Medical treatment	2025	June	Tuesday	18	Hit parked vehicle	Single Vehicle	153.034067032036	-27.4794174459376	River Tce	""	""	Kangaroo Point	Brisbane City	Locally-controlled	No Roadway Feature	No traffic control	"0 - 50 km/h"	Sealed - Dry	Clear	Darkness - Lighted	Straight	Level	301	Vehs Same Direction: Rear End	"04: Rear-end"	S	0	0	1	0	1	4	0	0	0	0	0	0
168257	168257	Medical treatment	2025	June	Monday	17	Angle	Multi-Vehicle	153.020027042429	-27.4089454439708	Collier St	Crawford Ave	""	Stafford	Brisbane City	Locally-controlled	Intersection - T-Junction	Stop sign	"0 - 50 km/h"	Sealed - Dry	Clear	Dawn/Dusk	Straight	Level	101	Vehs Adjacent Approach: Thru-Thru	"01: Intersection: Adjacent Approach"	S	0	0	1	0	1	2	0	0	0	0	0	0
171571	171571	Hospitalisation	2025	February	Thursday	14	Hit parked vehicle	Single Vehicle	152.958729025486	-27.595606439301	Old Progress Rd	""	""	Richlands	Brisbane City	Locally-controlled	No Roadway Feature	No traffic control	"0 - 50 km/h"	Sealed - Dry	Clear	Daylight	Straight	Grade	601	Vehs On Path: Parked	"10: Hit Parked Vehicle"	W	0	1	0	0	1	1	0	1	0	0	0	0
197623	197623	Medical treatment	2025	April	Wednesday	10	Hit pedestrian	Hit pedestrian	152.97242702337	-27.6006504407126	Wirraway Pde	""	""	Inala	Brisbane City	Locally-controlled	No Roadway Feature	No traffic control	"0 - 50 km/h"	Sealed - Dry	Clear	Daylight	Straight	Level	0	Pedn: Hit Other	"21: Other"	E	0	0	1	0	1	1	0	0	0	0	1	0
181474	181474	Minor injury	2025	January	Thursday	12	Rear-end	Multi-Vehicle	153.044886010773	-27.6383574482792	Beaudesert Rd	Illaweena St	Mount Lindesay Arterial Road	Calamvale	Brisbane City	State-controlled	Intersection - Cross	Operating traffic lights	"60 km/h"	Sealed - Dry	Clear	Daylight	Straight	Level	301	Vehs Same Direction: Rear End	"04: Rear-end"	S	0	0	0	1	1	1	0	1	0	0	0	0
181540	181540	Hospitalisation	2025	June	Monday	7	Angle	Multi-Vehicle	153.027426031078	-27.4926594453755	Annerley Rd	Tillot St	""	Dutton Park	Brisbane City	Locally-controlled	Intersection - T-Junction	Stop sign	"0 - 50 km/h"	Sealed - Dry	Clear	Daylight	Straight	Level	408	Vehs Manoeuvring: Entering From Footway	"08: Vehicle Leaving Driveway"	""	0	1	0	0	1	2	0	0	0	1	0	0
181549	181549	Hospitalisation	2025	June	Monday	13	Hit object	Single Vehicle	152.997572037	-27.4711244422099	Beard St	Macintosh St	""	Auchenflower	Brisbane City	Locally-controlled	No Roadway Feature	No traffic control	"0 - 50 km/h"	Sealed - Dry	Clear	Daylight	Straight	Level	707	Off Path-Straight: Right Turn	"15: Off Carriageway on Straight"	S	0	1	0	0	1	1	0	0	0	0	0	0
181551	181551	Medical treatment	2025	June	Monday	13	Hit object	Single Vehicle	153.04968704766	-27.3422854464214	Roghan Rd	""	""	Taigum	Brisbane City	Locally-controlled	No Roadway Feature	No traffic control	"60 km/h"	Sealed - Dry	Clear	Daylight	Straight	Level	400	Vehs Manoeuvring: Other	"21: Other"	N	0	0	1	0	1	0	1	0	0	0	0	0
181973	181973	Medical treatment	2025	May	Wednesday	17	Angle	Multi-Vehicle	153.037862041966	-27.3974844456706	Telopia Ave	White St	""	Wavell Heights	Brisbane City	Locally-controlled	Intersection - T-Junction	Give way sign	"60 km/h"	Sealed - Dry	Clear	Dawn/Dusk	Straight	Grade	102	Vehs Adjacent Approach: Right-Thru	"01: Intersection: Adjacent Approach"	S	0	0	2	0	2	2	0	0	0	0	0	0
182216	182216	Medical treatment	2025	January	Wednesday	3	Hit object	Single Vehicle	153.035923925042	-27.5727668878615	Lensworth St	""	""	Coopers Plains	Brisbane City	Locally-controlled	No Roadway Feature	No traffic control	"60 km/h"	Sealed - Wet	Clear	Darkness - Lighted	Curved - view open	Level	804	Off Path-Curve: Off Cway Lt Bend Hit Obj	"19: Off Carriageway on Curve Hit Object"	E	0	0	1	0	1	1	0	0	0	0	0	0
182294	182294	Minor injury	2025	May	Saturday	13	Sideswipe	Multi-Vehicle	153.064488017396	-27.5693494497047	Mains Rd	""	""	Sunnybank	Brisbane City	Locally-controlled	No Roadway Feature	No traffic control	"60 km/h"	Sealed - Dry	Clear	Daylight	Straight	Level	307	Vehs Same Direction: Lane Change Left	"05: Lane Change"	N	0	0	0	1	1	2	0	0	0	0	0	0
182492	182492	Hospitalisation	2025	February	Tuesday	6	Hit pedestrian	Hit pedestrian	153.023403042156	-27.4082474443041	Lennon St	Wayland St	""	Stafford	Brisbane City	Locally-controlled	Intersection - Cross	No traffic control	"0 - 50 km/h"	Sealed - Dry	Clear	Daylight	Straight	Level	0	Pedn: Hit Other	"21: Other"	W	0	1	0	0	1	1	0	0	0	0	1	0
182476	182476	Medical treatment	2025	February	Monday	23	Hit object	Single Vehicle	152.986607049196	-27.3835934404183	Beckett Rd	""	""	Mcdowall	Brisbane City	Locally-controlled	No Roadway Feature	No traffic control	"60 km/h"	Sealed - Dry	Clear	Darkness - Lighted	Curved - view open	Level	804	Off Path-Curve: Off Cway Lt Bend Hit Obj	"19: Off Carriageway on Curve Hit Object"	S	0	0	1	0	1	1	0	0	0	0	0	0
182483	182483	Medical treatment	2025	February	Tuesday	9	Hit object	Single Vehicle	153.116623018252	-27.5182994545483	Greendale Way	""	""	Carindale	Brisbane City	Locally-controlled	No Roadway Feature	No traffic control	"60 km/h"	Sealed - Dry	Clear	Daylight	Straight	Level	705	Off Path-Straight: Out Of Control On Cway	"17: Out of Control on Straight"	W	0	0	1	0	1	1	0	0	0	0	0	0
182485	182485	Hospitalisation	2025	February	Tuesday	15	Angle	Multi-Vehicle	153.037963029174	-27.4987714464818	Carl St	""	""	Woolloongabba	Brisbane City	Locally-controlled	No Roadway Feature	No traffic control	"0 - 50 km/h"	Sealed - Dry	Clear	Daylight	Straight	Level	406	Vehs Manoeuvring: Leaving Driveway	"08: Vehicle Leaving Driveway"	N	0	1	0	0	1	1	1	0	0	0	0	0
182491	182491	Hospitalisation	2025	February	Tuesday	14	Sideswipe	Multi-Vehicle	152.956643030222	-27.5598334388098	Cardiff Rd	""	""	Darra	Brisbane City	Locally-controlled	No Roadway Feature	No traffic control	"60 km/h"	Sealed - Dry	Clear	Daylight	Straight	Grade	305	Vehs Same Direction: Lane Side Swipe	"05: Lane Change"	E	0	1	0	0	1	2	0	0	0	0	0	0
182952	182952	Medical treatment	2025	January	Friday	13	Fall from vehicle	Single Vehicle	153.048088014148	-27.608968448369	Beaudesert Rd	Highlands Dr	Mount Lindesay Arterial Road	Calamvale	Brisbane City	State-controlled	Intersection - T-Junction	Give way sign	"60 km/h"	Sealed - Dry	Clear	Daylight	Straight	Level	706	Off Path-Straight: Left Turn	"15: Off Carriageway on Straight"	W	0	0	1	0	1	0	1	0	0	0	0	0
182960	182960	Minor injury	2025	January	Saturday	17	Hit object	Single Vehicle	152.941566033408	-27.547442437203	Dandenong Rd	Western Arterial Rd	Centenary Motorway (Ellen Grove - Toowong)	Mount Ommaney	Brisbane City	State-controlled	Intersection - Roundabout	No traffic control	"0 - 50 km/h"	Sealed - Wet	Raining	Daylight	Curved - view obscured	Level	807	Vehicle Right-Turning At I/S (Or Driveway)	"20: Out of Control on Curve"	N	0	0	0	1	1	1	0	0	0	0	0	0
183351	183351	Hospitalisation	2025	June	Tuesday	17	Rear-end	Multi-Vehicle	153.061660012116	-27.6134454497684	Gowan Rd	""	""	Stretton	Brisbane City	Locally-controlled	No Roadway Feature	No traffic control	"60 km/h"	Sealed - Dry	Clear	Darkness - Not lighted	Straight	Level	301	Vehs Same Direction: Rear End	"04: Rear-end"	S	0	1	0	0	1	2	0	0	0	0	0	0
183523	183523	Medical treatment	2025	January	Wednesday	7	Hit object	Single Vehicle	153.015876048197	-27.3666754432196	Maundrell Tce	""	""	Aspley	Brisbane City	Locally-controlled	No Roadway Feature	No traffic control	"60 km/h"	Sealed - Dry	Clear	Daylight	Straight	Level	704	Off Path-Straight: Right Off Cway Hit Obj	"16: Off Carriageway on Straight Hit Object"	N	0	0	1	0	1	1	0	0	0	0	0	0
183530	183530	Medical treatment	2025	February	Wednesday	8	Rear-end	Multi-Vehicle	153.095947038234	-27.3778694513554	Gateway Arterial Rd	""	Gateway Arterial Road (Gateway Motorway - North)	Banyo	Brisbane City	State-controlled	Intersection - Interchange	No traffic control	"100 - 110 km/h"	Sealed - Dry	Clear	Daylight	Curved - view open	Level	301	Vehs Same Direction: Rear End	"04: Rear-end"	S	0	0	1	0	1	2	0	0	0	0	0	0
183532	183532	Hospitalisation	2025	February	Saturday	18	Angle	Multi-Vehicle	153.003744036592	-27.469108442813	Baroona Rd	Milton Rd	""	Milton	Brisbane City	Locally-controlled	Intersection - Cross	Operating traffic lights	"60 km/h"	Sealed - Dry	Clear	Darkness - Lighted	Straight	Level	202	Vehs Opposite Approach: Thru-Right	"03: Opposing Vehicles Turning"	S	0	1	0	0	1	2	1	0	0	0	0	0
183533	183533	Medical treatment	2025	February	Saturday	19	Sideswipe	Multi-Vehicle	153.022161033325	-27.4793324447416	Grey St	""	""	South Brisbane	Brisbane City	Locally-controlled	No Roadway Feature	No traffic control	"0 - 50 km/h"	Sealed - Dry	Clear	Darkness - Lighted	Straight	Level	400	Vehs Manoeuvring: Other	"21: Other"	E	0	0	1	0	1	1	1	0	0	0	0	0
183573	183573	Hospitalisation	2025	March	Saturday	11	Hit object	Single Vehicle	152.958232023692	-27.6102554393667	Forest Lake Blvd	Woogaroo St	""	Forest Lake	Brisbane City	Locally-controlled	Intersection - T-Junction	Give way sign	"60 km/h"	Sealed - Dry	Clear	Daylight	Straight	Level	106	Vehs Adjacent Approach: Left-Right	"01: Intersection: Adjacent Approach"	N	0	1	1	0	2	4	0	0	0	0	0	0
183574	183574	Medical treatment	2025	March	Saturday	15	Sideswipe	Multi-Vehicle	152.942283033375	-27.547090437272	Dandenong Rd	Western Arterial Rd	Centenary Motorway (Ellen Grove - Toowong)	Sinnamon Park	Brisbane City	State-controlled	Intersection - Interchange	Give way sign	"60 km/h"	Sealed - Dry	Clear	Daylight	Straight	Dip	305	Vehs Same Direction: Lane Side Swipe	"05: Lane Change"	S	0	0	1	0	1	2	0	0	0	0	0	0
183615	183615	Medical treatment	2025	January	Tuesday	15	Rear-end	Multi-Vehicle	153.059258047258	-27.3373764473443	Gateway Arterial Rd	""	Gateway Arterial Road (Gateway Motorway - North)	Boondall	Brisbane City	State-controlled	No Roadway Feature	No traffic control	"100 - 110 km/h"	Sealed - Dry	Clear	Daylight	Straight	Level	301	Vehs Same Direction: Rear End	"04: Rear-end"	N	0	0	1	0	1	3	0	0	0	0	0	0
183639	183639	Hospitalisation	2025	January	Tuesday	16	Rear-end	Multi-Vehicle	153.035409033154	-27.4694274459934	Clem 7	""	""	Kangaroo Point	Brisbane City	Locally-controlled	No Roadway Feature	No traffic control	"80 - 90 km/h"	Sealed - Dry	Clear	Darkness - Lighted	Straight	Level	305	Vehs Same Direction: Lane Side Swipe	"05: Lane Change"	N	0	1	0	0	1	1	1	0	0	0	0	0
186585	186585	Medical treatment	2025	February	Friday	12	Angle	Multi-Vehicle	153.13511503215	-27.3929004554199	Brownlee St	""	""	Pinkenba	Brisbane City	Locally-controlled	No Roadway Feature	No traffic control	"60 km/h"	Sealed - Dry	Clear	Daylight	Straight	Level	408	Vehs Manoeuvring: Entering From Footway	"08: Vehicle Leaving Driveway"	""	0	0	1	2	3	2	0	0	0	0	0	0
186815	186815	Medical treatment	2025	June	Friday	11	Hit pedestrian	Hit pedestrian	153.027866034367	-27.4662274452107	Adelaide St	Creek St	""	Brisbane City	Brisbane City	Locally-controlled	No Roadway Feature	No traffic control	"0 - 50 km/h"	Sealed - Dry	Clear	Daylight	Straight	Level	0	Pedn: Hit Other	"21: Other"	U	0	0	1	0	1	1	0	0	0	0	1	0
186840	186840	Hospitalisation	2025	June	Friday	19	Angle	Multi-Vehicle	153.043766033877	-27.4565954467313	Chester St	Harcourt St	""	Teneriffe	Brisbane City	Locally-controlled	Intersection - Cross	Stop sign	"0 - 50 km/h"	Sealed - Dry	Clear	Darkness - Lighted	Straight	Grade	202	Vehs Opposite Approach: Thru-Right	"03: Opposing Vehicles Turning"	E	0	1	0	0	1	1	1	0	0	0	0	0
188976	188976	Medical treatment	2025	June	Saturday	23	Angle	Multi-Vehicle	153.010640036147	-27.4667644434862	Milton Rd	""	""	Petrie Terrace	Brisbane City	Locally-controlled	Intersection - T-Junction	Operating traffic lights	"60 km/h"	Sealed - Dry	Clear	Darkness - Lighted	Curved - view obscured	Level	104	Vehs Adjacent Approach: Thru-Right	"01: Intersection: Adjacent Approach"	E	0	0	2	1	3	2	0	0	0	0	0	0
188991	188991	Hospitalisation	2025	May	Thursday	17	Angle	Multi-Vehicle	153.006183040564	-27.435515442792	Enoggera Rd	Willmington St	""	Newmarket	Brisbane City	Locally-controlled	Intersection - T-Junction	Give way sign	"60 km/h"	Sealed - Dry	Clear	Darkness - Lighted	Straight	Level	104	Vehs Adjacent Approach: Thru-Right	"01: Intersection: Adjacent Approach"	N	0	1	0	0	1	1	1	0	0	0	0	0
189515	189515	Medical treatment	2025	April	Wednesday	8	Rear-end	Multi-Vehicle	153.017211027259	-27.5316014446578	Ipswich Rd	""	""	Moorooka	Brisbane City	Locally-controlled	No Roadway Feature	No traffic control	"60 km/h"	Sealed - Dry	Clear	Daylight	Straight	Grade	301	Vehs Same Direction: Rear End	"04: Rear-end"	N	0	0	2	0	2	3	0	1	0	0	0	0
189671	189671	Minor injury	2025	April	Tuesday	17	Angle	Multi-Vehicle	153.086359013372	-27.5825054520083	Fanfare St	Warrigal Rd	""	Eight Mile Plains	Brisbane City	Locally-controlled	Intersection - T-Junction	Give way sign	"60 km/h"	Sealed - Dry	Clear	Daylight	Straight	Dip	104	Vehs Adjacent Approach: Thru-Right	"01: Intersection: Adjacent Approach"	N	0	0	0	1	1	2	0	0	0	0	0	0
191411	191411	Medical treatment	2025	May	Saturday	10	Angle	Multi-Vehicle	153.063564016946	-27.573688449646	Elva St	Mains Rd	""	Sunnybank	Brisbane City	Locally-controlled	Intersection - T-Junction	No traffic control	"60 km/h"	Sealed - Dry	Clear	Daylight	Straight	Grade	202	Vehs Opposite Approach: Thru-Right	"03: Opposing Vehicles Turning"	S	0	0	1	0	1	2	0	0	0	0	0	0
192211	192211	Medical treatment	2025	April	Wednesday	7	Fall from vehicle	Single Vehicle	153.042045034233	-27.4552324465476	Chester St	Doggett St	""	Teneriffe	Brisbane City	Locally-controlled	Intersection - Cross	Give way sign	"0 - 50 km/h"	Sealed - Dry	Clear	Daylight	Straight	Level	101	Vehs Adjacent Approach: Thru-Thru	"01: Intersection: Adjacent Approach"	S	0	0	1	0	1	1	1	0	0	0	0	0
193604	193604	Minor injury	2025	February	Sunday	13	Angle	Multi-Vehicle	153.047354027495	-27.504073447467	Logan Rd	Logan St	""	Greenslopes	Brisbane City	Locally-controlled	No Roadway Feature	No traffic control	"60 km/h"	Sealed - Dry	Clear	Daylight	Curved - view open	Level	202	Vehs Opposite Approach: Thru-Right	"03: Opposing Vehicles Turning"	E	0	0	0	1	1	2	0	0	0	0	0	0
193609	193609	Medical treatment	2025	February	Thursday	19	Angle	Multi-Vehicle	152.959658025401	-27.595484439393	Archerfield Rd	Old Progress Rd	""	Richlands	Brisbane City	Locally-controlled	Intersection - Roundabout	Give way sign	"0 - 50 km/h"	Sealed - Dry	Clear	Darkness - Lighted	Straight	Level	202	Vehs Opposite Approach: Thru-Right	"03: Opposing Vehicles Turning"	S	0	0	1	0	1	2	0	0	0	0	0	0
194400	194400	Medical treatment	2025	April	Tuesday	15	Angle	Multi-Vehicle	153.03204604404	-27.3859574449954	Hamilton Rd	Westfield Shoppingtown Chermside Access	Gympie Arterial Road	Chermside	Brisbane City	State-controlled	Intersection - Cross	Operating traffic lights	"60 km/h"	Sealed - Dry	Clear	Daylight	Curved - view open	Level	202	Vehs Opposite Approach: Thru-Right	"03: Opposing Vehicles Turning"	W	0	0	1	0	1	1	0	0	0	0	0	1
194404	194404	Hospitalisation	2025	April	Tuesday	14	Hit object	Single Vehicle	152.922596049578	-27.435084434418	First Gate Brk	Mount Nebo Rd	""	Enoggera Reservoir	Brisbane City	Locally-controlled	No Roadway Feature	No traffic control	"70 km/h"	Sealed - Dry	Clear	Daylight	Curved - view obscured	Dip	804	Off Path-Curve: Off Cway Lt Bend Hit Obj	"19: Off Carriageway on Curve Hit Object"	E	0	1	0	0	1	0	1	0	0	0	0	0
195915	195915	Medical treatment	2025	January	Sunday	3	Hit parked vehicle	Single Vehicle	153.11298502442	-27.4726904538213	Wynnum Rd	""	""	Tingalpa	Brisbane City	Locally-controlled	No Roadway Feature	No traffic control	"70 km/h"	Sealed - Wet	Raining	Darkness - Lighted	Straight	Level	601	Vehs On Path: Parked	"10: Hit Parked Vehicle"	E	0	0	1	0	1	1	0	1	0	0	0	0
195919	195919	Hospitalisation	2025	February	Thursday	14	Angle	Multi-Vehicle	153.025663051842	-27.3294164439068	Norris Rd	""	""	Bracken Ridge	Brisbane City	Locally-controlled	Intersection - T-Junction	Operating traffic lights	"60 km/h"	Sealed - Dry	Clear	Daylight	Straight	Level	202	Vehs Opposite Approach: Thru-Right	"03: Opposing Vehicles Turning"	N	0	1	0	1	2	2	0	0	0	0	0	0
195921	195921	Minor injury	2025	February	Friday	17	Hit parked vehicle	Single Vehicle	152.994878038362	-27.4626074418725	Fernberg Rd	""	""	Paddington	Brisbane City	Locally-controlled	No Roadway Feature	No traffic control	"60 km/h"	Sealed - Dry	Clear	Dawn/Dusk	Curved - view open	Level	601	Vehs On Path: Parked	"10: Hit Parked Vehicle"	W	0	0	0	1	1	2	0	0	0	0	0	0
195926	195926	Hospitalisation	2025	February	Saturday	17	Angle	Multi-Vehicle	153.070521029425	-27.4691254495194	Thynne Rd	Wynnum Rd	""	Morningside	Brisbane City	Locally-controlled	Intersection - Cross	Operating traffic lights	"70 km/h"	Sealed - Dry	Clear	Darkness - Lighted	Straight	Level	101	Vehs Adjacent Approach: Thru-Thru	"01: Intersection: Adjacent Approach"	""	0	1	0	0	1	1	0	0	0	0	0	1
195927	195927	Minor injury	2025	February	Sunday	17	Fall from vehicle	Single Vehicle	153.095126023416	-27.4957584522054	Adelaide St	Old Cleveland Rd	""	Carina	Brisbane City	Locally-controlled	Intersection - T-Junction	No traffic control	"60 km/h"	Sealed - Dry	Clear	Daylight	Straight	Grade	305	Vehs Same Direction: Lane Side Swipe	"05: Lane Change"	E	0	0	0	1	1	1	1	0	0	0	0	0
196106	196106	Hospitalisation	2025	January	Wednesday	18	Hit object	Single Vehicle	153.058670050286	-27.3138424470988	Deagon St	Nash St	""	Sandgate	Brisbane City	Locally-controlled	Intersection - Roundabout	Give way sign	"0 - 50 km/h"	Sealed - Dry	Clear	Daylight	Straight	Level	706	Off Path-Straight: Left Turn	"15: Off Carriageway on Straight"	S	0	1	0	0	1	1	0	0	0	0	0	0
196109	196109	Hospitalisation	2025	April	Sunday	18	Angle	Multi-Vehicle	153.017101054344	-27.3167814429474	Hoyland St	Kluver St	""	Bald Hills	Brisbane City	Locally-controlled	Intersection - Cross	Operating traffic lights	"60 km/h"	Sealed - Dry	Clear	Darkness - Lighted	Curved - view open	Level	202	Vehs Opposite Approach: Thru-Right	"03: Opposing Vehicles Turning"	N	0	1	0	0	1	2	0	0	0	0	0	0
196122	196122	Hospitalisation	2025	January	Friday	15	Angle	Multi-Vehicle	153.042476038314	-27.4225264463322	Bridge St	Chalk St	""	Wooloowin	Brisbane City	Locally-controlled	Intersection - T-Junction	Operating traffic lights	"60 km/h"	Sealed - Dry	Clear	Daylight	Straight	Level	408	Vehs Manoeuvring: Entering From Footway	"08: Vehicle Leaving Driveway"	""	0	1	0	0	1	0	0	0	0	0	0	2
196128	196128	Medical treatment	2025	February	Saturday	2	Sideswipe	Multi-Vehicle	152.982061020051	-27.6186944418202	Cloverdale Rd	Panda St	""	Doolandella	Brisbane City	Locally-controlled	Intersection - T-Junction	No traffic control	"0 - 50 km/h"	Sealed - Wet	Clear	Darkness - Lighted	Straight	Level	506	Vehs Overtaking: Overtake-Right Turn	"09: Overtaking Same Direction"	W	0	0	1	0	1	2	0	0	0	0	0	0
196303	196303	Minor injury	2025	February	Wednesday	9	Rear-end	Multi-Vehicle	153.034072028483	-27.5075554461605	Ipswich Rd	""	""	Annerley	Brisbane City	Locally-controlled	No Roadway Feature	No traffic control	"60 km/h"	Sealed - Dry	Clear	Daylight	Straight	Level	301	Vehs Same Direction: Rear End	"04: Rear-end"	N	0	0	0	1	1	0	1	0	0	0	0	1
196331	196331	Minor injury	2025	February	Saturday	20	Rear-end	Multi-Vehicle	153.088453015386	-27.5648274520795	Newnham Rd	""	""	Upper Mount Gravatt	Brisbane City	Locally-controlled	No Roadway Feature	No traffic control	"60 km/h"	Sealed - Wet	Raining	Darkness - Lighted	Straight	Grade	303	Vehs Same Direction: Right Rear	"04: Rear-end"	S	0	0	0	2	2	2	0	0	0	0	0	0
196344	196344	Hospitalisation	2025	January	Friday	18	Rear-end	Multi-Vehicle	153.046939043918	-27.3743064463989	Newman Rd	""	""	Geebung	Brisbane City	Locally-controlled	No Roadway Feature	No traffic control	"60 km/h"	Sealed - Dry	Clear	Darkness - Lighted	Straight	Crest	303	Vehs Same Direction: Right Rear	"04: Rear-end"	S	0	1	0	0	1	1	1	0	0	0	0	0
196353	196353	Hospitalisation	2025	January	Saturday	19	Angle	Multi-Vehicle	153.055515040101	-27.3973014474427	Kinmond Ave	Rode Rd	""	Wavell Heights	Brisbane City	Locally-controlled	Intersection - T-Junction	No traffic control	"60 km/h"	Sealed - Wet	Raining	Darkness - Lighted	Straight	Level	202	Vehs Opposite Approach: Thru-Right	"03: Opposing Vehicles Turning"	W	0	1	0	0	1	1	1	0	0	0	0	0
196357	196357	Minor injury	2025	January	Sunday	17	Angle	Multi-Vehicle	152.979256022385	-27.6026114414123	Osprey St	Sanderling St	""	Inala	Brisbane City	Locally-controlled	Intersection - Cross	Give way sign	"0 - 50 km/h"	Sealed - Wet	Raining	Daylight	Straight	Level	101	Vehs Adjacent Approach: Thru-Thru	"01: Intersection: Adjacent Approach"	S	0	0	0	1	1	2	0	0	0	0	0	0
196361	196361	Minor injury	2025	January	Saturday	15	Rear-end	Multi-Vehicle	153.055266023907	-27.5257314484332	Birdwood Rd	Marshall Rd	South-East Arterial Road (Pacific Motorway)	Tarragindi	Brisbane City	State-controlled	Intersection - T-Junction	Operating traffic lights	"60 km/h"	Sealed - Dry	Clear	Daylight	Straight	Level	302	Vehs Same Direction: Left Rear	"04: Rear-end"	E	0	0	0	1	1	2	0	0	0	0	0	0
196362	196362	Medical treatment	2025	January	Friday	17	Rear-end	Multi-Vehicle	153.070446016318	-27.5727924503309	Comley St	Granadilla St	""	Macgregor	Brisbane City	Locally-controlled	Intersection - Cross	Operating traffic lights	"0 - 50 km/h"	Sealed - Wet	Clear	Daylight	Straight	Level	404	Vehs Manoeuvring: Reversing	"10: Hit Parked Vehicle"	S	0	0	1	0	1	2	0	0	0	0	0	0
196426	196426	Medical treatment	2025	February	Tuesday	9	Sideswipe	Multi-Vehicle	153.040894036543	-27.437912446295	Abbotsford Rd	""	""	Bowen Hills	Brisbane City	Locally-controlled	No Roadway Feature	No traffic control	"60 km/h"	Sealed - Dry	Clear	Daylight	Curved - view open	Level	305	Vehs Same Direction: Lane Side Swipe	"05: Lane Change"	S	0	0	1	0	1	1	0	0	0	1	0	0
196429	196429	Medical treatment	2025	May	Thursday	12	Sideswipe	Multi-Vehicle	153.011755036909	-27.4597724435428	Hale St	""	""	Paddington	Brisbane City	Locally-controlled	Merge Lane	No traffic control	"60 km/h"	Sealed - Dry	Clear	Daylight	Curved - view open	Level	306	Vehs Same Direction: Lane Change Right	"05: Lane Change"	N	0	0	1	0	1	2	0	0	0	0	0	0
196648	196648	Medical treatment	2025	June	Wednesday	13	Angle	Multi-Vehicle	153.046178046912	-27.3511894461394	Beams Rd	Church Rd	""	Taigum	Brisbane City	Locally-controlled	Intersection - Cross	Operating traffic lights	"60 km/h"	Sealed - Dry	Clear	Daylight	Straight	Level	101	Vehs Adjacent Approach: Thru-Thru	"01: Intersection: Adjacent Approach"	E	0	0	1	0	1	2	0	0	0	0	0	0
196699	196699	Hospitalisation	2025	May	Friday	19	Rear-end	Multi-Vehicle	153.073336045604	-27.3385854487693	Bicentennial Rd	Gateway Arterial Rd	Gateway Arterial Road (Gateway Motorway - North)	Boondall	Brisbane City	State-controlled	No Roadway Feature	No traffic control	"100 - 110 km/h"	Sealed - Dry	Clear	Darkness - Lighted	Curved - view open	Level	301	Vehs Same Direction: Rear End	"04: Rear-end"	S	0	1	0	0	1	1	1	0	0	0	0	0
196754	196754	Medical treatment	2025	April	Thursday	17	Angle	Multi-Vehicle	153.184732019468	-27.4511124608875	Nelson Pde	Stratton Tce	""	Manly	Brisbane City	Locally-controlled	Intersection - Cross	Give way sign	"0 - 50 km/h"	Sealed - Dry	Clear	Daylight	Straight	Level	101	Vehs Adjacent Approach: Thru-Thru	"01: Intersection: Adjacent Approach"	W	0	0	1	0	1	2	0	0	0	0	0	0
197388	197388	Minor injury	2025	April	Wednesday	10	Rear-end	Multi-Vehicle	152.968473024288	-27.5967604402859	Clipper St	Poinsettia St	""	Inala	Brisbane City	Locally-controlled	Intersection - T-Junction	No traffic control	"60 km/h"	Sealed - Dry	Clear	Daylight	Straight	Crest	301	Vehs Same Direction: Rear End	"04: Rear-end"	W	0	0	0	1	1	1	1	0	0	0	0	0
197620	197620	Hospitalisation	2025	April	Wednesday	9	Hit pedestrian	Hit pedestrian	153.036354034303	-27.4595184460099	Berwick St	Brunswick St	""	Fortitude Valley	Brisbane City	Locally-controlled	Intersection - Cross	Operating traffic lights	"0 - 50 km/h"	Sealed - Dry	Clear	Daylight	Straight	Level	1	Pedn: Near Side Vehicle Hit From Right	"12: Pedestrian"	E	0	1	0	0	1	1	0	0	0	0	1	0
197622	197622	Hospitalisation	2025	April	Wednesday	9	Rear-end	Multi-Vehicle	153.084208009367	-27.6159254520557	Compton Rd	""	""	Kuraby	Brisbane City	Locally-controlled	Intersection - Interchange	Operating traffic lights	"70 km/h"	Sealed - Dry	Clear	Daylight	Straight	Level	301	Vehs Same Direction: Rear End	"04: Rear-end"	E	0	1	1	0	2	3	0	0	0	0	0	0
197639	197639	Minor injury	2025	April	Wednesday	15	Rear-end	Multi-Vehicle	153.049277035374	-27.4400534471541	Cooksley St	Kingsford Smith Dr	""	Hamilton	Brisbane City	Locally-controlled	Intersection - T-Junction	Operating traffic lights	"60 km/h"	Sealed - Dry	Clear	Daylight	Curved - view open	Level	303	Vehs Same Direction: Right Rear	"04: Rear-end"	W	0	0	0	1	1	3	0	0	0	0	0	0
197653	197653	Minor injury	2025	May	Thursday	7	Angle	Multi-Vehicle	153.05807603872	-27.4060774477695	Bage St	Westacott St	""	Nundah	Brisbane City	Locally-controlled	Intersection - Cross	Stop sign	"0 - 50 km/h"	Sealed - Dry	Clear	Daylight	Straight	Grade	101	Vehs Adjacent Approach: Thru-Thru	"01: Intersection: Adjacent Approach"	N	0	0	0	1	1	2	0	0	0	0	0	0
197656	197656	Medical treatment	2025	April	Wednesday	16	Hit object	Single Vehicle	153.09459001691	-27.547589452561	Wishart Rd	""	""	Wishart	Brisbane City	Locally-controlled	No Roadway Feature	No traffic control	"60 km/h"	Sealed - Dry	Clear	Daylight	Straight	Grade	703	Off Path-Straight: Left Off Cway Hit Obj	"16: Off Carriageway on Straight Hit Object"	W	0	0	1	0	1	1	0	0	0	0	0	0
197658	197658	Hospitalisation	2025	April	Wednesday	17	Angle	Multi-Vehicle	153.059756046398	-27.3437754474451	Roghan Rd	""	Sandgate Sub-Arterial Road	Boondall	Brisbane City	State-controlled	Intersection - Cross	Operating traffic lights	"60 km/h"	Sealed - Wet	Clear	Darkness - Lighted	Straight	Level	202	Vehs Opposite Approach: Thru-Right	"03: Opposing Vehicles Turning"	E	0	1	0	0	1	2	0	0	0	0	0	0
197659	197659	Hospitalisation	2025	April	Thursday	8	Angle	Multi-Vehicle	153.044572026384	-27.5152374472758	Pacific Hwy	""	South-East Arterial Road (Pacific Motorway)	Greenslopes	Brisbane City	State-controlled	No Roadway Feature	No traffic control	"100 - 110 km/h"	Sealed - Wet	Raining	Daylight	Straight	Level	306	Vehs Same Direction: Lane Change Right	"05: Lane Change"	W	0	2	0	0	2	2	0	1	0	0	0	0
197662	197662	Minor injury	2025	April	Wednesday	16	Rear-end	Multi-Vehicle	152.999646042975	-27.4219304420289	South Pine Rd	""	""	Enoggera	Brisbane City	Locally-controlled	No Roadway Feature	No traffic control	"60 km/h"	Sealed - Wet	Clear	Daylight	Curved - view open	Level	301	Vehs Same Direction: Rear End	"04: Rear-end"	N	0	0	0	1	1	2	0	0	0	0	0	0
197663	197663	Medical treatment	2025	April	Thursday	8	Rear-end	Multi-Vehicle	153.045118014834	-27.6060894480479	Beaudesert Rd	""	Mount Lindesay Arterial Road	Sunnybank Hills	Brisbane City	State-controlled	No Roadway Feature	No traffic control	"70 km/h"	Sealed - Wet	Raining	Daylight	Straight	Level	301	Vehs Same Direction: Rear End	"04: Rear-end"	W	0	0	1	0	1	2	0	0	0	0	0	0
197668	197668	Minor injury	2025	April	Wednesday	14	Rear-end	Multi-Vehicle	153.010939035859	-27.4687954435322	Boomerang St	Coronation Dr	""	Milton	Brisbane City	Locally-controlled	No Roadway Feature	No traffic control	"60 km/h"	Sealed - Dry	Clear	Daylight	Curved - view open	Grade	301	Vehs Same Direction: Rear End	"04: Rear-end"	W	0	0	0	1	1	2	0	0	0	0	0	0
197672	197672	Hospitalisation	2025	April	Wednesday	5	Hit object	Single Vehicle	152.946407041787	-27.476739437129	Sir Samuel Griffith Dr	""	""	Mount Coot-tha	Brisbane City	Locally-controlled	Forestry/National Park Road	No traffic control	"0 - 50 km/h"	Sealed - Wet	Clear	Darkness - Not lighted	Curved - view open	Crest	804	Off Path-Curve: Off Cway Lt Bend Hit Obj	"19: Off Carriageway on Curve Hit Object"	E	0	1	0	0	1	1	0	0	0	0	0	0
197674	197674	Medical treatment	2025	April	Wednesday	6	Hit object	Single Vehicle	152.978275038177	-27.4782284403318	Legacy Wy	""	Centenary Motorway (Ellen Grove - Toowong)	Mount Coot-tha	Brisbane City	State-controlled	No Roadway Feature	No traffic control	"80 - 90 km/h"	Sealed - Dry	Clear	Daylight	Straight	Level	607	Vehs On Path: Temporary Object On Cway	"21: Other"	W	0	0	1	0	1	0	1	1	0	0	0	0
197675	197675	Hospitalisation	2025	April	Wednesday	16	Rear-end	Multi-Vehicle	152.995101048694	-27.3803654412443	Hamilton Rd	""	""	Mcdowall	Brisbane City	Locally-controlled	No Roadway Feature	No traffic control	"60 km/h"	Sealed - Dry	Clear	Daylight	Straight	Grade	301	Vehs Same Direction: Rear End	"04: Rear-end"	W	0	1	0	0	1	2	1	0	0	0	0	0
197680	197680	Minor injury	2025	May	Thursday	16	Angle	Multi-Vehicle	153.082623016702	-27.55939645145	Mt Gravatt - Capalaba Rd	Palmdale La	Redland Sub-Arterial Road	Upper Mount Gravatt	Brisbane City	State-controlled	Intersection - Cross	Give way sign	"60 km/h"	Sealed - Dry	Clear	Daylight	Straight	Grade	202	Vehs Opposite Approach: Thru-Right	"03: Opposing Vehicles Turning"	S	0	0	0	1	1	2	0	0	0	0	0	0
197694	197694	Hospitalisation	2025	May	Thursday	7	Sideswipe	Multi-Vehicle	153.058559024654	-27.5170224486954	Logan Rd	Swain St	""	Holland Park West	Brisbane City	Locally-controlled	Intersection - T-Junction	Give way sign	"60 km/h"	Sealed - Dry	Clear	Daylight	Straight	Level	104	Vehs Adjacent Approach: Thru-Right	"01: Intersection: Adjacent Approach"	W	0	1	0	0	1	1	1	0	0	0	0	0
197915	197915	Minor injury	2025	April	Monday	12	Rear-end	Multi-Vehicle	153.039561014553	-27.6130494475446	Central St	Ridgewood Rd	""	Calamvale	Brisbane City	Locally-controlled	Intersection - Cross	Operating traffic lights	"60 km/h"	Sealed - Dry	Clear	Daylight	Straight	Dip	404	Vehs Manoeuvring: Reversing	"10: Hit Parked Vehicle"	S	0	0	0	1	1	2	0	0	0	0	0	0
197916	197916	Minor injury	2025	April	Thursday	16	Sideswipe	Multi-Vehicle	153.02240603303	-27.4814674447831	South East Busway	""	South East Busway (Brisbane Cbd - Woolloongabba)	South Brisbane	Brisbane City	Locally-controlled	No Roadway Feature	No traffic control	"0 - 50 km/h"	Sealed - Wet	Clear	Daylight	Curved - view open	Level	305	Vehs Same Direction: Lane Side Swipe	"05: Lane Change"	E	0	0	0	1	1	0	0	0	2	0	0	0
197969	197969	Medical treatment	2025	April	Thursday	21	Sideswipe	Multi-Vehicle	153.074666036114	-27.4126684494897	Nudgee Rd	""	East-West Arterial Road	Hendra	Brisbane City	State-controlled	No Roadway Feature	No traffic control	"60 km/h"	Sealed - Dry	Clear	Darkness - Lighted	Straight	Level	307	Vehs Same Direction: Lane Change Left	"05: Lane Change"	N	0	0	1	0	1	2	0	0	0	0	0	0
197970	197970	Fatal	2025	June	Tuesday	5	Hit pedestrian	Hit pedestrian	153.124576019389	-27.5025894552255	Gateway Arterial Rd	""	Gateway Motorway (Eight Mile Plains - Nudgee)	Belmont	Brisbane City	State-controlled	No Roadway Feature	No traffic control	"100 - 110 km/h"	Sealed - Dry	Clear	Dawn/Dusk	Curved - view open	Crest	906	Pass & Misc: Parked Car Ran Away	"21: Other"	N	1	0	0	0	1	0	0	1	0	0	1	0
197972	197972	Hospitalisation	2025	June	Thursday	16	Rear-end	Multi-Vehicle	152.955580028627	-27.5733974388105	Ipswich Mwy	""	Cunningham Arterial Road (Ipswich Motorway)	Darra	Brisbane City	State-controlled	No Roadway Feature	No traffic control	"100 - 110 km/h"	Sealed - Dry	Clear	Daylight	Straight	Level	601	Vehs On Path: Parked	"10: Hit Parked Vehicle"	N	0	1	0	0	1	4	0	0	0	0	0	0
197980	197980	Hospitalisation	2025	March	Monday	8	Hit object	Single Vehicle	153.082382011886	-27.5976154517275	Plum St	""	""	Runcorn	Brisbane City	Locally-controlled	No Roadway Feature	No traffic control	"0 - 50 km/h"	Sealed - Dry	Clear	Daylight	Straight	Level	704	Off Path-Straight: Right Off Cway Hit Obj	"16: Off Carriageway on Straight Hit Object"	W	0	2	0	0	2	1	0	0	0	0	0	0
197996	197996	Medical treatment	2025	April	Sunday	10	Angle	Multi-Vehicle	153.013968050973	-27.3462314428663	Beams Rd	Lacey Rd	""	Carseldine	Brisbane City	Locally-controlled	Intersection - T-Junction	Operating traffic lights	"60 km/h"	Sealed - Dry	Clear	Daylight	Straight	Grade	104	Vehs Adjacent Approach: Thru-Right	"01: Intersection: Adjacent Approach"	E	0	0	2	0	2	2	0	0	0	0	0	0
198049	198049	Medical treatment	2025	April	Monday	17	Rear-end	Multi-Vehicle	153.087620015379	-27.5655914520017	Logan Rd	""	Logan Sub-Arterial Road	Upper Mount Gravatt	Brisbane City	State-controlled	No Roadway Feature	No traffic control	"60 km/h"	Sealed - Wet	Clear	Darkness - Lighted	Straight	Grade	301	Vehs Same Direction: Rear End	"04: Rear-end"	E	0	0	1	0	1	2	0	0	0	0	0	0
198059	198059	Medical treatment	2025	March	Wednesday	18	Rear-end	Multi-Vehicle	153.101205012327	-27.578121453468	Pacific Hwy	""	South-East Arterial Road (Pacific Motorway)	Rochedale	Brisbane City	State-controlled	No Roadway Feature	No traffic control	"100 - 110 km/h"	Sealed - Wet	Clear	Darkness - Not lighted	Straight	Level	301	Vehs Same Direction: Rear End	"04: Rear-end"	S	0	0	1	0	1	2	0	0	0	0	0	0
198067	198067	Hospitalisation	2025	June	Friday	5	Rear-end	Multi-Vehicle	153.062315042692	-27.371005447918	Sandgate Rd	""	Sandgate Sub-Arterial Road	Virginia	Brisbane City	State-controlled	No Roadway Feature	No traffic control	"70 km/h"	Sealed - Dry	Clear	Dawn/Dusk	Straight	Level	302	Vehs Same Direction: Left Rear	"04: Rear-end"	S	0	1	0	0	1	1	1	0	0	0	0	0
198068	198068	Hospitalisation	2025	June	Friday	10	Sideswipe	Multi-Vehicle	153.175154021248	-27.4451624598731	Bay Tce	""	""	Wynnum	Brisbane City	Locally-controlled	No Roadway Feature	No traffic control	"0 - 50 km/h"	Sealed - Dry	Clear	Daylight	Straight	Level	402	Vehs Manoeuvring: Parking	"10: Hit Parked Vehicle"	E	0	2	0	0	2	5	0	0	0	0	0	0
198072	198072	Hospitalisation	2025	June	Friday	12	Hit object	Single Vehicle	153.051233035211	-27.4396874473478	Kingsford Smith Dr	""	""	Hamilton	Brisbane City	Locally-controlled	No Roadway Feature	No traffic control	"60 km/h"	Sealed - Dry	Clear	Daylight	Curved - view open	Level	804	Off Path-Curve: Off Cway Lt Bend Hit Obj	"19: Off Carriageway on Curve Hit Object"	N	0	1	0	0	1	1	0	0	0	0	0	0
198079	198079	Medical treatment	2025	June	Friday	18	Angle	Multi-Vehicle	153.054747027614	-27.4968464481528	Old Cleveland Rd	Pembroke Rd	""	Coorparoo	Brisbane City	Locally-controlled	Intersection - Cross	No traffic control	"0 - 50 km/h"	Sealed - Dry	Clear	Daylight	Curved - view open	Level	202	Vehs Opposite Approach: Thru-Right	"03: Opposing Vehicles Turning"	W	0	0	1	0	1	1	0	0	0	1	0	0
198081	198081	Medical treatment	2025	June	Saturday	14	Angle	Multi-Vehicle	153.072848037491	-27.4032974492327	Nudgee Rd	York St	""	Nundah	Brisbane City	Locally-controlled	Intersection - T-Junction	Give way sign	"60 km/h"	Sealed - Dry	Clear	Daylight	Straight	Level	105	Vehs Adjacent Approach: Right-Right	"01: Intersection: Adjacent Approach"	E	0	0	1	0	1	2	0	0	0	0	0	0
198086	198086	Hospitalisation	2025	March	Friday	20	Hit object	Single Vehicle	152.941835030243	-27.5723364374264	Sanananda St	""	""	Darra	Brisbane City	Locally-controlled	No Roadway Feature	No traffic control	"60 km/h"	Sealed - Dry	Clear	Darkness - Not lighted	Straight	Level	703	Off Path-Straight: Left Off Cway Hit Obj	"16: Off Carriageway on Straight Hit Object"	N	0	1	0	0	1	1	0	0	0	0	0	0
198088	198088	Hospitalisation	2025	March	Saturday	2	Hit object	Single Vehicle	153.007558043614	-27.4101334427291	Byth St	Shand St	""	Stafford	Brisbane City	Locally-controlled	Intersection - Cross	No traffic control	"60 km/h"	Sealed - Dry	Clear	Darkness - Lighted	Curved - view open	Level	703	Off Path-Straight: Left Off Cway Hit Obj	"16: Off Carriageway on Straight Hit Object"	S	0	1	0	0	1	1	0	0	0	0	0	0
198092	198092	Hospitalisation	2025	March	Sunday	18	Angle	Multi-Vehicle	153.019731032934	-27.4845044445386	Blakeney St	Gladstone Rd	""	Highgate Hill	Brisbane City	Locally-controlled	Intersection - T-Junction	Operating traffic lights	"0 - 50 km/h"	Sealed - Dry	Clear	Darkness - Lighted	Straight	Level	202	Vehs Opposite Approach: Thru-Right	"03: Opposing Vehicles Turning"	S	0	1	0	0	1	2	0	0	0	0	0	0
198093	198093	Hospitalisation	2025	March	Sunday	18	Rear-end	Multi-Vehicle	153.112853035121	-27.3882194531396	Moreton Dr	""	""	Brisbane Airport	Brisbane City	Locally-controlled	No Roadway Feature	No traffic control	"80 - 90 km/h"	Sealed - Dry	Clear	Darkness - Lighted	Straight	Level	301	Vehs Same Direction: Rear End	"04: Rear-end"	N	0	1	0	0	1	3	0	0	0	0	0	0
198097	198097	Hospitalisation	2025	March	Monday	11	Angle	Multi-Vehicle	153.074830036625	-27.408483449473	Nudgee Rd	""	Southern Cross Way	Nundah	Brisbane City	State-controlled	Intersection - T-Junction	Operating traffic lights	"60 km/h"	Sealed - Dry	Clear	Daylight	Curved - view open	Level	202	Vehs Opposite Approach: Thru-Right	"03: Opposing Vehicles Turning"	N	0	1	0	0	1	2	0	0	0	0	0	0
198098	198098	Hospitalisation	2025	March	Monday	13	Angle	Multi-Vehicle	152.975664023389	-27.5977304410139	Corsair Ave	Inala Ave	""	Inala	Brisbane City	Locally-controlled	Intersection - T-Junction	Operating traffic lights	"60 km/h"	Sealed - Dry	Clear	Daylight	Straight	Grade	202	Vehs Opposite Approach: Thru-Right	"03: Opposing Vehicles Turning"	E	0	1	0	0	1	2	0	0	0	0	0	0
198099	198099	Medical treatment	2025	March	Monday	12	Angle	Multi-Vehicle	153.036806045945	-27.3668084453217	Murphy Rd	Robinson Rd W	""	Geebung	Brisbane City	Locally-controlled	Intersection - Cross	Operating traffic lights	"60 km/h"	Sealed - Dry	Clear	Daylight	Straight	Grade	202	Vehs Opposite Approach: Thru-Right	"03: Opposing Vehicles Turning"	S	0	0	1	0	1	2	0	0	0	0	0	0
198103	198103	Medical treatment	2025	March	Monday	16	Fall from vehicle	Single Vehicle	153.00695403592	-27.4717004431554	Coronation Dr	""	""	Milton	Brisbane City	Locally-controlled	No Roadway Feature	No traffic control	"60 km/h"	Sealed - Dry	Clear	Daylight	Straight	Level	705	Off Path-Straight: Out Of Control On Cway	"17: Out of Control on Straight"	S	0	0	1	0	1	0	1	0	0	0	0	0
198107	198107	Hospitalisation	2025	March	Tuesday	13	Sideswipe	Multi-Vehicle	153.034903034748	-27.457220445846	Warner St	""	""	Fortitude Valley	Brisbane City	Locally-controlled	No Roadway Feature	No traffic control	"0 - 50 km/h"	Sealed - Dry	Clear	Daylight	Straight	Level	406	Vehs Manoeuvring: Leaving Driveway	"08: Vehicle Leaving Driveway"	W	0	1	0	0	1	1	1	0	0	0	0	0
198109	198109	Hospitalisation	2025	March	Tuesday	16	Head-on	Multi-Vehicle	153.00903802126	-27.5860644442678	Bowhill Rd	""	""	Willawong	Brisbane City	Locally-controlled	No Roadway Feature	No traffic control	"60 km/h"	Sealed - Dry	Clear	Daylight	Straight	Level	201	Vehs Opposite Approach: Head On	"02: Head-on"	W	0	2	0	0	2	2	0	0	0	0	0	0
198112	198112	Hospitalisation	2025	March	Tuesday	17	Rear-end	Multi-Vehicle	153.083975015698	-27.5661714516395	Pacific Hwy	""	South-East Arterial Road (Pacific Motorway)	Macgregor	Brisbane City	State-controlled	No Roadway Feature	No traffic control	"100 - 110 km/h"	Sealed - Dry	Clear	Dawn/Dusk	Straight	Level	301	Vehs Same Direction: Rear End	"04: Rear-end"	S	0	1	0	1	2	3	0	0	0	0	0	0
198113	198113	Hospitalisation	2025	March	Friday	21	Angle	Multi-Vehicle	153.107115027245	-27.4553414530929	Gateway Arterial Rd	Lytton Rd	Port Of Brisbane Road	Murarrie	Brisbane City	State-controlled	Intersection - Interchange	Flashing amber lights	"60 km/h"	Sealed - Wet	Raining	Darkness - Lighted	Straight	Level	104	Vehs Adjacent Approach: Thru-Right	"01: Intersection: Adjacent Approach"	N	0	1	0	0	1	2	0	0	0	0	0	0
198135	198135	Minor injury	2025	June	Saturday	19	Rear-end	Multi-Vehicle	152.987569047454	-27.3966234406179	Wakelin St	""	""	Everton Park	Brisbane City	Locally-controlled	No Roadway Feature	No traffic control	"0 - 50 km/h"	Sealed - Dry	Clear	Daylight	Straight	Grade	406	Vehs Manoeuvring: Leaving Driveway	"08: Vehicle Leaving Driveway"	N	0	0	0	1	1	2	0	0	0	0	0	0
198139	198139	Minor injury	2025	June	Sunday	10	Angle	Multi-Vehicle	153.033411035553	-27.4521114456558	King St	Machinery St	""	Bowen Hills	Brisbane City	Locally-controlled	Intersection - Cross	Give way sign	"0 - 50 km/h"	Sealed - Dry	Clear	Daylight	Straight	Level	101	Vehs Adjacent Approach: Thru-Thru	"01: Intersection: Adjacent Approach"	E	0	0	0	1	1	1	1	0	0	0	0	0
198143	198143	Medical treatment	2025	June	Saturday	9	Rear-end	Multi-Vehicle	153.0673670167	-27.5723944500182	Mccullough St	""	""	Sunnybank	Brisbane City	Locally-controlled	No Roadway Feature	Pedestrian operated lights	"60 km/h"	Sealed - Dry	Clear	Daylight	Straight	Level	301	Vehs Same Direction: Rear End	"04: Rear-end"	W	0	0	1	0	1	2	0	0	0	0	0	0
198158	198158	Minor injury	2025	May	Saturday	11	Rear-end	Multi-Vehicle	153.025980020031	-27.5813284459306	Beaudesert Rd	""	Mount Lindesay Arterial Road	Acacia Ridge	Brisbane City	State-controlled	No Roadway Feature	No traffic control	"60 km/h"	Sealed - Dry	Clear	Daylight	Straight	Level	301	Vehs Same Direction: Rear End	"04: Rear-end"	S	0	0	0	1	1	2	0	0	0	0	0	0
198183	198183	Medical treatment	2025	April	Sunday	12	Hit parked vehicle	Single Vehicle	152.953415044488	-27.4492814376133	Payne Rd	""	""	The Gap	Brisbane City	Locally-controlled	No Roadway Feature	No traffic control	"0 - 50 km/h"	Sealed - Dry	Clear	Daylight	Straight	Level	604	Vehs On Path: Car Door	"10: Hit Parked Vehicle"	W	0	0	1	0	1	1	0	0	0	1	0	0
198198	198198	Minor injury	2025	March	Thursday	7	Angle	Multi-Vehicle	153.081859015727	-27.567745451439	Nandina St	Standale St	""	Macgregor	Brisbane City	Locally-controlled	Intersection - T-Junction	No traffic control	"0 - 50 km/h"	Sealed - Wet	Raining	Daylight	Straight	Level	102	Vehs Adjacent Approach: Right-Thru	"01: Intersection: Adjacent Approach"	E	0	0	0	1	1	2	0	0	0	0	0	0
198225	198225	Hospitalisation	2025	February	Thursday	17	Angle	Multi-Vehicle	153.031492035562	-27.4536684454754	Baxter St	Water St	""	Fortitude Valley	Brisbane City	Locally-controlled	Intersection - Cross	Give way sign	"60 km/h"	Sealed - Dry	Clear	Daylight	Straight	Level	101	Vehs Adjacent Approach: Thru-Thru	"01: Intersection: Adjacent Approach"	E	0	1	0	0	1	1	1	0	0	0	0	0
198257	198257	Hospitalisation	2025	April	Thursday	12	Hit pedestrian	Hit pedestrian	153.169665019134	-27.4664544594874	Talwong St	""	""	Manly West	Brisbane City	Locally-controlled	Intersection - T-Junction	Give way sign	"0 - 50 km/h"	Sealed - Dry	Clear	Daylight	Straight	Level	4	Pedn: Play; Work; Stand; Lie On Cway	"12: Pedestrian"	E	0	1	0	0	1	1	0	0	0	0	1	0
198273	198273	Hospitalisation	2025	April	Saturday	1	Fall from vehicle	Single Vehicle	153.035766034128	-27.4614044459658	Bowen Tce	Bradfield Hwy	""	Fortitude Valley	Brisbane City	Locally-controlled	No Roadway Feature	No traffic control	"60 km/h"	Sealed - Dry	Clear	Darkness - Lighted	Curved - view open	Grade	805	Off Path-Curve: Out Of Control On Cway	"20: Out of Control on Curve"	S	0	1	0	0	1	0	1	0	0	0	0	0
198282	198282	Medical treatment	2025	April	Thursday	11	Sideswipe	Multi-Vehicle	153.047869035388	-27.4411374470212	Kingsford Smith Dr	""	""	Hamilton	Brisbane City	Locally-controlled	No Roadway Feature	No traffic control	"60 km/h"	Sealed - Dry	Clear	Daylight	Straight	Level	306	Vehs Same Direction: Lane Change Right	"05: Lane Change"	E	0	0	1	0	1	2	0	0	0	0	0	0
198285	198285	Medical treatment	2025	April	Thursday	14	Angle	Multi-Vehicle	153.083499011737	-27.5978384518416	Bellmead St	Plum St	""	Runcorn	Brisbane City	Locally-controlled	Intersection - Cross	Operating traffic lights	"60 km/h"	Sealed - Dry	Clear	Daylight	Straight	Level	202	Vehs Opposite Approach: Thru-Right	"03: Opposing Vehicles Turning"	S	0	0	1	0	1	2	0	0	0	0	0	0
198291	198291	Minor injury	2025	February	Thursday	15	Sideswipe	Multi-Vehicle	152.998277040002	-27.4467014420875	Invalid Street From Police	""	""	Ashgrove	Brisbane City	Locally-controlled	No Roadway Feature	No traffic control	"60 km/h"	Sealed - Dry	Clear	Daylight	Straight	Level	301	Vehs Same Direction: Rear End	"04: Rear-end"	W	0	0	0	2	2	1	0	1	0	0	0	0
198357	198357	Medical treatment	2025	May	Saturday	10	Rear-end	Multi-Vehicle	152.976726046343	-27.4146714396741	Osborne Rd	Samford Rd	Samford Sub-Arterial Road	Mitchelton	Brisbane City	State-controlled	Intersection - T-Junction	Operating traffic lights	"0 - 50 km/h"	Sealed - Dry	Clear	Daylight	Straight	Level	301	Vehs Same Direction: Rear End	"04: Rear-end"	E	0	0	2	0	2	3	0	0	0	0	0	0
198362	198362	Medical treatment	2025	June	Thursday	20	Hit object	Single Vehicle	153.078616017977	-27.5527404509943	Klumpp Rd	""	""	Upper Mount Gravatt	Brisbane City	Locally-controlled	Intersection - T-Junction	Operating traffic lights	"0 - 50 km/h"	Sealed - Dry	Raining	Darkness - Lighted	Straight	Level	703	Off Path-Straight: Left Off Cway Hit Obj	"16: Off Carriageway on Straight Hit Object"	E	0	0	1	0	1	0	1	0	0	0	0	0
198369	198369	Medical treatment	2025	February	Tuesday	9	Rear-end	Multi-Vehicle	153.011977043435	-27.4077974431539	Reuben St	""	""	Stafford	Brisbane City	Locally-controlled	No Roadway Feature	Operating traffic lights	"60 km/h"	Sealed - Dry	Clear	Daylight	Straight	Level	300	Vehs Same Direction: Other	"21: Other"	U	0	0	1	0	1	3	0	0	0	0	0	0
198371	198371	Minor injury	2025	May	Monday	7	Head-on	Multi-Vehicle	153.134376022416	-27.4704004559587	Hemmant Tingalpa Rd	Wynnum Rd	""	Tingalpa	Brisbane City	Locally-controlled	Intersection - T-Junction	No traffic control	"60 km/h"	Sealed - Dry	Clear	Daylight	Straight	Level	202	Vehs Opposite Approach: Thru-Right	"03: Opposing Vehicles Turning"	S	0	0	0	1	1	2	0	0	0	0	0	0
198372	198372	Hospitalisation	2025	May	Monday	10	Hit object	Single Vehicle	153.060208045928	-27.347125447517	Sandgate Rd	""	Sandgate Sub-Arterial Road	Boondall	Brisbane City	State-controlled	No Roadway Feature	No traffic control	"70 km/h"	Sealed - Dry	Clear	Daylight	Straight	Grade	703	Off Path-Straight: Left Off Cway Hit Obj	"16: Off Carriageway on Straight Hit Object"	S	0	1	0	0	1	1	0	0	0	0	0	0
198373	198373	Fatal	2025	June	Sunday	7	Angle	Multi-Vehicle	153.163733024769	-27.4270274585767	Pritchard St	Tingal Rd	""	Wynnum	Brisbane City	Locally-controlled	Intersection - Roundabout	Give way sign	"60 km/h"	Sealed - Wet	Clear	Daylight	Straight	Level	107	Vehs Adjacent Approach: Thru-Left	"01: Intersection: Adjacent Approach"	""	1	0	0	0	1	0	1	1	0	0	0	0
198385	198385	Hospitalisation	2025	June	Thursday	7	Head-on	Multi-Vehicle	153.024058033214	-27.4785964449262	South Bank Bwlk	""	""	South Brisbane	Brisbane City	Locally-controlled	No Roadway Feature	No traffic control	"0 - 50 km/h"	Sealed - Dry	Clear	Daylight	Straight	Level	400	Vehs Manoeuvring: Other	"21: Other"	""	0	1	0	0	1	0	0	0	0	1	0	1
198387	198387	Medical treatment	2025	June	Thursday	12	Angle	Multi-Vehicle	153.093005036653	-27.3928734511781	Gateway Arterial Rd	""	Gateway Motorway (Eight Mile Plains - Nudgee)	Banyo	Brisbane City	State-controlled	No Roadway Feature	No traffic control	"100 - 110 km/h"	Sealed - Dry	Clear	Daylight	Curved - view open	Level	307	Vehs Same Direction: Lane Change Left	"05: Lane Change"	N	0	0	1	0	1	2	0	0	0	0	0	1
198389	198389	Medical treatment	2025	June	Wednesday	18	Rear-end	Multi-Vehicle	153.04119602951	-27.4933644467638	Buranda St	Logan Rd	""	Woolloongabba	Brisbane City	Locally-controlled	Intersection - Cross	Operating traffic lights	"60 km/h"	Sealed - Dry	Clear	Darkness - Lighted	Straight	Level	301	Vehs Same Direction: Rear End	"04: Rear-end"	N	0	0	1	0	1	3	0	0	0	0	0	0
198390	198390	Hospitalisation	2025	January	Friday	1	Hit object	Single Vehicle	153.157536019366	-27.4748744583299	Burnett St	Manly Rd	""	Manly West	Brisbane City	Locally-controlled	Intersection - T-Junction	No traffic control	"70 km/h"	Sealed - Wet	Clear	Darkness - Lighted	Curved - view open	Crest	808	Off Path-Curve: Mounts Traffic Island	"19: Off Carriageway on Curve Hit Object"	N	0	1	0	0	1	0	1	0	0	0	0	0
198414	198414	Medical treatment	2025	May	Friday	7	Sideswipe	Multi-Vehicle	153.109823034062	-27.399152452921	Airport Dr	Nancy Bird Wy	""	Brisbane Airport	Brisbane City	Locally-controlled	Intersection - Roundabout	No traffic control	"0 - 50 km/h"	Sealed - Dry	Clear	Daylight	Straight	Level	308	Vehs Same Direction: Right Turn S/Swipe	"06: Parallel Lanes Turning"	N	0	0	1	0	1	1	0	1	0	0	0	0
198441	198441	Hospitalisation	2025	April	Wednesday	17	Hit pedestrian	Hit pedestrian	153.06915102758	-27.4848794495062	Mcilwraith Ave	Patrick St	""	Norman Park	Brisbane City	Locally-controlled	Intersection - T-Junction	No traffic control	"0 - 50 km/h"	Sealed - Dry	Clear	Dawn/Dusk	Straight	Grade	1	Pedn: Near Side Vehicle Hit From Right	"12: Pedestrian"	E	0	1	0	0	1	1	0	0	0	0	1	0
198459	198459	Hospitalisation	2025	June	Friday	20	Hit parked vehicle	Single Vehicle	153.005592040855	-27.4337094427184	Enoggera Rd	""	""	Newmarket	Brisbane City	Locally-controlled	No Roadway Feature	No traffic control	"60 km/h"	Sealed - Dry	Clear	Darkness - Lighted	Straight	Level	601	Vehs On Path: Parked	"10: Hit Parked Vehicle"	N	0	1	0	0	1	2	0	0	0	0	0	0
198463	198463	Hospitalisation	2025	June	Saturday	5	Hit object	Single Vehicle	153.102111041643	-27.3456634517208	O'Quinn St	""	""	Nudgee Beach	Brisbane City	Locally-controlled	No Roadway Feature	No traffic control	"0 - 50 km/h"	Sealed - Wet	Raining	Dawn/Dusk	Straight	Level	703	Off Path-Straight: Left Off Cway Hit Obj	"16: Off Carriageway on Straight Hit Object"	W	0	1	0	0	1	1	0	0	0	0	0	0
198464	198464	Hospitalisation	2025	June	Saturday	7	Sideswipe	Multi-Vehicle	153.00887603378	-27.4870384434695	Dornoch Tce	Katrine St	""	West End	Brisbane City	Locally-controlled	No Roadway Feature	No traffic control	"0 - 50 km/h"	Sealed - Dry	Clear	Daylight	Straight	Dip	305	Vehs Same Direction: Lane Side Swipe	"05: Lane Change"	W	0	1	0	0	1	0	0	1	0	1	0	0
198473	198473	Hospitalisation	2025	June	Sunday	16	Angle	Multi-Vehicle	153.054942017586	-27.5759704487974	Fairbank St	Station Rd	""	Sunnybank	Brisbane City	Locally-controlled	Intersection - Cross	Give way sign	"0 - 50 km/h"	Sealed - Wet	Raining	Dawn/Dusk	Straight	Level	101	Vehs Adjacent Approach: Thru-Thru	"01: Intersection: Adjacent Approach"	N	0	1	0	0	1	2	0	0	0	0	0	0
198475	198475	Minor injury	2025	June	Friday	21	Rear-end	Multi-Vehicle	153.042779035397	-27.4453884465435	Breakfast Ck Rd	Edmondstone Rd	""	Newstead	Brisbane City	Locally-controlled	Intersection - Cross	Operating traffic lights	"60 km/h"	Sealed - Dry	Clear	Darkness - Lighted	Straight	Level	301	Vehs Same Direction: Rear End	"04: Rear-end"	S	0	0	0	1	1	3	0	0	0	0	0	0
198614	198614	Medical treatment	2025	February	Friday	13	Angle	Multi-Vehicle	153.026380033149	-27.4771424451478	Pacific Hwy	South East Arterial Rd	South-East Arterial Road (Pacific Motorway)	Brisbane City	Brisbane City	State-controlled	No Roadway Feature	No traffic control	"70 km/h"	Sealed - Dry	Clear	Daylight	Straight	Level	306	Vehs Same Direction: Lane Change Right	"05: Lane Change"	W	0	0	3	0	3	4	0	0	0	0	0	0
198649	198649	Medical treatment	2025	January	Monday	12	Rear-end	Multi-Vehicle	153.030515017471	-27.5977024465151	Learoyd Rd	""	""	Algester	Brisbane City	Locally-controlled	No Roadway Feature	No traffic control	"60 km/h"	Sealed - Dry	Clear	Daylight	Straight	Level	301	Vehs Same Direction: Rear End	"04: Rear-end"	W	0	0	1	2	3	3	0	1	0	0	0	0
198659	198659	Hospitalisation	2025	February	Friday	8	Angle	Multi-Vehicle	153.071561021694	-27.5293744501002	Logan Rd	Nursery Rd	""	Holland Park West	Brisbane City	Locally-controlled	Intersection - Cross	Operating traffic lights	"60 km/h"	Sealed - Dry	Clear	Daylight	Straight	Crest	101	Vehs Adjacent Approach: Thru-Thru	"01: Intersection: Adjacent Approach"	W	0	1	1	0	2	2	0	0	0	0	0	0
198661	198661	Medical treatment	2025	January	Sunday	14	Angle	Multi-Vehicle	153.031816048725	-27.3489674446794	Beams Rd	Carselgrove Ave	""	Fitzgibbon	Brisbane City	Locally-controlled	Intersection - Cross	Operating traffic lights	"0 - 50 km/h"	Sealed - Dry	Clear	Daylight	Straight	Level	202	Vehs Opposite Approach: Thru-Right	"03: Opposing Vehicles Turning"	W	0	0	1	0	1	2	0	0	0	0	0	0
198664	198664	Hospitalisation	2025	April	Saturday	4	Angle	Multi-Vehicle	153.032418031384	-27.4859864458239	Leopard St	South East Arterial Rd	South-East Arterial Road (Pacific Motorway)	Woolloongabba	Brisbane City	State-controlled	Intersection - Cross	Operating traffic lights	"60 km/h"	Sealed - Dry	Clear	Darkness - Lighted	Straight	Grade	101	Vehs Adjacent Approach: Thru-Thru	"01: Intersection: Adjacent Approach"	S	0	1	0	0	1	2	0	0	0	0	0	0
198666	198666	Hospitalisation	2025	April	Saturday	7	Head-on	Multi-Vehicle	153.004046034326	-27.4868214429833	Hoogley St	""	""	West End	Brisbane City	Locally-controlled	No Roadway Feature	No traffic control	"0 - 50 km/h"	Sealed - Dry	Clear	Daylight	Straight	Grade	201	Vehs Opposite Approach: Head On	"02: Head-on"	S	0	1	0	0	1	1	0	0	0	1	0	0
198672	198672	Hospitalisation	2025	April	Sunday	18	Hit parked vehicle	Single Vehicle	153.16576202087	-27.4560704590113	Wondall Rd	""	""	Wynnum West	Brisbane City	Locally-controlled	No Roadway Feature	No traffic control	"0 - 50 km/h"	Sealed - Dry	Clear	Darkness - Lighted	Straight	Grade	601	Vehs On Path: Parked	"10: Hit Parked Vehicle"	S	0	1	0	0	1	2	0	0	0	0	0	0
198677	198677	Medical treatment	2025	January	Thursday	7	Rear-end	Multi-Vehicle	153.026257024698	-27.5441754456651	Evans Rd	Standish St	""	Salisbury	Brisbane City	Locally-controlled	Intersection - T-Junction	No traffic control	"0 - 50 km/h"	Sealed - Dry	Clear	Daylight	Straight	Level	302	Vehs Same Direction: Left Rear	"04: Rear-end"	E	0	0	1	0	1	1	1	0	0	0	0	0
198691	198691	Hospitalisation	2025	June	Saturday	10	Angle	Multi-Vehicle	153.060386037192	-27.416227448082	Franz Rd	Junction Rd	""	Clayfield	Brisbane City	Locally-controlled	Intersection - Cross	Give way sign	"60 km/h"	Sealed - Dry	Clear	Daylight	Straight	Level	101	Vehs Adjacent Approach: Thru-Thru	"01: Intersection: Adjacent Approach"	N	0	1	0	0	1	2	0	0	0	0	0	0
198692	198692	Hospitalisation	2025	June	Saturday	11	Angle	Multi-Vehicle	152.980243045749	-27.4164014400402	Prospect Rd	Samford Rd	Samford Sub-Arterial Road	Gaythorne	Brisbane City	State-controlled	Intersection - Cross	Operating traffic lights	"60 km/h"	Sealed - Dry	Clear	Daylight	Straight	Level	202	Vehs Opposite Approach: Thru-Right	"03: Opposing Vehicles Turning"	W	0	1	0	0	1	2	0	0	0	0	0	0
198693	198693	Hospitalisation	2025	June	Tuesday	12	Angle	Multi-Vehicle	153.018869032612	-27.4877894444781	Dornoch Tce	Gladstone Rd	""	Highgate Hill	Brisbane City	Locally-controlled	Intersection - T-Junction	Operating traffic lights	"0 - 50 km/h"	Sealed - Dry	Clear	Daylight	Curved - view open	Crest	104	Vehs Adjacent Approach: Thru-Right	"01: Intersection: Adjacent Approach"	N	0	4	0	0	4	2	0	1	0	0	0	0
198699	198699	Medical treatment	2025	June	Wednesday	20	Sideswipe	Multi-Vehicle	153.077617040891	-27.3723244494671	Macoma St	Purchase St	""	Banyo	Brisbane City	Locally-controlled	Intersection - Cross	Give way sign	"0 - 50 km/h"	Sealed - Dry	Clear	Darkness - Lighted	Straight	Level	101	Vehs Adjacent Approach: Thru-Thru	"01: Intersection: Adjacent Approach"	W	0	0	1	0	1	2	0	0	0	0	0	0
198705	198705	Minor injury	2025	June	Thursday	0	Sideswipe	Multi-Vehicle	153.039104029173	-27.4978104465888	Pacific Mtwy Off Ramp	""	South-East Arterial Road (Pacific Motorway)	Woolloongabba	Brisbane City	State-controlled	No Roadway Feature	No traffic control	"80 - 90 km/h"	Sealed - Dry	Clear	Daylight	Straight	Level	306	Vehs Same Direction: Lane Change Right	"05: Lane Change"	W	0	0	0	1	1	2	0	0	0	0	0	1
198711	198711	Minor injury	2025	June	Thursday	7	Rear-end	Multi-Vehicle	152.922706052862	-27.4088314342213	Mcalroy Rd	Upper Kedron Rd	""	Ferny Grove	Brisbane City	Locally-controlled	Intersection - T-Junction	Give way sign	"60 km/h"	Sealed - Dry	Clear	Daylight	Straight	Level	303	Vehs Same Direction: Right Rear	"04: Rear-end"	W	0	0	0	1	1	2	0	0	0	0	0	0
198778	198778	Hospitalisation	2025	June	Thursday	18	Angle	Multi-Vehicle	153.054239024309	-27.5234244483118	Birdwood Rd	Pacific Hwy	""	Tarragindi	Brisbane City	Locally-controlled	Intersection - Interchange	No traffic control	"0 - 50 km/h"	Sealed - Dry	Clear	Darkness - Lighted	Straight	Level	301	Vehs Same Direction: Rear End	"04: Rear-end"	N	0	1	0	0	1	2	0	0	0	0	0	0
198776	198776	Hospitalisation	2025	June	Monday	9	Rear-end	Multi-Vehicle	153.116774024513	-27.4687464541718	Gateway Art Rd Ramp R	Gateway Arterial Rd	Gateway Motorway (Eight Mile Plains - Nudgee)	Tingalpa	Brisbane City	State-controlled	Intersection - Interchange	No traffic control	"100 - 110 km/h"	Sealed - Dry	Clear	Daylight	Curved - view open	Level	301	Vehs Same Direction: Rear End	"04: Rear-end"	N	0	1	3	2	6	3	0	3	0	0	0	0
198781	198781	Minor injury	2025	June	Friday	8	Angle	Multi-Vehicle	153.011306034299	-27.4808524436644	Thomas St	Vulture St	""	West End	Brisbane City	Locally-controlled	Intersection - Cross	Give way sign	"60 km/h"	Sealed - Dry	Clear	Daylight	Straight	Level	101	Vehs Adjacent Approach: Thru-Thru	"01: Intersection: Adjacent Approach"	S	0	0	0	1	1	1	0	0	0	1	0	0
198784	198784	Minor injury	2025	June	Thursday	19	Rear-end	Multi-Vehicle	153.066109016868	-27.5721384498897	Mccullough St	Sunny Park Shopping Centre Accs	""	Sunnybank	Brisbane City	Locally-controlled	Intersection - Cross	Operating traffic lights	"60 km/h"	Sealed - Dry	Clear	Darkness - Lighted	Straight	Level	303	Vehs Same Direction: Right Rear	"04: Rear-end"	S	0	0	0	2	2	2	0	0	0	0	0	0
198798	198798	Medical treatment	2025	March	Wednesday	6	Rear-end	Multi-Vehicle	153.066817019554	-27.5503194497886	Pacific Hwy	""	South-East Arterial Road (Pacific Motorway)	Upper Mount Gravatt	Brisbane City	State-controlled	No Roadway Feature	No traffic control	"100 - 110 km/h"	Sealed - Dry	Clear	Daylight	Straight	Level	301	Vehs Same Direction: Rear End	"04: Rear-end"	W	0	0	1	0	1	2	0	0	0	0	0	0
198799	198799	Minor injury	2025	March	Thursday	9	Sideswipe	Multi-Vehicle	153.125880019795	-27.4982784553228	Gateway Arterial Rd	""	Gateway Motorway (Eight Mile Plains - Nudgee)	Belmont	Brisbane City	State-controlled	No Roadway Feature	No traffic control	"100 - 110 km/h"	Sealed - Wet	Raining	Daylight	Curved - view open	Level	305	Vehs Same Direction: Lane Side Swipe	"05: Lane Change"	N	0	0	0	1	1	1	0	1	0	0	0	0
198803	198803	Hospitalisation	2025	March	Sunday	1	Angle	Multi-Vehicle	153.037840034914	-27.4534104461109	Brookes St	Wickham St	""	Fortitude Valley	Brisbane City	Locally-controlled	Intersection - Cross	Operating traffic lights	"60 km/h"	Sealed - Dry	Clear	Darkness - Lighted	Straight	Level	101	Vehs Adjacent Approach: Thru-Thru	"01: Intersection: Adjacent Approach"	N	0	4	0	0	4	2	0	0	0	0	0	0
198805	198805	Medical treatment	2025	March	Friday	18	Rear-end	Multi-Vehicle	153.030942029395	-27.5029954458101	Annerley Rd	Wilkins St E	""	Annerley	Brisbane City	Locally-controlled	Intersection - T-Junction	No traffic control	"60 km/h"	Sealed - Dry	Clear	Darkness - Lighted	Curved - view open	Level	301	Vehs Same Direction: Rear End	"04: Rear-end"	W	0	0	2	0	2	2	0	0	0	0	0	0
198807	198807	Minor injury	2025	March	Thursday	10	Rear-end	Multi-Vehicle	153.027265024557	-27.5444264457683	Assembly St	Evans Rd	""	Salisbury	Brisbane City	Locally-controlled	Intersection - T-Junction	No traffic control	"60 km/h"	Sealed - Wet	Clear	Daylight	Straight	Level	301	Vehs Same Direction: Rear End	"04: Rear-end"	E	0	0	0	1	1	2	0	0	0	0	0	0
198809	198809	Medical treatment	2025	March	Thursday	9	Angle	Multi-Vehicle	153.027447031215	-27.4915574453689	Annerley Rd	Park Rd	""	Woolloongabba	Brisbane City	Locally-controlled	Intersection - T-Junction	Operating traffic lights	"60 km/h"	Sealed - Wet	Raining	Daylight	Curved - view open	Level	104	Vehs Adjacent Approach: Thru-Right	"01: Intersection: Adjacent Approach"	S	0	0	1	0	1	2	0	0	0	0	0	0
198822	198822	Medical treatment	2025	February	Friday	7	Angle	Multi-Vehicle	153.011905051437	-27.344292442644	Gympie Rd	""	Gympie Arterial Road	Carseldine	Brisbane City	State-controlled	No Roadway Feature	No traffic control	"80 - 90 km/h"	Sealed - Dry	Clear	Daylight	Straight	Level	307	Vehs Same Direction: Lane Change Left	"05: Lane Change"	N	0	0	1	0	1	1	0	1	0	0	0	0
198829	198829	Hospitalisation	2025	May	Friday	13	Sideswipe	Multi-Vehicle	152.946386028507	-27.5822134379598	Bakery Rd	Boundary Rd	""	Darra	Brisbane City	Locally-controlled	Intersection - T-Junction	Give way sign	"60 km/h"	Sealed - Dry	Clear	Daylight	Straight	Level	302	Vehs Same Direction: Left Rear	"04: Rear-end"	N	0	1	0	1	2	2	0	0	0	0	0	0
198837	198837	Medical treatment	2025	April	Wednesday	7	Rear-end	Multi-Vehicle	153.001386043617	-27.4153574421514	Shand St	""	""	Stafford	Brisbane City	Locally-controlled	Bridge/Causeway	No traffic control	"60 km/h"	Sealed - Wet	Raining	Daylight	Curved - view open	Level	301	Vehs Same Direction: Rear End	"04: Rear-end"	S	0	0	1	0	1	2	0	0	0	0	0	0
198838	198838	Hospitalisation	2025	March	Saturday	9	Fall from vehicle	Single Vehicle	153.094468040474	-27.3613784510759	Gateway Arterial Rd	""	Gateway Arterial Road (Gateway Motorway - North)	Nudgee Beach	Brisbane City	State-controlled	No Roadway Feature	No traffic control	"100 - 110 km/h"	Sealed - Dry	Clear	Daylight	Straight	Level	705	Off Path-Straight: Out Of Control On Cway	"17: Out of Control on Straight"	N	0	1	0	0	1	0	1	0	0	0	0	0
198843	198843	Hospitalisation	2025	May	Monday	14	Angle	Multi-Vehicle	153.06656633693	-27.4051459346156	Hedley Ave	""	""	Nundah	Brisbane City	Locally-controlled	No Roadway Feature	No traffic control	"0 - 50 km/h"	Sealed - Wet	Raining	Daylight	Straight	Level	408	Vehs Manoeuvring: Entering From Footway	"08: Vehicle Leaving Driveway"	""	0	1	0	0	1	1	0	0	0	1	0	0
198846	198846	Hospitalisation	2025	May	Monday	21	Hit object	Single Vehicle	152.93649503384	-27.5483494367028	Arrabri Ave	Dandenong Rd	""	Mount Ommaney	Brisbane City	Locally-controlled	Intersection - T-Junction	Operating traffic lights	"60 km/h"	Sealed - Wet	Clear	Darkness - Lighted	Curved - view open	Dip	808	Off Path-Curve: Mounts Traffic Island	"19: Off Carriageway on Curve Hit Object"	N	0	1	0	0	1	1	0	0	0	0	0	0
198853	198853	Hospitalisation	2025	May	Thursday	6	Head-on	Multi-Vehicle	153.124751009226	-27.5825624558749	Rochedale Rd	""	""	Rochedale	Brisbane City	Locally-controlled	No Roadway Feature	No traffic control	"60 km/h"	Sealed - Dry	Clear	Darkness - Not lighted	Straight	Level	201	Vehs Opposite Approach: Head On	"02: Head-on"	S	0	1	0	0	1	2	1	0	0	0	0	0
198856	198856	Medical treatment	2025	May	Wednesday	20	Rear-end	Multi-Vehicle	153.066071033736	-27.438783448832	Kingsford Smith Dr	""	""	Hamilton	Brisbane City	Locally-controlled	Intersection - Cross	Operating traffic lights	"60 km/h"	Sealed - Dry	Clear	Darkness - Lighted	Straight	Level	301	Vehs Same Direction: Rear End	"04: Rear-end"	N	0	0	1	0	1	2	0	0	0	0	0	0
198863	198863	Minor injury	2025	May	Thursday	2	Angle	Multi-Vehicle	153.026635018938	-27.5894154460602	Elizabeth St	Mitchell St	""	Acacia Ridge	Brisbane City	Locally-controlled	Intersection - Cross	Give way sign	"60 km/h"	Sealed - Dry	Clear	Darkness - Lighted	Straight	Level	104	Vehs Adjacent Approach: Thru-Right	"01: Intersection: Adjacent Approach"	W	0	0	0	1	1	2	0	0	0	0	0	0
198877	198877	Medical treatment	2025	April	Friday	16	Angle	Multi-Vehicle	153.008096043784	-27.4083264427688	Appleby Rd	Teevan St	East-West Arterial Road	Stafford	Brisbane City	State-controlled	Intersection - T-Junction	Give way sign	"60 km/h"	Sealed - Dry	Clear	Daylight	Straight	Level	103	Vehs Adjacent Approach: Left-Thru	"01: Intersection: Adjacent Approach"	E	0	0	2	1	3	4	0	0	0	0	0	0
198892	198892	Medical treatment	2025	May	Friday	19	Hit object	Single Vehicle	153.031438047154	-27.3617554447427	Cresfield St	""	""	Zillmere	Brisbane City	Locally-controlled	No Roadway Feature	No traffic control	"0 - 50 km/h"	Sealed - Wet	Raining	Darkness - Lighted	Curved - view open	Level	804	Off Path-Curve: Off Cway Lt Bend Hit Obj	"19: Off Carriageway on Curve Hit Object"	S	0	0	1	0	1	1	0	0	0	0	0	0
198894	198894	Hospitalisation	2025	May	Wednesday	12	Fall from vehicle	Single Vehicle	153.041023021706	-27.5552654472354	Orange Grove Rd	""	""	Salisbury	Brisbane City	Locally-controlled	No Roadway Feature	No traffic control	"60 km/h"	Sealed - Dry	Clear	Daylight	Straight	Crest	900	Pass & Misc: Other	"21: Other"	""	0	1	0	0	1	1	1	0	0	0	0	0
198896	198896	Hospitalisation	2025	May	Wednesday	14	Overturned	Single Vehicle	153.068536019175	-27.5518464499735	Pacific Hwy	""	South-East Arterial Road (Pacific Motorway)	Upper Mount Gravatt	Brisbane City	State-controlled	No Roadway Feature	No traffic control	"100 - 110 km/h"	Sealed - Dry	Clear	Daylight	Straight	Level	701	Off Path-Straight: Left Off Cway	"15: Off Carriageway on Straight"	E	0	2	0	0	2	1	0	0	0	0	0	0
198897	198897	Hospitalisation	2025	May	Wednesday	15	Fall from vehicle	Single Vehicle	153.050532035245	-27.4400084472798	Kingsford Smith Dr	""	""	Hamilton	Brisbane City	Locally-controlled	Bikeway	No traffic control	"0 - 50 km/h"	Sealed - Dry	Clear	Daylight	Curved - view open	Level	400	Vehs Manoeuvring: Other	"21: Other"	""	0	1	0	0	1	0	0	0	0	1	0	1
198904	198904	Hospitalisation	2025	May	Thursday	11	Fall from vehicle	Single Vehicle	152.996553035989	-27.480014442178	Land St	Patrick La	""	Toowong	Brisbane City	Locally-controlled	Intersection - Cross	Operating traffic lights	"0 - 50 km/h"	Sealed - Dry	Clear	Daylight	Curved - view open	Level	408	Vehs Manoeuvring: Entering From Footway	"08: Vehicle Leaving Driveway"	""	0	1	0	0	1	1	0	0	0	1	0	0
198905	198905	Minor injury	2025	May	Wednesday	12	Sideswipe	Multi-Vehicle	153.107115027245	-27.4553414530929	Gateway Arterial Rd	Lytton Rd	Port Of Brisbane Road	Murarrie	Brisbane City	State-controlled	Intersection - Interchange	Operating traffic lights	"60 km/h"	Sealed - Dry	Clear	Dawn/Dusk	Curved - view open	Level	104	Vehs Adjacent Approach: Thru-Right	"01: Intersection: Adjacent Approach"	S	0	0	0	1	1	2	0	0	0	0	0	0
198906	198906	Minor injury	2025	May	Thursday	10	Rear-end	Multi-Vehicle	153.079223017911	-27.5527404510554	Klumpp Rd	""	""	Upper Mount Gravatt	Brisbane City	Locally-controlled	No Roadway Feature	No traffic control	"60 km/h"	Sealed - Dry	Clear	Daylight	Straight	Grade	301	Vehs Same Direction: Rear End	"04: Rear-end"	E	0	0	0	1	1	2	0	0	0	0	0	0
198909	198909	Medical treatment	2025	June	Thursday	17	Fall from vehicle	Single Vehicle	153.031822034347	-27.4630164455825	Adelaide St	""	""	Brisbane City	Brisbane City	Locally-controlled	No Roadway Feature	No traffic control	"0 - 50 km/h"	Sealed - Dry	Clear	Darkness - Lighted	Straight	Level	900	Pass & Misc: Other	"21: Other"	S	0	0	1	0	1	0	0	0	1	0	0	0
198941	198941	Hospitalisation	2025	May	Tuesday	6	Rear-end	Multi-Vehicle	153.04468002637	-27.5152554472868	Pacific Hwy	""	South-East Arterial Road (Pacific Motorway)	Greenslopes	Brisbane City	State-controlled	No Roadway Feature	No traffic control	"80 - 90 km/h"	Sealed - Dry	Clear	Daylight	Straight	Level	301	Vehs Same Direction: Rear End	"04: Rear-end"	W	0	1	0	0	1	3	0	0	0	0	0	0
198964	198964	Hospitalisation	2025	April	Saturday	11	Fall from vehicle	Single Vehicle	153.154571019607	-27.4754854580356	Hargreaves Rd	Manly Rd	""	Manly West	Brisbane City	Locally-controlled	Intersection - T-Junction	Operating traffic lights	"70 km/h"	Sealed - Dry	Clear	Daylight	Straight	Level	301	Vehs Same Direction: Rear End	"04: Rear-end"	E	0	1	0	0	1	1	1	0	0	0	0	0
198965	198965	Medical treatment	2025	April	Wednesday	16	Angle	Multi-Vehicle	153.015201028712	-27.5218134443788	Cardross St	Wilkie St	""	Yeerongpilly	Brisbane City	Locally-controlled	Intersection - T-Junction	Give way sign	"0 - 50 km/h"	Sealed - Wet	Raining	Dawn/Dusk	Straight	Level	102	Vehs Adjacent Approach: Right-Thru	"01: Intersection: Adjacent Approach"	N	0	0	1	0	1	2	0	0	0	0	0	0
198971	198971	Hospitalisation	2025	April	Monday	10	Angle	Multi-Vehicle	153.021818205779	-27.4681018406184	Turbot St	""	""	Brisbane City	Brisbane City	Locally-controlled	No Roadway Feature	No traffic control	"0 - 50 km/h"	Sealed - Dry	Clear	Daylight	Straight	Grade	400	Vehs Manoeuvring: Other	"21: Other"	N	0	1	0	0	1	1	0	0	0	0	0	1
198975	198975	Minor injury	2025	April	Monday	15	Rear-end	Multi-Vehicle	153.030896022393	-27.5584544462436	Riawena Rd	""	Griffith Arterial Road	Salisbury	Brisbane City	State-controlled	No Roadway Feature	No traffic control	"70 km/h"	Sealed - Dry	Clear	Daylight	Straight	Level	301	Vehs Same Direction: Rear End	"04: Rear-end"	W	0	0	0	2	2	3	0	0	0	0	0	0
199102	199102	Medical treatment	2025	April	Wednesday	13	Hit parked vehicle	Single Vehicle	153.102411028833	-27.4467724525515	Gateway Arterial Rd	""	Gateway Motorway (Eight Mile Plains - Nudgee)	Murarrie	Brisbane City	State-controlled	Bridge/Causeway	No traffic control	"80 - 90 km/h"	Sealed - Dry	Clear	Daylight	Straight	Level	608	Vehs On Path: Accident Or Broken Down	"10: Hit Parked Vehicle"	S	0	0	1	0	1	2	0	0	0	0	0	0
199104	199104	Hospitalisation	2025	March	Wednesday	10	Angle	Multi-Vehicle	153.039690039086	-27.4187744460227	Inwood St	Kedron Park Rd	""	Wooloowin	Brisbane City	Locally-controlled	Intersection - Cross	Flashing amber lights	"60 km/h"	Sealed - Dry	Clear	Daylight	Straight	Level	101	Vehs Adjacent Approach: Thru-Thru	"01: Intersection: Adjacent Approach"	N	0	1	0	0	1	2	0	0	0	0	0	0
199106	199106	Hospitalisation	2025	March	Friday	9	Rear-end	Multi-Vehicle	153.078156010373	-27.6131424514248	Compton Rd	Persse Rd	Gateway Extension Motorway (Drewvale - Eight Mile Plains)	Runcorn	Brisbane City	State-controlled	Intersection - Cross	Operating traffic lights	"70 km/h"	Sealed - Wet	Raining	Daylight	Straight	Grade	301	Vehs Same Direction: Rear End	"04: Rear-end"	E	0	1	0	0	1	2	0	0	0	0	0	0
199107	199107	Medical treatment	2025	March	Wednesday	13	Rear-end	Multi-Vehicle	153.008368053477	-27.3310744421844	Gympie Rd	Linkfield Rd	Linkfield Connection Road	Bald Hills	Brisbane City	State-controlled	Intersection - T-Junction	Give way sign	"60 km/h"	Sealed - Dry	Clear	Daylight	Curved - view open	Level	302	Vehs Same Direction: Left Rear	"04: Rear-end"	N	0	0	1	0	1	2	0	0	0	0	0	0
199114	199114	Hospitalisation	2025	April	Saturday	9	Rear-end	Multi-Vehicle	153.006233021491	-27.5866324439909	Sherbrooke Rd	""	""	Willawong	Brisbane City	Locally-controlled	Intersection - T-Junction	No traffic control	"60 km/h"	Sealed - Wet	Clear	Daylight	Straight	Level	301	Vehs Same Direction: Rear End	"04: Rear-end"	N	0	1	0	0	1	2	0	0	0	0	0	0
199116	199116	Hospitalisation	2025	April	Saturday	10	Angle	Multi-Vehicle	152.977893040573	-27.4595294401458	Chiswick Rd	Simpsons Rd	""	Bardon	Brisbane City	Locally-controlled	Intersection - T-Junction	Give way sign	"0 - 50 km/h"	Sealed - Wet	Clear	Daylight	Curved - view open	Dip	104	Vehs Adjacent Approach: Thru-Right	"01: Intersection: Adjacent Approach"	W	0	1	0	0	1	1	1	0	0	0	0	0
199124	199124	Medical treatment	2025	April	Saturday	9	Sideswipe	Multi-Vehicle	152.996115036865	-27.4734324420821	Milton Rd	""	""	Auchenflower	Brisbane City	Locally-controlled	No Roadway Feature	No traffic control	"60 km/h"	Sealed - Dry	Clear	Daylight	Straight	Level	307	Vehs Same Direction: Lane Change Left	"05: Lane Change"	N	0	0	1	0	1	3	0	0	0	0	0	0
199126	199126	Minor injury	2025	April	Monday	7	Angle	Multi-Vehicle	153.089898014591	-27.5698764522648	Pacific Hwy	""	South-East Arterial Road (Pacific Motorway)	Eight Mile Plains	Brisbane City	State-controlled	Bridge/Causeway	No traffic control	"100 - 110 km/h"	Sealed - Dry	Clear	Daylight	Straight	Level	307	Vehs Same Direction: Lane Change Left	"05: Lane Change"	W	0	0	0	1	1	1	0	1	0	0	0	0
199136	199136	Hospitalisation	2025	April	Sunday	11	Angle	Multi-Vehicle	153.093508019086	-27.5313254523236	Cavendish Rd	""	""	Mount Gravatt East	Brisbane City	Locally-controlled	No Roadway Feature	No traffic control	"60 km/h"	Sealed - Dry	Clear	Daylight	Straight	Level	406	Vehs Manoeuvring: Leaving Driveway	"08: Vehicle Leaving Driveway"	W	0	1	0	0	1	3	0	0	0	0	0	0
199138	199138	Hospitalisation	2025	April	Sunday	11	Angle	Multi-Vehicle	153.019097033478	-27.4807324444452	Cordelia St	Ernest St	""	South Brisbane	Brisbane City	Locally-controlled	Intersection - Cross	Operating traffic lights	"0 - 50 km/h"	Sealed - Dry	Clear	Daylight	Curved - view obscured	Grade	101	Vehs Adjacent Approach: Thru-Thru	"01: Intersection: Adjacent Approach"	""	0	1	1	0	2	3	0	0	0	0	0	0
199142	199142	Hospitalisation	2025	April	Monday	6	Angle	Multi-Vehicle	152.978624047856	-27.4010294397563	Pullen Rd	""	""	Everton Park	Brisbane City	Locally-controlled	No Roadway Feature	No traffic control	"60 km/h"	Sealed - Dry	Clear	Daylight	Curved - view open	Grade	804	Off Path-Curve: Off Cway Lt Bend Hit Obj	"19: Off Carriageway on Curve Hit Object"	W	0	1	0	0	1	1	0	0	0	0	0	0
199146	199146	Hospitalisation	2025	February	Sunday	19	Hit parked vehicle	Single Vehicle	153.091946022372	-27.5067004519718	Kildare St	""	""	Carina Heights	Brisbane City	Locally-controlled	No Roadway Feature	No traffic control	"0 - 50 km/h"	Sealed - Dry	Clear	Darkness - Lighted	Straight	Crest	601	Vehs On Path: Parked	"10: Hit Parked Vehicle"	E	0	1	0	0	1	3	0	0	0	0	0	0
199148	199148	Minor injury	2025	February	Wednesday	15	Angle	Multi-Vehicle	153.012828013896	-27.641073445082	Logan Mwy	Paradise Rd	""	Larapinta	Brisbane City	Locally-controlled	Intersection - Interchange	Operating traffic lights	"60 km/h"	Sealed - Dry	Clear	Daylight	Straight	Level	202	Vehs Opposite Approach: Thru-Right	"03: Opposing Vehicles Turning"	E	0	0	0	2	2	2	0	0	0	0	0	0
199156	199156	Minor injury	2025	March	Sunday	14	Angle	Multi-Vehicle	152.963945024885	-27.5959034398256	Poinciana St	Punica St	""	Inala	Brisbane City	Locally-controlled	Intersection - Cross	Give way sign	"0 - 50 km/h"	Sealed - Wet	Raining	Daylight	Straight	Level	101	Vehs Adjacent Approach: Thru-Thru	"01: Intersection: Adjacent Approach"	E	0	0	0	1	1	2	0	0	0	0	0	0
199159	199159	Minor injury	2025	March	Monday	6	Angle	Multi-Vehicle	152.989306041067	-27.4458854411817	Jubilee Tce	Waterworks Rd	Western Arterial Road (Toowong - Everton Park)	Ashgrove	Brisbane City	State-controlled	Intersection - Cross	No traffic control	"60 km/h"	Sealed - Wet	Raining	Daylight	Straight	Level	101	Vehs Adjacent Approach: Thru-Thru	"01: Intersection: Adjacent Approach"	E	0	0	0	1	1	2	0	0	0	0	0	0
199166	199166	Hospitalisation	2025	March	Tuesday	8	Angle	Multi-Vehicle	153.07226303978	-27.3856624490342	Earnshaw Rd	""	""	Northgate	Brisbane City	Locally-controlled	No Roadway Feature	No traffic control	"0 - 50 km/h"	Sealed - Dry	Clear	Daylight	Straight	Level	406	Vehs Manoeuvring: Leaving Driveway	"08: Vehicle Leaving Driveway"	N	0	1	0	1	2	2	0	0	0	0	0	0
199169	199169	Medical treatment	2025	March	Tuesday	13	Angle	Multi-Vehicle	153.014456051255	-27.3435834428943	Lacey Rd	Macaranga Cres	""	Carseldine	Brisbane City	Locally-controlled	Intersection - T-Junction	Give way sign	"70 km/h"	Sealed - Dry	Clear	Daylight	Straight	Level	104	Vehs Adjacent Approach: Thru-Right	"01: Intersection: Adjacent Approach"	N	0	0	1	0	1	2	0	0	0	0	0	0
199172	199172	Minor injury	2025	March	Saturday	17	Head-on	Multi-Vehicle	153.029775015364	-27.6149934465772	Ridgewood Rd	Silkwood St	""	Algester	Brisbane City	Locally-controlled	Intersection - T-Junction	No traffic control	"60 km/h"	Sealed - Dry	Clear	Daylight	Curved - view open	Level	201	Vehs Opposite Approach: Head On	"02: Head-on"	S	0	0	0	1	1	3	0	0	0	0	0	0
199183	199183	Hospitalisation	2025	January	Saturday	9	Rear-end	Multi-Vehicle	153.084692021863	-27.5168824513223	Bassett St	Pine Mountain Rd	""	Mount Gravatt East	Brisbane City	Locally-controlled	Intersection - Roundabout	No traffic control	"60 km/h"	Sealed - Dry	Clear	Daylight	Curved - view open	Dip	304	Vehs Same Direction: U-Turn	"07: U-turn"	E	0	1	0	0	1	1	0	0	0	0	0	1
199184	199184	Medical treatment	2025	March	Monday	19	Hit parked vehicle	Single Vehicle	153.072007029244	-27.4692934496702	Key St	""	""	Morningside	Brisbane City	Locally-controlled	No Roadway Feature	No traffic control	"0 - 50 km/h"	Sealed - Dry	Clear	Darkness - Lighted	Straight	Grade	601	Vehs On Path: Parked	"10: Hit Parked Vehicle"	N	0	0	1	1	2	4	0	0	0	0	0	0
199185	199185	Hospitalisation	2025	March	Sunday	5	Angle	Multi-Vehicle	153.044886010773	-27.6383574482792	Beaudesert Rd	Illaweena St	Mount Lindesay Arterial Road	Calamvale	Brisbane City	State-controlled	Intersection - Cross	Operating traffic lights	"70 km/h"	Sealed - Dry	Clear	Daylight	Straight	Level	202	Vehs Opposite Approach: Thru-Right	"03: Opposing Vehicles Turning"	S	0	1	1	0	2	2	0	0	0	0	0	0
199186	199186	Hospitalisation	2025	April	Tuesday	21	Head-on	Multi-Vehicle	152.943323025404	-27.6094564378681	Centenary Hwy	""	""	Forest Lake	Brisbane City	Locally-controlled	Bikeway	No traffic control	"0 - 50 km/h"	Sealed - Dry	Clear	Darkness - Lighted	Curved - view open	Level	400	Vehs Manoeuvring: Other	"21: Other"	S	0	3	0	0	3	0	2	0	0	0	0	0
199187	199187	Hospitalisation	2025	April	Tuesday	8	Hit object	Single Vehicle	152.9114060355	-27.5566544342598	Tigris St	""	""	Riverhills	Brisbane City	Locally-controlled	No Roadway Feature	No traffic control	"60 km/h"	Sealed - Dry	Clear	Daylight	Straight	Level	704	Off Path-Straight: Right Off Cway Hit Obj	"16: Off Carriageway on Straight Hit Object"	N	0	1	0	0	1	1	0	0	0	0	0	0
199251	199251	Medical treatment	2025	March	Wednesday	15	Angle	Multi-Vehicle	153.140706021039	-27.4759124566405	Manly Rd	New Cleveland Rd	""	Tingalpa	Brisbane City	Locally-controlled	Intersection - T-Junction	Operating traffic lights	"60 km/h"	Sealed - Wet	Raining	Daylight	Straight	Level	104	Vehs Adjacent Approach: Thru-Right	"01: Intersection: Adjacent Approach"	S	0	0	1	0	1	2	0	0	0	0	0	0
199258	199258	Minor injury	2025	February	Wednesday	8	Angle	Multi-Vehicle	153.001278034679	-27.4863754427021	Montague Rd	""	""	West End	Brisbane City	Locally-controlled	No Roadway Feature	No traffic control	"0 - 50 km/h"	Sealed - Dry	Clear	Daylight	Straight	Level	308	Vehs Same Direction: Right Turn S/Swipe	"06: Parallel Lanes Turning"	""	0	0	0	1	1	1	1	0	0	0	0	0
199267	199267	Hospitalisation	2025	March	Saturday	9	Hit object	Single Vehicle	152.924502049418	-27.4347284346057	Mount Nebo Rd	""	""	Enoggera Reservoir	Brisbane City	Locally-controlled	No Roadway Feature	No traffic control	"70 km/h"	Sealed - Dry	Clear	Daylight	Curved - view open	Level	803	Off Path-Curve: Off Cway Rt Bend Hit Obj	"19: Off Carriageway on Curve Hit Object"	E	0	1	0	0	1	0	1	0	0	0	0	0
199273	199273	Hospitalisation	2025	March	Sunday	14	Hit object	Single Vehicle	153.128216026817	-27.4408664551042	Gosport St	""	""	Hemmant	Brisbane City	Locally-controlled	No Roadway Feature	No traffic control	"0 - 50 km/h"	Sealed - Dry	Clear	Daylight	Straight	Level	601	Vehs On Path: Parked	"10: Hit Parked Vehicle"	S	0	1	0	0	1	1	0	0	0	0	0	1
199290	199290	Minor injury	2025	June	Monday	13	Angle	Multi-Vehicle	152.939112038736	-27.5072214366399	Brookfield Rd	Moggill Rd	Moggill Sub-Arterial Road	Kenmore	Brisbane City	State-controlled	Intersection - Roundabout	Give way sign	"0 - 50 km/h"	Sealed - Dry	Clear	Daylight	Straight	Level	101	Vehs Adjacent Approach: Thru-Thru	"01: Intersection: Adjacent Approach"	N	0	0	0	1	1	2	0	0	0	0	0	0
199351	199351	Hospitalisation	2025	March	Thursday	18	Hit pedestrian	Hit pedestrian	153.035622030547	-27.4898894461765	Balaclava St	Ipswich Rd	""	Woolloongabba	Brisbane City	Locally-controlled	Intersection - T-Junction	Operating traffic lights	"60 km/h"	Sealed - Dry	Clear	Darkness - Lighted	Straight	Grade	3	Pedn: Far Side Vehicle Hit From Left	"12: Pedestrian"	N	0	1	0	0	1	1	0	0	0	0	1	0
199352	199352	Minor injury	2025	March	Friday	4	Angle	Multi-Vehicle	153.025554031159	-27.4936134451951	Lochaber St	""	""	Dutton Park	Brisbane City	Locally-controlled	No Roadway Feature	No traffic control	"0 - 50 km/h"	Sealed - Dry	Clear	Darkness - Lighted	Straight	Level	601	Vehs On Path: Parked	"10: Hit Parked Vehicle"	N	0	0	0	1	1	2	0	0	0	0	0	0
199353	199353	Medical treatment	2025	March	Wednesday	23	Fall from vehicle	Single Vehicle	153.035436033003	-27.4705974460053	Main St	Scott St	""	Kangaroo Point	Brisbane City	Locally-controlled	Intersection - T-Junction	Stop sign	"0 - 50 km/h"	Sealed - Dry	Raining	Darkness - Lighted	Straight	Grade	107	Vehs Adjacent Approach: Thru-Left	"01: Intersection: Adjacent Approach"	N	0	0	1	0	1	1	0	0	0	1	0	0
